id,grupo,sigla,universidad,sitio,fecha,cookies_antes_consentir,nombres_cookies,n_nombres_listados,rastreo,rastreo_base,proveedores_rastreo,procedencia_rastreo,banner_estudio,cmp_estudio,pais,region,ciudad,tipo,cmp_verificacion,banner_verificacion,fuente_verificacion,polcookies_estudio,nota_documental
1,Ecuador,EPN,Escuela Politécnica Nacional,https://www.epn.edu.ec,2026-08-14T06:38:17.158Z,3,path | ep_session_id | cf_clearance,3,no,no,,sin coincidencia con ninguna taxonomia,no_detectable,,Ecuador,Ecuador,Quito,Pública,CookieYes,no,verificacion en vivo,yes,"Lineamiento de uso de cookies (PDF, 2025) que cita LOPDP y derechos ARCO; remite a Política de Protección de Datos separada. Sin DPO ni accesibilidad."
2,Ecuador,ESPOL,Escuela Superior Politécnica del Litoral,https://www.espol.edu.ec,2026-08-14T06:38:26.458Z,5,TS014590ac | _ga_2QNGYSJLK4 | _ga | _gid | _gat_gtag_UA_5343888_2,5,yes,yes,Google Analytics,taxonomia base: Google Analytics,yes,CookieYes,Ecuador,Ecuador,Guayaquil,Pública,CookieYes,yes,verificacion en vivo,yes,"Página de protección de datos completa (LOPDP, derechos Cap. III, delegado con correo dedicado). Política de cookies en /es/politica-de-privacidad."
3,Ecuador,ESPOCH,Escuela Superior Politécnica de Chimborazo,https://www.espoch.edu.ec,2026-08-14T06:38:35.630Z,2,cookiesession1 | cookieyes-consent,2,no,no,,sin coincidencia con ninguna taxonomia,yes,CookieYes,Ecuador,Ecuador,Riobamba,Pública,CookieYes,yes,verificacion en vivo,no,El sitio institucional no publica política de privacidad. Solo avisos de cookies en subdominios de apps móviles.
4,Ecuador,ESPAM MFL,Escuela Superior Politécnica Agropecuaria de Manabí Manuel Félix López,https://www.espam.edu.ec,2026-08-14T06:38:43.667Z,0,,0,no,no,,sin coincidencia con ninguna taxonomia,no_detectable,,Ecuador,Ecuador,Calceta,Pública,CookieYes,no,verificacion en vivo,no,Certificado SSL inválido (CERTIFICATE_VERIFY_FAILED). Publica LOTAIP pero ninguna política de privacidad/cookies/accesibilidad.
5,Ecuador,ESPE,Universidad de las Fuerzas Armadas ESPE,https://www.espe.edu.ec,2026-08-14T06:38:53.697Z,81,route | ospSession | __utma | __utmc | __utmz | __utmt | __utmb | _ga_DNYB2YPXC9 | _ga,9,yes,yes,Google Analytics,taxonomia base: Google Analytics,no_detectable,,Ecuador,Ecuador,Sangolquí,Pública,CookieYes,no,verificacion en vivo,no,"Protección de datos con LOPDP, delegado con correo, formulario de derechos, accesibilidad para grupos prioritarios y barra de accesibilidad."
6,Ecuador,UCE,Universidad Central del Ecuador,https://www.uce.edu.ec,2026-08-14T06:39:02.200Z,8,JSESSIONID | COOKIE_SUPPORT | GUEST_LANGUAGE_ID | __utma | __utmc | __utmz | __utmt | __utmb,8,yes,yes,Google Analytics,taxonomia base: Google Analytics,no_detectable,,Ecuador,Ecuador,Quito,Pública,Ninguna,no,verificacion en vivo,no,No se hallaron enlaces de privacidad/cookies en el pie. Portal de Transparencia (LOTAIP) confirmado. No confirmable por este método.
7,Ecuador,UCuenca,Universidad de Cuenca,https://www.ucuenca.edu.ec,2026-08-14T06:39:10.985Z,12,_ga | _ga_23BSZ91CCT | wp-wpml_current_language | pys_session_limit | pys_start_session | pys_first_visit | pysTrafficSource | pys_landing_page | last_pysTrafficSource | last_pys_landing_page | _fbp | pbid,12,yes,yes,Google Analytics | PixelYourSite | Meta,"taxonomia base: Google Analytics, PixelYourSite, Meta",yes,,Ecuador,Ecuador,Cuenca,Pública,Cookiebot | CookieYes,yes,verificacion en vivo,yes,Banner de cookies confirmado (Aceptar/Rechazar) y política de cookies en PDF. Política de protección de datos (Res. 2024) con formato de ejercicio de derechos; sin DPO dedicado.
8,Ecuador,UG,Universidad de Guayaquil,https://www.ug.edu.ec,2026-08-14T06:39:18.968Z,2,pvc_visits[0] | srs_unique_visitor,2,no,no,,sin coincidencia con ninguna taxonomia,no_detectable,,Ecuador,Ecuador,Guayaquil,Pública,CookieYes,yes,verificacion en vivo,no,"Página dedicada cita LOPDP, lista derechos y designa DPO. Política general en PDF (2025). Página /politica-privacidad antigua es genérica."
9,Ecuador,UNL,Universidad Nacional de Loja,https://www.unl.edu.ec,2026-08-14T06:39:26.894Z,2,_ga_HCDKPL9C20 | _ga,2,yes,yes,Google Analytics,taxonomia base: Google Analytics,no_detectable,CookieYes,Ecuador,Ecuador,Loja,Pública,TrustArc | CookieYes,no,verificacion en vivo,no,Solo Transparencia y Rendición de Cuentas en el pie. Sin política institucional de privacidad/datos/cookies.
10,Ecuador,UAE,Universidad Agraria del Ecuador,https://www.uagraria.edu.ec,2026-08-14T06:39:34.357Z,4,_ga | _gid | _gat | _ga_5PM2XSRM63,4,yes,yes,Google Analytics,taxonomia base: Google Analytics,no_detectable,,Ecuador,Ecuador,Guayaquil,Pública,Ninguna,no,verificacion en vivo,no,Pie con Transparencia y Buzón; sin política de privacidad/protección de datos/cookies.
11,Ecuador,UTA,Universidad Técnica de Ambato,https://uta.edu.ec,2026-08-14T06:39:43.161Z,0,,0,no,no,,sin coincidencia con ninguna taxonomia,no_detectable,,Ecuador,Ecuador,Ambato,Pública,CookieYes,no,verificacion en vivo,no,Certificado TLS con cadena incompleta impidió leer home y PDF. Existe documento de protección de datos (2025) pero su contenido no fue verificable.
12,Ecuador,UTB,Universidad Técnica de Babahoyo,https://utb.edu.ec,2026-08-14T06:39:49.562Z,9,_gid | _gat_gtag_UA_68893477_2 | __Secure-YNID | YSC | VISITOR_INFO1_LIVE | VISITOR_PRIVACY_METADATA | __Secure-ROLLOUT_TOKEN | _ga_WNXLYS2MLG | _ga,9,yes,yes,Google Analytics | YouTube,"taxonomia base: Google Analytics, YouTube",no_detectable,,Ecuador,Ecuador,Babahoyo,Pública,TrustArc,no,verificacion en vivo,no,"Política cita LOPDP, lista derechos y designa DPO. La home vía www presenta certificado autofirmado en la cadena."
13,Ecuador,UTC,Universidad Técnica de Cotopaxi,https://www.utc.edu.ec,2026-08-14T06:39:56.657Z,10,dnn_IsMobile | language | .ASPXANONYMOUS | __RequestVerificationToken | __cf_bm | __Secure-YNID | YSC | VISITOR_INFO1_LIVE | VISITOR_PRIVACY_METADATA | __Secure-ROLLOUT_TOKEN,10,yes,yes,YouTube,taxonomia base: YouTube,no_detectable,,Ecuador,Ecuador,Latacunga,Pública,Ninguna,no,verificacion en vivo,yes,Política tipo plantilla genérica: describe cookies pero NO cita LOPDP ni derechos ARCO; único contacto es un Gmail personal.
14,Ecuador,UTMACH,Universidad Técnica de Machala,https://www.utmachala.edu.ec,2026-08-14T06:40:01.775Z,0,,0,no,no,,sin coincidencia con ninguna taxonomia,no_detectable,,Ecuador,Ecuador,Machala,Pública,Ninguna,no,verificacion en vivo,no,"Política de Tratamiento de Datos Personales (PDF, oct-2024): cita LOPDP, detalla derechos, designa DPD y fija plazo de 15 días. Sin cookies ni accesibilidad."
15,Ecuador,UTM,Universidad Técnica de Manabí,https://www.utm.edu.ec,2026-08-14T06:40:10.509Z,2,489c4e03dd158b76f3e726728ac0dc12 | sppb_user_timezone,2,no,no,,sin coincidencia con ninguna taxonomia,no_detectable,,Ecuador,Ecuador,Portoviejo,Pública,CookieYes,no,verificacion en vivo,no,Sin política de privacidad/aviso de tratamiento en el sitio oficial. Ley de Transparencia activa.
16,Ecuador,UTN,Universidad Técnica del Norte,https://www.utn.edu.ec,2026-08-14T06:40:17.863Z,3,_GRECAPTCHA | _ga_SBC1J4DHX0 | _ga,3,yes,yes,Google Analytics,taxonomia base: Google Analytics,no_detectable,,Ecuador,Ecuador,Ibarra,Pública,Ninguna,no,verificacion en vivo,no,"Política cita LOPDP, Decreto 904 y Acuerdo 012-2019 y enumera derechos, pero enmarcada en la app móvil, no en un aviso general del portal."
17,Ecuador,UTEQ,Universidad Técnica Estatal de Quevedo,https://www.uteq.edu.ec,2026-08-14T06:40:24.861Z,3,_ga_WVWWZZ7544 | _ga | _ga_SSTPXREYGZ,3,yes,yes,Google Analytics,taxonomia base: Google Analytics,no_detectable,,Ecuador,Ecuador,Quevedo,Pública,CookieYes,no,verificacion en vivo,no,Aviso de cumplimiento LOPDP aplicado al Sistema de Gestión Académica; no publica documento de política ni derechos/DPO. Aviso adicional en subdominio de facultad.
18,Ecuador,UTELVT,Universidad Técnica Luis Vargas Torres de Esmeraldas,https://www.utelvt.edu.ec,2026-08-14T06:40:35.349Z,0,,0,no,no,,sin coincidencia con ninguna taxonomia,no_detectable,,Ecuador,Ecuador,Esmeraldas,Pública,CookieYes,no,verificacion en vivo,no,Sin banner de cookies ni enlaces de privacidad. Transparencia por años activa.
19,Ecuador,UEB,Universidad Estatal de Bolívar,https://www.ueb.edu.ec,2026-08-14T06:40:44.732Z,2,XSRF-TOKEN | ueb_session,2,no,no,,sin coincidencia con ninguna taxonomia,no_detectable,CookieYes,Ecuador,Ecuador,Guaranda,Pública,CookieYes,no,verificacion en vivo,no,"Existe página 'Política de privacidad' (id=227) no legible por JS. Barra de accesibilidad (monocromático, modo lectura, ajuste de fuente). No confundir con ube.edu.ec."
20,Ecuador,UNESUM,Universidad Estatal del Sur de Manabí,https://unesum.edu.ec,2026-08-14T06:40:52.207Z,1,__cf_bm,1,no,no,,sin coincidencia con ninguna taxonomia,no_detectable,,Ecuador,Ecuador,Jipijapa,Pública,CookieYes,no,verificacion en vivo,no,Solo 'Acuerdo de Uso de Datos Personales' en el subsistema de admisión (certificado SSL falló). El portal principal no expone política.
21,Ecuador,UNEMI,Universidad Estatal de Milagro,https://www.unemi.edu.ec,2026-08-14T06:41:00.997Z,2,_ga | _ga_MQGK6RGL8F,2,yes,yes,Google Analytics,taxonomia base: Google Analytics,no_detectable,,Ecuador,Ecuador,Milagro,Pública,CookieYes,no,verificacion en vivo,yes,"Política cita LOPDP, enumera derechos ARCO y una sección de cookies; sin DPO nominado. Uno de los casos públicos más completos."
22,Ecuador,UEA,Universidad Estatal Amazónica,https://www.uea.edu.ec,2026-08-14T06:41:12.184Z,2,_ga_450T1JQNMR | _ga,2,yes,yes,Google Analytics,taxonomia base: Google Analytics,no_detectable,,Ecuador,Ecuador,Puyo,Pública,CookieYes,no,verificacion en vivo,no,Política en subdominio app.uea.edu.ec: referencia genérica a la ley de 2021 sin nombrar la LOPDP; derechos parciales (sin oposición ni portabilidad); sin DPO.
23,Ecuador,UPSE,Universidad Estatal Península de Santa Elena,https://www.upse.edu.ec,2026-08-14T06:41:21.613Z,2,14e299400af5767870c264ab1b109c33 | sppb_user_timezone,2,no,no,,sin coincidencia con ninguna taxonomia,no_detectable,,Ecuador,Ecuador,La Libertad,Pública,CookieYes,no,verificacion en vivo,no,"El único documento LOPDP corresponde al Instituto de Postgrado, no al portal institucional. Enumera derechos exhaustivos y DPO de postgrado. Plan de Igualdad 2024-2026."
24,Ecuador,ULEAM,Universidad Laica Eloy Alfaro de Manabí,https://www.uleam.edu.ec,2026-08-14T06:41:36.640Z,4,_gid | _gat_gtag_UA_81009815_1 | _ga_12F9F68E6S | _ga,4,yes,yes,Google Analytics,taxonomia base: Google Analytics,no_detectable,,Ecuador,Ecuador,Manta,Pública,Ninguna,no,verificacion en vivo,no,Solo 'Términos y Condiciones' en el portal de admisión; sin política de privacidad/tratamiento institucional. Copyright 2020.
25,Ecuador,UNACH,Universidad Nacional de Chimborazo,https://www.unach.edu.ec,2026-08-14T06:41:46.165Z,5,_gid | _gat_gtag_UA_133447811_1 | _ga_YQBSJ5PHNG | _ga | srs_unique_visitor,5,yes,yes,Google Analytics,taxonomia base: Google Analytics,no_detectable,,Ecuador,Ecuador,Riobamba,Pública,Ninguna,no,verificacion en vivo,no,"Marco de protección de datos más completo del sector público: cita LOPDP con articulado (7.1-7.8), derechos completos, DPO con correos dedicados, controles de accesibilidad y polít"
26,Ecuador,UNAE,Universidad Nacional de Educación,https://unae.edu.ec,2026-08-14T06:41:56.053Z,12,_GRECAPTCHA | _ga_5FWX93M6TG | YSC | VISITOR_INFO1_LIVE | VISITOR_PRIVACY_METADATA | pll_language | _gid | _gat_gtag_UA_154339291_1 | __Secure-YNID | __Secure-ROLLOUT_TOKEN | _ga_R13W2764LB | _ga,12,yes,yes,Google Analytics | YouTube,"taxonomia base: Google Analytics, YouTube",no_detectable,,Ecuador,Ecuador,Azogues,Pública,CookieYes,no,verificacion en vivo,no,Sin política de privacidad/aviso de tratamiento institucional. Transparencia con matrices LOTAIP.
27,Ecuador,UPEC,Universidad Politécnica Estatal del Carchi,https://upec.edu.ec,2026-08-14T06:42:08.590Z,11,PHPSESSID | sbjs_migrations | sbjs_current_add | sbjs_first_add | sbjs_current | sbjs_first | sbjs_udata | sbjs_session | __cf_bm | player | vuid,11,yes,no,Sourcebuster,taxonomia extendida: Sourcebuster,no_detectable,,Ecuador,Ecuador,Tulcán,Pública,CookieYes,no,verificacion en vivo,no,"Único vínculo de protección de datos es un comunicado en imagen (JPG), sin política estructurada ni derechos ARCO. Subdominio de transparencia con fallo TLS."
28,Ecuador,Yachay Tech,Universidad de Investigación de Tecnología Experimental Yachay,https://yachaytech.edu.ec,2026-08-14T06:42:19.188Z,1,lp_session_guest,1,no,no,,sin coincidencia con ninguna taxonomia,no_detectable,,Ecuador,Ecuador,Urcuquí,Pública,CookieYes,no,verificacion en vivo,no,Fallos recurrentes de verificación de certificado TLS. Sin política de privacidad/cookies detectable. Transparencia presente.
29,Ecuador,Ikiam,Universidad Regional Amazónica Ikiam,https://www.ikiam.edu.ec,2026-08-14T06:42:26.985Z,2,_ga_HFS94B3LXM | _ga,2,yes,yes,Google Analytics,taxonomia base: Google Analytics,no_detectable,,Ecuador,Ecuador,Tena,Pública,CookieYes,no,verificacion en vivo,no,Página de protección de datos con correo dedicado y formulario ARCO; sin política de cookies ni enumeración detallada de derechos.
30,Ecuador,UArtes,Universidad de las Artes,https://www.uartes.edu.ec,2026-08-14T06:42:35.525Z,2,_ga_8044E6TKJB | _ga,2,yes,yes,Google Analytics,taxonomia base: Google Analytics,no_detectable,CookieYes,Ecuador,Ecuador,Guayaquil,Pública,CookieYes,no,verificacion en vivo,no,"Política institucional (Res. UA-OCS-RSE-2025-038): cita LOPDP, DPO con correo dedicado, ARCO+ y cinco documentos descargables."
31,Ecuador,Amawtay Wasi,Universidad Intercultural de las Nacionalidades y Pueblos Indígenas Amawtay Wasi,https://uaw.edu.ec,2026-08-14T06:42:42.898Z,2,__cf_ob | cf_clearance,2,no,no,,sin coincidencia con ninguna taxonomia,no_detectable,,Ecuador,Ecuador,Quito,Pública,CookieYes,no,verificacion en vivo,no,Dominio oficial uaw.edu.ec. Pie solo con contacto y redes. Transparencia/LOTAIP presente; sin referencia a LOPDP/datos/accesibilidad.
32,Ecuador,USECIPOL,Universidad de Seguridad Ciudadana y Ciencias Policiales,https://usecipol.edu.ec,2026-08-14T06:42:49.833Z,0,,0,no,no,,sin coincidencia con ninguna taxonomia,no_detectable,,Ecuador,Ecuador,Quito,Pública,Ninguna,no,verificacion en vivo,no,Universidad de reciente creación (2025). Página de protección de datos funciona como portal de solicitudes (formulario de Google); sin política sustantiva ni marco legal citado.
33,Ecuador,IAEN,Instituto de Altos Estudios Nacionales,https://www.iaen.edu.ec,2026-08-14T06:42:58.817Z,6,lp_session_guest | YSC | VISITOR_INFO1_LIVE | VISITOR_PRIVACY_METADATA | __Secure-YNID | __Secure-ROLLOUT_TOKEN,6,yes,yes,YouTube,taxonomia base: YouTube,no_detectable,,Ecuador,Ecuador,Quito,Pública,Ninguna,no,verificacion en vivo,yes,Banner de cookies (GDPR Cookie Compliance) citando la LOPDP. Política de privacidad con derechos del titular; enlace de accesibilidad; falta DPO con correo dedicado.
34,Ecuador,UASB,"Universidad Andina Simón Bolívar, sede Ecuador",https://www.uasb.edu.ec,2026-08-14T06:43:06.971Z,80,pys_session_limit | pys_start_session | pys_first_visit | pysTrafficSource | pys_landing_page | last_pysTrafficSource | last_pys_landing_page | _fbp | _gcl_au | _ga_8G7C03T250 | _ttp | _gid | _gat_gtag_UA_64150728_1 | pbid | _ga_T68NNTWDMD | _ga | _twpid | guest_id_marketing | guest_id_ads | personalization_id | guest_id | __cf_bm | _tt_enable_cookie | _ttp | muc_ads | __cf_bm | ttcsid | ttcsid_CHMIO1JC77UCDSLJ1P00 | lidc | li_sugr | bcookie | __cf_bm | receive-cookie-deprecation | receive-cookie-deprecation | __adroll_fpc | UserMatchHistory | AnalyticsSyncHistory | __ar_v4 | bscookie | CMID | CMPS | CMPRO | c | tuuid_lu | tuuid | TapAd_TS | TapAd_DID | IDE | mako_uid | SERVERID | i | tluid | pi | audit_p | khaos | khaos_p | audit | receive-cookie-deprecation | rlas3 | __adroll | __adroll_shared | pid | TestIfCookieP | csync | KRTBCOOKIE_10 | PugT | pxrc | OTP | XANDR_PANID | uuid2 | t_gid | t_pt_gid | did | didts | nnls | pxrc | TDID | anj | TDCPM | TapAd_3WAY_SYNCS,80,yes,yes,PixelYourSite | Meta | Google Ads | Google Analytics | TikTok | X/Twitter | DoubleClick,"taxonomia base: PixelYourSite, Meta, Google Ads, Google Analytics, TikTok, X/Twitter, DoubleClick",yes,IAB-TCF,Ecuador,Ecuador,Quito,Pública,Cookiebot | TCF | CookieYes,yes,verificacion en vivo,yes,"Política muy completa: DPO con correo dedicado, catálogo amplio de derechos (Art. 7 LOPDP), cookies analíticas/publicitarias y documento de cookies separado."
35,Ecuador,FLACSO,FLACSO Ecuador,https://www.flacso.edu.ec,2026-08-14T06:43:14.710Z,1,cf_clearance,1,no,no,,sin coincidencia con ninguna taxonomia,no_detectable,CookieYes,Ecuador,Ecuador,Quito,Pública,TrustArc | CookieYes,no,verificacion en vivo,no,Sin política de privacidad/cookies/protección de datos. Existe Código de Ética y Transparencia.
36,Ecuador,PUCE,Pontificia Universidad Católica del Ecuador,https://www.puce.edu.ec,2026-08-14T06:43:25.361Z,30,_ttp | li_sugr | lidc | bcookie | __cf_bm | CLID | UserMatchHistory | AnalyticsSyncHistory | _tt_enable_cookie | _ttp | bscookie | _ga | _ga_H8JQ0KWN0K | ttcsid | ttcsid_D0MGCJBC77U2LS75RK60 | _fbp | _gcl_au | _ga_1TG94HC9HF | _clck | test_cookie | _clsk | _hjSessionUser_4991704 | _hjSession_4991704 | MUID | MR | SRM_B | SM | MUID | MR | ANONCHK,30,yes,yes,TikTok | Google Analytics | Meta | Google Ads | Microsoft Clarity | DoubleClick | Hotjar | Microsoft,"taxonomia base: TikTok, Google Analytics, Meta, Google Ads, Microsoft Clarity, DoubleClick, Hotjar, Microsoft",no_detectable,,Ecuador,Ecuador,Quito,Cofinanciada,Ninguna,no,verificacion en vivo,no,Política General de Protección de Datos (2024): cita LOPDP y derechos ARCO (Art. 15). Correo de protección de datos; sin figura formal de DPO.
37,Ecuador,UCSG,Universidad Católica de Santiago de Guayaquil,https://www.ucsg.edu.ec,2026-08-14T06:43:36.417Z,14,_GRECAPTCHA | lp_session_guest | PHPSESSID | pmpro_visit | sbjs_migrations | sbjs_current_add | sbjs_first_add | sbjs_current | sbjs_first | sbjs_udata | sbjs_session | _ga_Z1DV026L7M | _ga | _fbp,14,yes,yes,Google Analytics | Meta | Sourcebuster,"taxonomia base y extendida: Google Analytics, Meta, Sourcebuster",yes,Complianz,Ecuador,Ecuador,Guayaquil,Cofinanciada,CookieYes | Complianz,yes,verificacion en vivo,yes,Banner de cookies con categorías (Funcional/Preferencias/Analíticas/Marketing). Política cita LOPDP y derechos completos. Programa de formación para delegados.
38,Ecuador,UCACUE,Universidad Católica de Cuenca,https://www.ucacue.edu.ec,2026-08-14T06:43:46.012Z,24,_GRECAPTCHA | _ttp | __cf_bm | CLID | _ga_MSV6X9XSF1 | _ga | _tt_enable_cookie | _ttp | pys_session_limit | pys_start_session | pys_first_visit | pysTrafficSource | pys_landing_page | last_pysTrafficSource | last_pys_landing_page | _fbp | ttcsid | ttcsid_CG9OMIBC77U573C8UFI0 | _clck | _clsk | __cf_bm | pbid | SM | MUID,24,yes,yes,TikTok | Google Analytics | PixelYourSite | Meta | Microsoft Clarity | Microsoft,"taxonomia base: TikTok, Google Analytics, PixelYourSite, Meta, Microsoft Clarity, Microsoft",yes,,Ecuador,Ecuador,Cuenca,Cofinanciada,Cookiebot | CookieYes,yes,verificacion en vivo,no,"Política completa: LOPDP, derechos, DPO nominado con contacto. Herramienta de accesibilidad en el sitio."
39,Ecuador,ULVR,Universidad Laica Vicente Rocafuerte de Guayaquil,https://www.ulvr.edu.ec,2026-08-14T06:43:53.471Z,1,lp_session_guest,1,no,no,,sin coincidencia con ninguna taxonomia,no_detectable,,Ecuador,Ecuador,Guayaquil,Cofinanciada,CookieYes,no,verificacion en vivo,no,Pie solo con contacto y redes; sin política de privacidad/cookies/protección de datos. Transparencia/Información pública presente.
40,Ecuador,UTPL,Universidad Técnica Particular de Loja,https://www.utpl.edu.ec,2026-08-14T06:44:01.190Z,6,CLID | _ga_5W6THEE90T | _ga | _fbp | _clck | _clsk,6,yes,yes,Google Analytics | Meta | Microsoft Clarity,"taxonomia base: Google Analytics, Meta, Microsoft Clarity",no_detectable,,Ecuador,Ecuador,Loja,Cofinanciada,Ninguna,no,verificacion en vivo,no,"PDF normativo (Procuraduría) confirma LOPDP, derechos y definición del DPO. La home requiere JavaScript."
41,Ecuador,UTE,Universidad UTE,https://ute.edu.ec,2026-08-14T06:44:11.122Z,0,,0,no,no,,sin coincidencia con ninguna taxonomia,no_detectable,,Ecuador,Ecuador,Quito,Cofinanciada,CookieYes,no,verificacion en vivo,no,Política desactualizada: cita la Ley del Sistema Nacional de Registro de Datos Públicos y NO la LOPDP; sin derechos ni contacto de datos. Accesibilidad referida a espacios físicos.
42,Ecuador,UDA,Universidad del Azuay,https://www.uazuay.edu.ec,2026-08-14T06:44:18.982Z,2,_hjSessionUser_3811066 | _hjSession_3811066,2,yes,yes,Hotjar,taxonomia base: Hotjar,yes,,Ecuador,Ecuador,Cuenca,Cofinanciada,TrustArc,yes,verificacion en vivo,no,Pie sin enlaces de privacidad/cookies. Transparencia (LOTAIP) presente.
43,Ecuador,UPS,Universidad Politécnica Salesiana,https://www.ups.edu.ec,2026-08-14T06:44:28.532Z,116,Path | Path | Path | Path | Path | Path | Path | Path | Path | Path | Path | Path | Path | Path | Path | Path | Path | Path | Path | Path | Path | Path | Path | Path | Path | Path | Path | Path | Path | Path | Path | Path | Path | Path | Path | Path | Path | Path | Path | Path | Path | Path | Path | Path | Path | Path | Path | Path | Path | Path | Path | Path | Path | Path | Path | Path | Path | Path | Path | Path | Path | Path | Path | Path | Path | Path | Path | Path | Path | Path | Path | Path | Path | JSESSIONID | COOKIE_SUPPORT | GUEST_LANGUAGE_ID | Path | _gid | _gat | __Secure-YNID | YSC | VISITOR_INFO1_LIVE | VISITOR_PRIVACY_METADATA | __Secure-ROLLOUT_TOKEN | CLID | _gcl_au | LFR_SESSION_STATE_20102 | _clck | __cf_bm | _ttp | __cf_bm | __cf_bm | __cf_bm | __cf_bm | _ga_G3SXTJRVXE | _ga | _tt_enable_cookie | _ttp | _clsk | _fbp | ttcsid | ttcsid_D3BC0N3C77U8DNM9Q7J0 | __hstc | hubspotutk | __hssrc | __hssc | __cf_bm | __cf_bm | MUID | MR | SRM_B | IDE | SM | MUID | MR | ANONCHK,116,yes,yes,Google Analytics | YouTube | Google Ads | Microsoft Clarity | TikTok | Meta | Microsoft | DoubleClick,"taxonomia base: Google Analytics, YouTube, Google Ads, Microsoft Clarity, TikTok, Meta, Microsoft, DoubleClick",no_detectable,,Ecuador,Ecuador,Cuenca,Cofinanciada,Ninguna,no,verificacion en vivo,no,"Autorización para el tratamiento cita LOPDP y derechos, pero sin contacto/DPO dedicado."
44,Ecuador,UISEK,Universidad Internacional SEK,https://uisek.edu.ec,2026-08-14T06:45:06.622Z,21,_ttp | _tt_enable_cookie | _ttp | _gid | _gat_UA-27018080-1 | _gat_gtag_UA_120295323_1 | _ga_XJR5CJJLR4 | _ga | li_sugr | bcookie | lidc | __cf_bm | UserMatchHistory | AnalyticsSyncHistory | _ga_ES4V2WR0X1 | _gcl_au | _fbp | test_cookie | bscookie | ttcsid | ttcsid_CITCNNJC77U9QO6OHPDG,21,yes,yes,TikTok | Google Analytics | Google Ads | Meta | DoubleClick,"taxonomia base: TikTok, Google Analytics, Google Ads, Meta, DoubleClick",no_detectable,,Ecuador,Ecuador,Quito,Autofinanciada,Ninguna,no,verificacion en vivo,yes,"Reconoce derechos amplios pero solo cita 'normativa vigente', sin nombrar la LOPDP. Remite a una Política de Cookies (URL no hallada)."
45,Ecuador,UEES,Universidad de Especialidades Espíritu Santo,https://uees.edu.ec,2026-08-14T06:45:18.688Z,39,__cf_bm | _cfuvid | elfsight_viewed_recently | YSC | VISITOR_INFO1_LIVE | VISITOR_PRIVACY_METADATA | _gcl_au | _ttp | CLID | _ga_RG4RVWE64Q | __Secure-YNID | __Secure-ROLLOUT_TOKEN | _twpid | _gid | _gat_UA-172180399-2 | _gat_UA-217409406-3 | personalization_id | __cf_bm | muc_ads | __cf_bm | IDE | _tt_enable_cookie | _ttp | _ga_T4TERSTX4G | _ga | _clck | _fbp | li_sugr | bcookie | lidc | __cf_bm | UserMatchHistory | AnalyticsSyncHistory | bscookie | _clsk | _ga_STV75W996F | _ga_KMEPWM9403 | ttcsid_CLPOE1BC77U6SG2AL6P0 | ttcsid,39,yes,yes,YouTube | Google Ads | TikTok | Google Analytics | X/Twitter | DoubleClick | Microsoft Clarity | Meta,"taxonomia base: YouTube, Google Ads, TikTok, Google Analytics, X/Twitter, DoubleClick, Microsoft Clarity, Meta",no_detectable,,Ecuador,Ecuador,Samborondón,Autofinanciada,CookieYes,no,verificacion en vivo,no,"PDF de política de tratamiento (2024): cita LOPDP (R.O. 459), lista derechos ARCO+portabilidad/suspensión, designa DPO. La página web básica es genérica."
46,Ecuador,USFQ,Universidad San Francisco de Quito,https://www.usfq.edu.ec,2026-08-14T06:45:29.080Z,3,_ga_G80CBJM3N2 | _ga | _fbp,3,yes,yes,Google Analytics | Meta,"taxonomia base: Google Analytics, Meta",no_detectable,,Ecuador,Ecuador,Quito,Autofinanciada,TrustArc,no,verificacion en vivo,no,La página institucional principal devolvió 403; su existencia se confirma por el pie. La evidencia LOPDP/derechos/DPO proviene de la política de la Escuela de Empresas USFQ.
47,Ecuador,UDLA,Universidad de las Américas,https://www.udla.edu.ec,2026-08-14T06:46:10.087Z,12,NEXT_LOCALE | session-cookie | cookiesession1 | rxVisitor | dtPC | dtSa | rxvt | dtCookie | cookiesession1 | __Host-next-auth.csrf-token | __Secure-next-auth.callback-url | ARRAffinitySameSite,12,no,no,,sin coincidencia con ninguna taxonomia,yes,Cookiebot | IAB-TCF,Ecuador,Ecuador,Quito,Autofinanciada,Cookiebot | Usercentrics,yes,verificacion en vivo,no,"Sitio principal renderizado por JS; contenido confirmado vía aviso de UDLA Online: cita LOPDP, lista derechos y da correo de protección de datos."
48,Ecuador,UIDE,Universidad Internacional del Ecuador,https://www.uide.edu.ec,2026-08-14T06:46:19.836Z,24,lp_session_guest | cookieyes-consent | CLID | li_sugr | bcookie | lidc | __cf_bm | _pin_unauth | tfpsi | UserMatchHistory | AnalyticsSyncHistory | _uetsid | _uetvid | bscookie | MUID | MR | _clck | _clsk | MR | SRM_B | SM | MUID | MR | ANONCHK,24,yes,yes,Pinterest | Bing UET | Microsoft | Microsoft Clarity,"taxonomia base: Pinterest, Bing UET, Microsoft, Microsoft Clarity",yes,CookieYes,Ecuador,Ecuador,Quito,Autofinanciada,CookieYes,yes,verificacion en vivo,yes,"Política robusta: cita LOPDP y su Reglamento, lista derechos y designa DPO. Sección de Transparencia detectada en el pie."
49,Ecuador,UNIANDES,Universidad Regional Autónoma de los Andes,https://www.uniandes.edu.ec,2026-08-14T06:46:33.160Z,0,,0,no,no,,sin coincidencia con ninguna taxonomia,no_detectable,,Ecuador,Ecuador,Ambato,Autofinanciada,CookieYes,no,verificacion en vivo,yes,"Política débil y desactualizada: se apoya en la Ley de Comercio Electrónico en lugar de la LOPDP; derechos parciales (acceso, cancelación, oposición). Página de cookies dedicada."
50,Ecuador,UPACÍFICO,Universidad del Pacífico Escuela de Negocios,https://upacifico.edu.ec,2026-08-14T06:46:41.796Z,5,_gcl_au | ma_popup_visitor | _ga_4DXVYNQP5Y | _ga | test_cookie,5,yes,yes,Google Ads | Google Analytics | DoubleClick,"taxonomia base: Google Ads, Google Analytics, DoubleClick",no_detectable,,Ecuador,Ecuador,Guayaquil,Autofinanciada,CookieYes,no,verificacion en vivo,no,"El sitio bloquea WebFetch (robots.txt). No se halló política alguna por búsqueda; resultados reflejan ausencia de evidencia confirmable, no necesariamente inexistencia."
51,Ecuador,UTI,Universidad Tecnológica Indoamérica,https://www.indoamerica.edu.ec,2026-08-14T06:46:50.775Z,27,_ttp | pys_session_limit | pys_start_session | pys_first_visit | pysTrafficSource | pys_landing_page | last_pysTrafficSource | last_pys_landing_page | _fbp | WMF-Uniq | _cs_c | _cs_id | _cs_s | _gcl_au | _ga_0G8LBGW2QF | _ga_TY4XSDKKNQ | _ga_WHTF7DF7Q5 | _ga | _gid | _gat_gtag_UA_245920016_1 | test_cookie | _tt_enable_cookie | _ttp | _hjSessionUser_3201143 | _hjSession_3201143 | ttcsid | ttcsid_CMJC33JC77UEKGPKFH10,27,yes,yes,TikTok | PixelYourSite | Meta | Google Ads | Google Analytics | DoubleClick | Hotjar | ContentSquare,"taxonomia base y extendida: TikTok, PixelYourSite, Meta, Google Ads, Google Analytics, DoubleClick, Hotjar, ContentSquare",no_detectable,,Ecuador,Ecuador,Ambato,Autofinanciada,Cookiebot | CookieYes,no,verificacion en vivo,no,"Política HTML legible cita la Ley de Comercio Electrónico y de Registro de Datos Públicos, NO la LOPDP; menciona derechos. El PDF 2025 titulado LOPDP es imagen no analizable."
52,Ecuador,Casa Grande,Universidad Casa Grande,https://www.casagrande.edu.ec,2026-08-14T06:46:58.062Z,6,cf_clearance | _gcl_au | _ga_9X04C12TB4 | _ga | _fbp | test_cookie,6,yes,yes,Google Ads | Google Analytics | Meta | DoubleClick,"taxonomia base: Google Ads, Google Analytics, Meta, DoubleClick",no_detectable,,Ecuador,Ecuador,Guayaquil,Autofinanciada,Ninguna,no,verificacion en vivo,no,"Política robusta y alineada a LOPDP: derechos ARCO+portabilidad, responsable con RUC y plazo de respuesta. Sin sección de Transparencia (universidad particular)."
53,Ecuador,UTEG,Universidad Tecnológica Empresarial de Guayaquil,https://www.uteg.edu.ec,2026-08-14T06:47:11.701Z,28,li_sugr | bcookie | lidc | __cf_bm | UserMatchHistory | AnalyticsSyncHistory | bscookie | wp-wpml_current_language | gp_easy_passthrough_session | pys_session_limit | pys_start_session | pys_first_visit | pysTrafficSource | pys_landing_page | last_pysTrafficSource | last_pys_landing_page | __Secure-YNID | YSC | VISITOR_INFO1_LIVE | VISITOR_PRIVACY_METADATA | __Secure-ROLLOUT_TOKEN | pbid | _fbp | _ttp | _tt_enable_cookie | _ttp | ttcsid | ttcsid_CMLB0CRC77UEKGPKHU00,28,yes,yes,PixelYourSite | YouTube | Meta | TikTok,"taxonomia base: PixelYourSite, YouTube, Meta, TikTok",yes,CookieScript,Ecuador,Ecuador,Guayaquil,Autofinanciada,Ninguna,no,verificacion en vivo,no,Buena cobertura LOPDP: página de protección de datos y política LOPD (PDF); canal dpo@uteg.edu.ec. Declara a UTEG como responsable del tratamiento.
54,Ecuador,UISRAEL,Universidad Tecnológica Israel,https://www.uisrael.edu.ec,2026-08-14T06:47:21.796Z,15,ep_session_id | pys_session_limit | pys_start_session | pys_first_visit | pysTrafficSource | pys_landing_page | last_pysTrafficSource | last_pys_landing_page | _fbp | pbid | cf_clearance | _ga_V27RS2GGDQ | _ga | _gcl_au | test_cookie,15,yes,yes,PixelYourSite | Meta | Google Analytics | Google Ads | DoubleClick,"taxonomia base: PixelYourSite, Meta, Google Analytics, Google Ads, DoubleClick",yes,Complianz,Ecuador,Ecuador,Quito,Autofinanciada,Cookiebot | Complianz,yes,verificacion en vivo,yes,"Existen páginas de Política de Privacidad y de Cookies (confirmadas por búsqueda), pero el WAF devuelve 403 a WebFetch; su contenido no fue verificable."
55,Ecuador,UDET,Universidad de Especialidades Turísticas,https://www.udet.edu.ec,2026-08-14T06:47:29.633Z,5,_ga_XNE2Q2CKBY | _gid | _gat_gtag_UA_214964925_1 | _ga_EJ3V1JB3S2 | _ga,5,yes,yes,Google Analytics,taxonomia base: Google Analytics,no_detectable,,Ecuador,Ecuador,Quito,Autofinanciada,Ninguna,no,verificacion en vivo,no,Rutas /politica-de-privacidad y /transparencia devuelven 404. Aparente ausencia de instrumentos de privacidad en el sitio oficial.
56,Ecuador,UMET,Universidad Metropolitana del Ecuador,https://umet.edu.ec,2026-08-14T06:47:46.245Z,11,-CvHXKGnZahzY_yQ | QYyzCie-THwMxo | wVMTf_ | NOmWDnU | pll_language | _gcl_au | _ga | _ga_2J1L9P1VMY | test_cookie | _fbp | PHPSESSID,11,yes,yes,Google Ads | Google Analytics | DoubleClick | Meta,"taxonomia base: Google Ads, Google Analytics, DoubleClick, Meta",no_detectable,,Ecuador,Ecuador,Guayaquil,Autofinanciada,CookieYes,no,verificacion en vivo,no,"Política de Protección de Datos 2025 formalmente adoptada (resolución) y enlazada, pero el visor no expone texto legible por este método."
57,Ecuador,U. Otavalo,Universidad de Otavalo,https://www.uotavalo.edu.ec,2026-08-14T06:47:54.378Z,2,cookiesession1 | __cf_bm,2,no,no,,sin coincidencia con ninguna taxonomia,yes,,Ecuador,Ecuador,Otavalo,Autofinanciada,CookieYes,no,verificacion en vivo,no,El dominio bloquea WebFetch y la raíz falla verificación TLS. Búsquedas solo devuelven repositorio académico; ninguna política institucional.
58,Ecuador,USGP,Universidad San Gregorio de Portoviejo,https://www.sangregorio.edu.ec,2026-08-14T06:48:01.235Z,19,PHPSESSID | _ttp | __Secure-YNID | YSC | __Secure-ROLLOUT_TOKEN | VISITOR_INFO1_LIVE | VISITOR_PRIVACY_METADATA | _tt_enable_cookie | _ttp | ttcsid | ttcsid_CPCA7BBC77U09VQADIEG | _gcl_au | test_cookie | vk | sk | spvc | vk | pi | pk,19,yes,yes,TikTok | YouTube | Google Ads | DoubleClick,"taxonomia base: TikTok, YouTube, Google Ads, DoubleClick",no_detectable,,Ecuador,Ecuador,Portoviejo,Autofinanciada,Ninguna,no,verificacion en vivo,no,"Política de protección de datos cita LOPDP, describe derechos ARCO+portabilidad y designa Delegado con correo dedicado. Sin banner ni política de cookies."
59,Ecuador,U. Hemisferios,Universidad de los Hemisferios,https://www.uhemisferios.edu.ec,2026-08-14T06:48:24.600Z,24,PHPSESSID | __cf_bm | __cf_bm | __cf_bm | __cf_bm | _ga_ZFRLYLC1Y6 | __cf_bm | _ga | _gid | _gat_UA-134045233-1 | _fbp | __cf_bm | _gcl_au | test_cookie | __hstc | hubspotutk | __hssrc | __hssc | __cf_bm | __Secure-YNID | YSC | __Secure-ROLLOUT_TOKEN | VISITOR_INFO1_LIVE | VISITOR_PRIVACY_METADATA,24,yes,yes,Google Analytics | Meta | Google Ads | DoubleClick | YouTube,"taxonomia base: Google Analytics, Meta, Google Ads, DoubleClick, YouTube",yes,CookieYes,Ecuador,Ecuador,Quito,Autofinanciada,CookieYes,no,verificacion en vivo,no,"PDF cita LOPDP y artículos específicos (37, 39-41, 46, 76), derechos ARCO+portabilidad y correo de datos. Banner de cookies visible; formulario de ejercicio de derechos."
60,Ecuador,UNIB.E,Universidad Iberoamericana del Ecuador,https://unibe.edu.ec,2026-08-14T06:48:37.863Z,0,,0,no,no,,sin coincidencia con ninguna taxonomia,no_detectable,,Ecuador,Ecuador,Quito,Autofinanciada,CookieYes,no,verificacion en vivo,yes,Política basada en GDPR (UE) y CCPA (California); ausencia total de referencias a la LOPDP del Ecuador y sin DPO. Enlaces de aviso legal y cookies en el pie.
61,Ecuador,ECOTEC,Universidad Tecnológica Ecotec,https://ecotec.edu.ec,2026-08-14T06:48:47.062Z,5,_gcl_au | cmplz_consent_mode | test_cookie | _ga_MFVR4S8MFR | _ga,5,yes,yes,Google Ads | DoubleClick | Google Analytics,"taxonomia base: Google Ads, DoubleClick, Google Analytics",yes,Complianz,Ecuador,Ecuador,Samborondón,Autofinanciada,Complianz,yes,verificacion en vivo,yes,"Política de Privacidad (PDP-POL-001) y Manual Interno: cita LOPDP, derechos ARCO+portabilidad y DPD con correo. Banner de cookies con consentimiento granular."
62,Ecuador,UDR,Universidad del Río,https://udr.edu.ec,2026-08-14T06:48:53.337Z,4,_ga_5HXBYBZBNB | _ga | _ga_8F7QTS9R25 | _ga_WQNLTBSK8V,4,yes,yes,Google Analytics,taxonomia base: Google Analytics,no_detectable,,Ecuador,Ecuador,Guayaquil,Autofinanciada,Ninguna,no,verificacion en vivo,no,Sitio WordPress con pie mínimo (copyright y WhatsApp). /politica-de-privacidad devuelve 404. Sin políticas ni transparencia detectables.
63,Ecuador,UBE,Universidad Bolivariana del Ecuador,https://ube.edu.ec,2026-08-14T06:49:01.116Z,1,ci_session,1,no,no,,sin coincidencia con ninguna taxonomia,yes,,Ecuador,Ecuador,Durán,Autofinanciada,CookieYes,yes,verificacion en vivo,yes,"Pie con protección de datos, privacidad, cookies y términos. Política cita LOPDP y derechos ARCO. Banner de cookies por categorías y menú de accesibilidad embebido."
64,Mundo,MIT,Massachusetts Institute of Technology,https://www.mit.edu,2026-08-14T06:49:07.485Z,0,,0,no,no,,sin coincidencia con ninguna taxonomia,no_detectable,,EE.UU.,EE.UU.,,,Ninguna,no,verificacion en vivo,no,Aviso GDPR con derechos y contacto dataprotection@mit.edu; cookies solo Google Analytics con opt-out.
65,Mundo,Stanford,Stanford University,https://www.stanford.edu,2026-08-14T06:49:15.846Z,10,YSC | VISITOR_INFO1_LIVE | VISITOR_PRIVACY_METADATA | _ga_Q0JD4PHRZ7 | _ga | _cs_id | su_pseudo_id | su_session_id | __Secure-YNID | __Secure-ROLLOUT_TOKEN,10,yes,yes,YouTube | Google Analytics | ContentSquare,"taxonomia base y extendida: YouTube, Google Analytics, ContentSquare",no_detectable,,EE.UU.,EE.UU.,,,Ninguna,no,verificacion en vivo,yes,Oficina de privacidad con CCPA/FERPA/HIPAA; derechos completos; privacy@stanford.edu; política de cookies dedicada.
66,Mundo,Harvard,Harvard University,https://www.harvard.edu,2026-08-14T06:49:22.656Z,8,_parsely_session | _parsely_visitor | _gid | _gat_UA-2923555-1 | _ga_KBLBYHG5EP | _ga | _fbp,7,yes,yes,Google Analytics | Meta,"taxonomia base: Google Analytics, Meta",no_detectable,,EE.UU.,EE.UU.,,,Ninguna,no,verificacion en vivo,no,Aviso remite derechos GDPR a gdpr.harvard.edu; sin contacto de privacidad específico en la página principal.
67,Mundo,Oxford,University of Oxford,https://www.ox.ac.uk,2026-08-14T06:49:29.628Z,6,cf_clearance | __Secure-YNID | YSC | VISITOR_INFO1_LIVE | VISITOR_PRIVACY_METADATA | __Secure-ROLLOUT_TOKEN,6,yes,yes,YouTube,taxonomia base: YouTube,yes,,Reino Unido,Reino Unido,,,Ninguna,no,verificacion en vivo,yes,"Política completa: derechos enumerados, DPO (data.protection@admin.ox.ac.uk), cookies y accesibilidad dedicadas."
68,Mundo,Cambridge,University of Cambridge,https://www.cam.ac.uk,2026-08-14T06:49:36.479Z,0,,0,no,no,,sin coincidencia con ninguna taxonomia,yes,,Reino Unido,Reino Unido,,,Ninguna,no,verificacion en vivo,yes,"Política breve que delega marco legal, derechos y DPO a una nota general; cookies y accesibilidad con URL propia."
69,Mundo,Caltech,California Institute of Technology,https://www.caltech.edu,2026-08-14T06:49:44.780Z,4,__cf_bm | _ga_7RL83EX4D4 | _ga | __cf_bm,4,yes,yes,Google Analytics,taxonomia base: Google Analytics,no_detectable,,EE.UU.,EE.UU.,,,TrustArc,no,verificacion en vivo,no,Aviso remite derechos a nota GDPR aparte; contacto privacy@caltech.edu; accesibilidad digital dedicada.
70,Mundo,UC Berkeley,"University of California, Berkeley",https://www.berkeley.edu,2026-08-14T06:49:51.633Z,10,__cf_bm | __Secure-YNID | YSC | VISITOR_INFO1_LIVE | VISITOR_PRIVACY_METADATA | __Secure-ROLLOUT_TOKEN | nmstat | __cf_bm | _ga_JD06GX6S4V | _ga,10,yes,yes,YouTube | Siteimprove | Google Analytics,"taxonomia base: YouTube, Siteimprove, Google Analytics",no_detectable,,EE.UU.,EE.UU.,,,Ninguna,no,verificacion en vivo,no,Oficina de privacidad cita CCPA y GDPR; derechos remitidos a subpáginas; privacyofficehelp@berkeley.edu.
71,Mundo,Princeton,Princeton University,https://www.princeton.edu,2026-08-14T06:49:58.623Z,2,_ga_92L6B9PQCG | _ga,2,yes,yes,Google Analytics,taxonomia base: Google Analytics,no_detectable,,EE.UU.,EE.UU.,,,TrustArc | CookieYes,no,verificacion en vivo,no,Derechos completos (para interesados de la UE); GDPR@princeton.edu; cookies dentro del aviso.
72,Mundo,Imperial,Imperial College London,https://www.imperial.ac.uk,2026-08-14T06:50:07.039Z,6,AWSALBTG | AWSALBTGCORS | AWSALB | AWSALBCORS | ARRAffinity-WindowsWF | OptanonConsent,6,no,no,,sin coincidencia con ninguna taxonomia,yes,OneTrust,Reino Unido,Reino Unido,,,OneTrust,yes,verificacion en vivo,yes,"Cita PECR; derechos parciales (SAR, supresión, oposición a marketing); sin correo de DPO en el aviso del sitio."
73,Mundo,U Chicago,University of Chicago,https://www.uchicago.edu,2026-08-14T06:50:15.878Z,19,ApplicationGatewayAffinityCORS | ApplicationGatewayAffinity | shell#lang | ASP.NET_SessionId | SC_ANALYTICS_GLOBAL_COOKIE | sxa_site | _gid | _gat_UA-373360-31 | _gat_UA-3572058-26 | _ga_2V4M4Z833J | _ga | _ga_DBDWJCS0JR | www#lang | dismissed-alerts | _hjSessionUser_3545609 | _hjSession_3545609 | AWSALB | AWSALBCORS | nmstat,19,yes,yes,Google Analytics | Hotjar | Siteimprove,"taxonomia base: Google Analytics, Hotjar, Siteimprove",no_detectable,,EE.UU.,EE.UU.,,,CookieYes,no,verificacion en vivo,no,Derechos estilo GDPR sin nombrar marco; privacy@uchicago.edu; sin declaración de accesibilidad en el aviso.
74,Mundo,ETH Zurich,ETH Zurich,https://ethz.ch,2026-08-14T06:50:26.144Z,1,OptanonConsent,1,no,no,,sin coincidencia con ninguna taxonomia,yes,OneTrust,Suiza,Europa cont.,,,CookieYes,no,verificacion en vivo,no,"Derecho suizo, supervisión FDPIC; DPO nominado (T. Mitar); configuración de cookies por categorías; accesibilidad."
75,Mundo,Yale,Yale University,https://www.yale.edu,2026-08-14T06:50:32.506Z,7,adaptive_image | nmstat | _ga | _gid | _gat_gtag_UA_991898_23 | _ga_D491W728G4 | _ga,7,yes,yes,Siteimprove | Google Analytics,"taxonomia base: Siteimprove, Google Analytics",no_detectable,,EE.UU.,EE.UU.,,,TrustArc,no,verificacion en vivo,no,"Chief Privacy Officer (privacy@yale.edu); derechos parciales (acceso, rectificación, supresión); marco EE.UU."
76,Mundo,UPenn,University of Pennsylvania,https://www.upenn.edu,2026-08-14T06:50:39.132Z,4,_gid | _gat_UA-78054-1 | _ga | _ga_LL85393RFV,4,yes,yes,Google Analytics,taxonomia base: Google Analytics,no_detectable,,EE.UU.,EE.UU.,,,TrustArc,no,verificacion en vivo,no,Derechos supeditados a jurisdicción; Chief Privacy Officer (privacy@upenn.edu); aviso de 2018 (desactualizado).
77,Mundo,UCL,University College London,https://www.ucl.ac.uk,2026-08-14T06:50:47.948Z,2,__cf_bm | __cf_bm,2,no,no,,sin coincidencia con ninguna taxonomia,yes,,Reino Unido,Reino Unido,,,TrustArc,yes,verificacion en vivo,yes,8 derechos enumerados; data-protection@ucl.ac.uk; cookies y accesibilidad en el pie.
78,Mundo,Cornell,Cornell University,https://www.cornell.edu,2026-08-14T06:50:55.785Z,9,__utma | __utmc | __utmz | __utmt | __utmb | _ga_PMZ19X3F8W | _ga | _ga_XJK3YSJ0LV | nmstat,9,yes,yes,Google Analytics | Siteimprove,"taxonomia base: Google Analytics, Siteimprove",no_detectable,,EE.UU.,EE.UU.,,,Ninguna,no,verificacion en vivo,no,Derechos completos y formulario; invoca el DPF pero no el estatuto de base; programa de accesibilidad.
79,Mundo,Tsinghua,Tsinghua University,https://www.tsinghua.edu.cn/en/,2026-08-14T06:51:05.498Z,1,JSESSIONID,1,no,no,,sin coincidencia con ninguna taxonomia,no_detectable,,China,China,,,Ninguna,no,verificacion en vivo,no,"Política (posgrado) cita PIPL; derechos y contacto (grad@tsinghua.edu.cn, 30 días); datos en China; sin accesibilidad."
80,Mundo,Peking,Peking University,https://english.pku.edu.cn,2026-08-14T06:51:16.777Z,0,,0,no,no,,sin coincidencia con ninguna taxonomia,no_detectable,,China,China,,,Ninguna,no,verificacion en vivo,no,"Solo política mínima en un subsitio de escuela (PHBS), limitada a admisión; sin derechos, DPO ni marco nombrado."
81,Mundo,Johns Hopkins,Johns Hopkins University,https://www.jhu.edu,2026-08-14T06:51:24.163Z,12,__cf_bm | cf_clearance | __cf_bm | _twpid | nmstat | personalization_id | __cf_bm | _ga_8031WYVC9V | _ga | _ga_TSX9K66082 | muc_ads | __cf_bm,12,yes,yes,Siteimprove | X/Twitter | Google Analytics,"taxonomia base: Siteimprove, X/Twitter, Google Analytics",no_detectable,,EE.UU.,EE.UU.,,,Ninguna,no,verificacion en vivo,no,Declaración conjunta JHU/Medicine; derechos EEE/RU/Suiza y California; OneTrust; Privacy Officer; accesibilidad.
82,Mundo,Columbia,Columbia University,https://www.columbia.edu,2026-08-14T06:51:32.828Z,15,isColumbiaSites | __Secure-YNID | YSC | __Secure-ROLLOUT_TOKEN | VISITOR_INFO1_LIVE | VISITOR_PRIVACY_METADATA | __cf_bm | BIGipServer~CUIT~varnish-prod-ci.cc.columbia.edu-128.59.44.80.443-pool | cf_clearance | __cf_bm | vuid | _gid | _gat_gtag_UA_18290390_1 | _ga_09H1KYXPLX | _ga,15,yes,yes,YouTube | Google Analytics,"taxonomia base: YouTube, Google Analytics",yes,,EE.UU.,EE.UU.,,,TrustArc,yes,verificacion en vivo,yes,Aviso internacional con página GDPR y política de cookies separada; derechos completos; accesibilidad web.
83,Mundo,Toronto,University of Toronto,https://www.utoronto.ca,2026-08-14T06:51:39.258Z,12,_gcl_au | CLID | _ga | _ga_0X74MN6XS3 | _clck | IDE | _clsk | SM | MUID | MUID | MR | SRM_B,12,yes,yes,Google Ads | Google Analytics | Microsoft Clarity | DoubleClick | Microsoft,"taxonomia base: Google Ads, Google Analytics, Microsoft Clarity, DoubleClick, Microsoft",no_detectable,,Canadá,Canadá,,,TrustArc | CookieYes,no,verificacion en vivo,no,Marco provincial FIPPA (no PIPEDA); acceso/corrección; Oficina FIPP; accesibilidad citando AODA.
84,Mundo,UCLA,"University of California, Los Angeles",https://www.ucla.edu,2026-08-14T06:51:48.298Z,9,XSRF-TOKEN | __Secure-YNID | YSC | __Secure-ROLLOUT_TOKEN | VISITOR_INFO1_LIVE | VISITOR_PRIVACY_METADATA | gateway_session | _ga_6BMZK7EYHE | _ga,9,yes,yes,YouTube | Google Analytics,"taxonomia base: YouTube, Google Analytics",no_detectable,,EE.UU.,EE.UU.,,,Ninguna,no,verificacion en vivo,no,Documento único privacidad+cookies+términos; derechos UE/RU y California; privacy@compliance.ucla.edu.
85,Mundo,NUS,National University of Singapore,https://nus.edu.sg,2026-08-14T06:51:58.103Z,7,visid_incap_1988262 | incap_ses_993_1988262 | nlbi_1988262 | sf-prs-ss | sf-prs-lu | _ga_2T8KTSDET6 | _ga,7,yes,yes,Google Analytics,taxonomia base: Google Analytics,yes,,Singapur,Asia (otros),,,TrustArc,yes,verificacion en vivo,no,PDPA 2012 (+derechos GDPR para EEE); Data Protection Office (dpo@nus.edu.sg); sin declaración de accesibilidad.
86,Mundo,U Tokyo,The University of Tokyo,https://www.u-tokyo.ac.jp/en/,2026-08-14T06:52:12.006Z,2,_ga_DWSZ09TFCH | _ga,2,yes,yes,Google Analytics,taxonomia base: Google Analytics,no_detectable,,Japón,Asia (otros),,,Ninguna,no,verificacion en vivo,no,Derechos (disclosure/correction/deletion); referencia al GDPR; no cita la APPI; sin DPO ni accesibilidad central.
87,Mundo,TUM,Technical University of Munich,https://www.tum.de/en/,2026-08-14T06:52:24.865Z,0,,0,no,no,,sin coincidencia con ninguna taxonomia,no_detectable,,Alemania,Europa cont.,,,TrustArc,no,verificacion en vivo,no,Derechos Art. 15-21; DPO (beauftragter@datenschutz.tum.de); distingue cookies esenciales/opcionales; sin accesibilidad detectada.
88,Mundo,Melbourne,The University of Melbourne,https://www.unimelb.edu.au,2026-08-14T06:52:35.470Z,39,dxp-sessionid | __cf_bm | optimizelyEndUserId | previousPageUrl | campaign_name | global_segmentation_cookie | utag_main__ss | utag_main__st | utag_main_ses_id | homepage | traffic_source | gpv_Page | gpv_Page_url | s_nr30 | s_tslv | s_inv | s_ips | s_tp | s_ppv | utag_main_v_id | https://www.unimelb.edu.au_oeu1786690347196r0.7871311254701717$$17791710119$$session_state | TAPID | optimizelySession | demdex | _ga_L55G410M0Q | AWSALB | AWSALBCORS | __cf_bm | AWSALB | AWSALBCORS | kndctr_0BFB1E5866E1D2E70A495C3B_AdobeOrg_identity | kndctr_0BFB1E5866E1D2E70A495C3B_AdobeOrg_cluster | AMCV_0BFB1E5866E1D2E70A495C3B%40AdobeOrg | _ga_YE8SEG9T0S | __cf_bm | _ga_J6RRCK6F9V | _ga | AWSALB | AWSALBCORS,39,yes,yes,Tealium | Adobe | Google Analytics,"taxonomia base: Tealium, Adobe, Google Analytics",yes,,Australia,Australia,,,TrustArc,yes,verificacion en vivo,no,Confirma banner de cookies en cada página; marco de Victoria; DPO designado (University Secretary); Tealium/GA con opt-out.
89,Mundo,Edinburgh,University of Edinburgh,https://www.ed.ac.uk,2026-08-14T06:52:42.347Z,0,,0,no,no,,sin coincidencia con ninguna taxonomia,no_detectable,,Reino Unido,Reino Unido,,,Ninguna,no,verificacion en vivo,no,Portal data-protection.ed.ac.uk enumera 7 derechos; DPO vía formulario; cookies y accesibilidad en el pie.
90,Mundo,EPFL,EPFL,https://www.epfl.ch/en/,2026-08-14T06:52:56.815Z,2,_ga_N6BF9H5G73 | _ga,2,yes,yes,Google Analytics,taxonomia base: Google Analytics,yes,,Suiza,Europa cont.,,,Ninguna,no,verificacion en vivo,no,Cita la FADP; derechos y DPO referidos; política de cookies (sesión/persistentes); accesibilidad dedicada.
91,Mundo,Michigan,University of Michigan-Ann Arbor,https://umich.edu,2026-08-14T06:53:03.624Z,4,__cf_bm | um_privacy_consent | _ga_29C4RBNCNZ | _ga,4,yes,yes,Google Analytics,taxonomia base: Google Analytics,no_detectable,,EE.UU.,EE.UU.,,,Ninguna,no,verificacion en vivo,no,Documenta cookie de consentimiento (um_privacy_consent) y tablas de cookies; sin marco legal ni derechos enumerados; ITS Privacy Office por tickets.
92,Mundo,Northwestern,Northwestern University,https://www.northwestern.edu,2026-08-14T06:53:15.585Z,9,f5avraaaaaaaaaaaaaaaa_session_ | f5avraaaaaaaaaaaaaaaa_session_ | f5avraaaaaaaaaaaaaaaa_session_ | f5avraaaaaaaaaaaaaaaa_session_ | f5avraaaaaaaaaaaaaaaa_session_ | BIGipServer~trust-662~pool_evnuinfo_80 | f5avraaaaaaaaaaaaaaaa_session_ | BIGipServer~trust-662~pool_evnuinfo_80 | cookieyes-consent,9,no,no,,sin coincidencia con ninguna taxonomia,yes,CookieYes,EE.UU.,EE.UU.,,,TrustArc | CookieYes,no,verificacion en vivo,yes,Página de cookies dedicada con banner; derechos tipo GDPR sin nombrar marco; canal de privacidad; accesibilidad.
93,Mundo,Fudan,Fudan University,https://www.fudan.edu.cn/en/,2026-08-14T06:53:30.059Z,5,HMACCOUNT_BFESS | Hm_lvt_829a28d038f7cea73ca2728904e244bc | Hm_lpvt_829a28d038f7cea73ca2728904e244bc | HMACCOUNT | JSESSIONID,5,yes,yes,Baidu,taxonomia base: Baidu,no_detectable,,China,China,,,Ninguna,no,verificacion en vivo,no,"El sitio institucional no publica política; solo subsitios de facultades (FISF, FDSM) sin marco, derechos ni DPO."
94,Mundo,PSL,PSL University,https://www.psl.eu/en,2026-08-14T06:53:43.753Z,1,cookiesession1,1,no,no,,sin coincidencia con ninguna taxonomia,yes,,Francia,Europa cont.,,,TrustArc,yes,verificacion en vivo,no,Política robusta con categorías de cookies y retención; DPO (donnees.personnelles@psl.eu); sin accesibilidad RGAA detectada.
95,Mundo,HKU,University of Hong Kong,https://www.hku.hk,2026-08-14T06:53:57.099Z,10,highcontra | __utma | __utmc | __utmz | __utmt | __utmb | _ga_ZHLLDTLTMG | _ga | _hjSessionUser_1966860 | _hjSession_1966860,10,yes,yes,Google Analytics | Hotjar,"taxonomia base: Google Analytics, Hotjar",no_detectable,,Hong Kong,Hong Kong,,,Ninguna,no,verificacion en vivo,no,PDPO; acceso y corrección; DPO (privacy@hku.hk); accesibilidad WCAG 2.0 AA; la política no aborda cookies.
96,Mundo,Zhejiang,Zhejiang University,https://www.zju.edu.cn/english/,2026-08-14T06:54:17.164Z,1,SESSION,1,no,no,,sin coincidencia con ninguna taxonomia,no_detectable,,China,China,,,Ninguna,no,verificacion en vivo,no,Derechos parciales (revisar/modificar/eliminar); canal globalzju@zju.edu.cn; sin marco nombrado ni accesibilidad.
97,Mundo,NYU,New York University,https://www.nyu.edu,2026-08-14T06:54:25.039Z,11,osano_consentmanager_uuid | osano_consentmanager | _gcl_au | IDE | _ga_S194DLZYBD | _ga | _ga_9CWXCZX89G | _ga_H4KKXQKFSM | _ga_VR2BFTJ92R | _ga_S4TP6272FF | _ga_YKLBDQJ61W,11,yes,yes,Google Ads | DoubleClick | Google Analytics,"taxonomia base: Google Ads, DoubleClick, Google Analytics",yes,Osano,EE.UU.,EE.UU.,,,Osano,no,verificacion en vivo,no,Múltiples avisos GDPR por tipo de interesado; DPO (gdpr-info@nyu.edu); accesibilidad digital; página principal bloqueó el fetch (WAF).
98,Mundo,SJTU,Shanghai Jiao Tong University,https://www.sjtu.edu.cn,2026-08-14T06:54:44.669Z,3,_pk_testcookie.299.e5ac | _pk_id.299.e5ac | _pk_ses.299.e5ac,3,yes,yes,Matomo,taxonomia base: Matomo,no_detectable,,China,China,,,Ninguna,no,verificacion en vivo,no,"El sitio institucional no publica política; solo subunidades. Sin marco, derechos, DPO ni accesibilidad."
99,Mundo,KCL,King's College London,https://www.kcl.ac.uk,2026-08-14T06:54:53.868Z,2,OptanonConsent | gtm_isp_lookup,2,no,no,,sin coincidencia con ninguna taxonomia,yes,OneTrust,Reino Unido,Reino Unido,,,OneTrust,yes,verificacion en vivo,yes,Derechos enumerados; DPO nominado (info-compliance@kcl.ac.uk); accesibilidad WCAG 2.2 AA; cookies dedicadas.
100,Mundo,UCSD,"University of California, San Diego",https://www.ucsd.edu,2026-08-14T06:55:04.666Z,26,__cf_bm | _ttp | __Secure-YNID | YSC | VISITOR_INFO1_LIVE | VISITOR_PRIVACY_METADATA | __Secure-ROLLOUT_TOKEN | _ga_ZBPHLZYTS4 | _ga | li_sugr | bcookie | lidc | __cf_bm | AWSALB | AWSALBCORS | UserMatchHistory | AnalyticsSyncHistory | _gcl_au | _tt_enable_cookie | _ttp | bscookie | test_cookie | _hjSessionUser_3662797 | _hjSession_3662797 | ttcsid | ttcsid_D3NTPGRC77UELR3N1AFG,26,yes,yes,TikTok | YouTube | Google Analytics | Google Ads | DoubleClick | Hotjar,"taxonomia base: TikTok, YouTube, Google Analytics, Google Ads, DoubleClick, Hotjar",no_detectable,,EE.UU.,EE.UU.,,,Ninguna,no,verificacion en vivo,no,Oficina de privacidad del campus + UC Privacy Statement; derechos EEE/RU; ucsdprivacy@ucsd.edu; accesibilidad.
101,Mundo,LMU,LMU Munich,https://www.lmu.de,2026-08-14T06:55:15.131Z,0,,0,no,no,,sin coincidencia con ninguna taxonomia,no_detectable,,Alemania,Europa cont.,,,Ninguna,no,verificacion en vivo,no,"Marco muy explícito (Art. 15-21, 77 GDPR); DPO; cookies (Matomo) tabuladas; declaración de accesibilidad."
102,Mundo,Duke,Duke University,https://www.duke.edu,2026-08-14T06:55:24.529Z,17,sp_t | sp_landing | YSC | VISITOR_INFO1_LIVE | VISITOR_PRIVACY_METADATA | __Secure-YNID | __Secure-ROLLOUT_TOKEN | CLID | __utma | __utmc | __utmz | __utmt_UA-3896341-5 | __utmb | _ga | _ga_EFHNRXCSHV | _clck | _clsk,17,yes,yes,YouTube | Google Analytics | Microsoft Clarity,"taxonomia base: YouTube, Google Analytics, Microsoft Clarity",yes,,EE.UU.,EE.UU.,,,Ninguna,yes,verificacion en vivo,no,Derechos EEE/RU; privacy@duke.edu; cookies/web beacons; accesibilidad web WCAG/ADA.
103,Mundo,Manchester,University of Manchester,https://www.manchester.ac.uk,2026-08-14T06:55:35.869Z,20,OptanonConsent | _gcl_au | _ttp | sa-user-id | sa-user-id | sa-user-id-v2 | sa-user-id-v2 | test_cookie | __Secure-YNID | YSC | VISITOR_INFO1_LIVE | VISITOR_PRIVACY_METADATA | __Secure-ROLLOUT_TOKEN | li_sugr | bcookie | lidc | __cf_bm | UserMatchHistory | AnalyticsSyncHistory | _twpid,20,yes,yes,Google Ads | TikTok | DoubleClick | YouTube,"taxonomia base: Google Ads, TikTok, DoubleClick, YouTube",no_detectable,OneTrust,Reino Unido,Reino Unido,,,OneTrust,no,verificacion en vivo,no,Hub de avisos; cita GDPR y DPA 2018; IG Office (DPO); derechos no enumerados en el hub; accesibilidad institucional.
104,Mundo,UBC,University of British Columbia,https://www.ubc.ca,2026-08-14T06:55:42.782Z,12,X-AB | _gcl_au | _scid | _scid_r | _ga_Q74JQJCYJK | _ga | IDE | TapAd_TS | TapAd_DID | TapAd_3WAY_SYNCS | sc_at | _sctr,12,yes,yes,Google Ads | Google Analytics | DoubleClick,"taxonomia base: Google Ads, Google Analytics, DoubleClick",no_detectable,,Canadá,Canadá,,,Ninguna,no,verificacion en vivo,no,Marco provincial FIPPA (no PIPEDA); procedimientos vía University Counsel; privacy.matters@ubc.ca; accesibilidad WCAG.
105,Mundo,Sydney,The University of Sydney,https://www.sydney.edu.au,2026-08-14T06:55:52.867Z,67,X-AB | demdex | AMCVS_35B46472540D9EE20A4C98A6%40AdobeOrg | gpv_Page | everest_g_v2 | s_ecid | dpm | _gcl_au | _ga_KXYY9PEVLH | _ga | AMCV_35B46472540D9EE20A4C98A6%40AdobeOrg | audit_p | khaos | khaos_p | audit | receive-cookie-deprecation | CMID | CMPS | CMPRO | at_check | XANDR_PANID | uuid2 | anj | _ttp | _rdt_uuid | dextp | IDE | i | KRTBCOOKIE_218 | PugT | mbox | _scid | _scid_r | _tt_enable_cookie | _ttp | s_ips | s_ppv | ttcsid | ttcsid_CQHKB7RC77U6M4ETUDB0 | _fbp | _hjSessionUser_550296 | _hjSession_550296 | li_sugr | s_cc | lidc | __cf_bm | UserMatchHistory | AnalyticsSyncHistory | bcookie | bscookie | TapAd_TS | TapAd_DID | TapAd_3WAY_SYNCS | HMACCOUNT_BFESS | Hm_lvt_1426d6da699eb30a7515d65930a0dbff | Hm_lpvt_1426d6da699eb30a7515d65930a0dbff | HMACCOUNT | sc_at | _sctr | s_tp | AWSALB | AWSALBCORS | __Secure-YNID | YSC | __Secure-ROLLOUT_TOKEN | VISITOR_INFO1_LIVE | VISITOR_PRIVACY_METADATA,67,yes,yes,Adobe | Google Ads | Google Analytics | TikTok | DoubleClick | Adobe Target | Meta | Hotjar | Baidu | YouTube,"taxonomia base: Adobe, Google Ads, Google Analytics, TikTok, DoubleClick, Adobe Target, Meta, Hotjar, Baidu, YouTube",no_detectable,,Australia,Australia,,,Ninguna,no,verificacion en vivo,no,"Aviso con cookies y derechos (restricción, oposición, supresión, portabilidad); marco NSW+federal; accesibilidad."
106,Mundo,Paris-Saclay,Université Paris-Saclay,https://www.universite-paris-saclay.fr/en,2026-08-14T06:56:03.587Z,2,contrast | saclay-tac,2,no,no,,sin coincidencia con ninguna taxonomia,yes,Tarteaucitron,Francia,Europa cont.,,,TrustArc | Tarteaucitron,yes,verificacion en vivo,yes,Cita RGPD y ley francesa; 6 derechos; ejercicio vía formulario; política de cookies; accesibilidad RGAA nivel A.
107,Mundo,Kyoto,Kyoto University,https://www.kyoto-u.ac.jp/en,2026-08-14T06:56:12.853Z,2,_ga_P51JW1MC7Y | _ga,2,yes,yes,Google Analytics,taxonomia base: Google Analytics,no_detectable,,Japón,Asia (otros),,,TrustArc,no,verificacion en vivo,no,Derechos (disclosure/correction/suspension/deletion); Legal Affairs Division; cookies solo GA; sin accesibilidad.
108,Mundo,Illinois,University of Illinois Urbana-Champaign,https://illinois.edu,2026-08-14T06:56:22.633Z,4,searchstax_session_id | _ga_TWFEJJKL35 | _ga | ms_visitorid,4,yes,yes,Google Analytics,taxonomia base: Google Analytics,no_detectable,OneTrust,EE.UU.,EE.UU.,,,OneTrust,no,verificacion en vivo,no,Aviso multi-jurisdicción; Privacy Office; remite a Cookie Policy; accesibilidad sin nivel WCAG explícito.
109,Mundo,UT Austin,The University of Texas at Austin,https://www.utexas.edu,2026-08-14T06:56:29.761Z,17,_gid | _gat_UA-11887171-8 | _gat_UA-11887171-2 | _ga_PTWC4TZX3W | _ga | _ga_EVFNF1Z4Q4 | CLID | li_sugr | lidc | __cf_bm | _ga_X3HZEK54PC | _ga_4W6P6NJBBS | UserMatchHistory | AnalyticsSyncHistory | bcookie | bscookie | _clck,17,yes,yes,Google Analytics | Microsoft Clarity,"taxonomia base: Google Analytics, Microsoft Clarity",no_detectable,,EE.UU.,EE.UU.,,,TrustArc | CookieYes,no,verificacion en vivo,no,DPO nominado (chris.hutto@austin.utexas.edu); derechos; cookies dentro del aviso; accesibilidad WCAG 2.1/ADA.
110,Mundo,UW,University of Washington,https://www.washington.edu,2026-08-14T06:56:37.134Z,43,_affinity | CLID | _gcl_au | _ga | _ga_3T65WK0BM8 | ab | u | rlas3 | _ga_JLHM9WH4JV | _clck | IDE | nmstat | test_cookie | li_sugr | _fbp | lidc | __cf_bm | _ce.s | _clsk | UserMatchHistory | AnalyticsSyncHistory | bcookie | bscookie | _mkto_trk | TDID | TDCPM | ssi | _ssuma | demdex | _cc_dc | _cc_id | _cc_cc | _cc_aud | TapAd_TS | TapAd_DID | mautic_device_id | mtc_id | mtc_sid | mtc_id | mtc_sid | mautic_device_id | TapAd_3WAY_SYNCS | dpm,43,yes,yes,Google Ads | Google Analytics | Microsoft Clarity | DoubleClick | Siteimprove | Meta,"taxonomia base: Google Ads, Google Analytics, Microsoft Clarity, DoubleClick, Siteimprove, Meta",no_detectable,,EE.UU.,EE.UU.,,,Ninguna,no,verificacion en vivo,no,"Derechos (acceso, supresión, portabilidad, objeción); University Privacy Officer (uwprivacy@uw.edu); accesibilidad."
111,Mundo,NTU,Nanyang Technological University,https://www.ntu.edu.sg,2026-08-14T06:56:46.838Z,12,_gcl_au | _ttp | __stid | __stidv | uid | _ga | _ga_8LPDJ1LB78 | IDE | _ga_DWDBVB5J8J | _ga_PWNJKZG9MN | _ga_DX9Q4KPWT3 | _ga_NP4QFYPSX6,12,yes,yes,Google Ads | TikTok | Google Analytics | DoubleClick,"taxonomia base: Google Ads, TikTok, Google Analytics, DoubleClick",yes,,Singapur,Asia (otros),,,TrustArc,no,verificacion en vivo,no,"PDPA 2012; derechos (acceso, corrección, retiro 14 días) +GDPR; DPO (dpo@ntu.edu.sg); sin accesibilidad."
112,Mundo,McGill,McGill University,https://www.mcgill.ca,2026-08-14T06:56:52.502Z,0,,0,no,no,,sin coincidencia con ninguna taxonomia,no_detectable,,Canadá,Canadá,,,TrustArc,yes,verificacion en vivo,yes,Marco de Quebec; derechos; Access and Privacy Office; Cookies Notice dedicada; accesibilidad (norma SGQRI 008).
113,Mundo,CUHK,The Chinese University of Hong Kong,https://www.cuhk.edu.hk/english/index.html,2026-08-14T06:57:04.737Z,19,__utma | __utmc | __utmz | __utmt | __utmb | CLID | _ga | _ga_3VWFFZCDJ6 | _fbp | li_sugr | bcookie | lidc | __cf_bm | UserMatchHistory | AnalyticsSyncHistory | bscookie | _clck | _clsk | show1stPhoto_en,19,yes,yes,Google Analytics | Meta | Microsoft Clarity,"taxonomia base: Google Analytics, Meta, Microsoft Clarity",no_detectable,,Hong Kong,Hong Kong,,,Ninguna,no,verificacion en vivo,no,"PDPO y sus 6 principios; acceso/corrección (formulario, tarifa); sin DPO único (contactos por categoría); accesibilidad web."
114,Mundo,CMU,Carnegie Mellon University,https://www.cmu.edu,2026-08-14T06:57:14.042Z,13,AWSALB | AWSALBCORS | CLID | _clck | OptanonConsent | _ga | _gcl_au | test_cookie | ipCheckCompleted | _clsk | _ga_1XQYSMEBVE | SM | MUID,13,yes,yes,Microsoft Clarity | Google Analytics | Google Ads | DoubleClick | Microsoft,"taxonomia base: Microsoft Clarity, Google Analytics, Google Ads, DoubleClick, Microsoft",yes,OneTrust,EE.UU.,EE.UU.,,,TrustArc,no,verificacion en vivo,no,Derechos estilo CCPA/CPRA; DPO (privacy@andrew.cmu.edu); cookies por categorías; 'Cookie settings' en el pie; accesibilidad.
115,Mundo,Wisconsin,University of Wisconsin-Madison,https://www.wisc.edu,2026-08-14T06:57:21.610Z,6,_ga_D04HXCEERG | _ga | _ga | _ga_PLJ9E3ZY82 | ELOQUA | ELQSTATUS,6,yes,yes,Google Analytics,taxonomia base: Google Analytics,yes,,EE.UU.,EE.UU.,,,Ninguna,yes,verificacion en vivo,yes,Aviso principal sin derechos (remitidos al aviso GDPR suplementario); página de cookies dedicada; uwprivacy@wisc.edu; accesibilidad.
116,Mundo,USTC,University of Science and Technology of China,https://en.ustc.edu.cn,2026-08-14T06:57:29.155Z,5,JSESSIONID | HMACCOUNT_BFESS | Hm_lvt_1c599d6edf63923fd73ae82fd7293a24 | Hm_lpvt_1c599d6edf63923fd73ae82fd7293a24 | HMACCOUNT,5,yes,yes,Baidu,taxonomia base: Baidu,no_detectable,,China,China,,,Ninguna,no,verificacion en vivo,no,"El sitio en inglés no publica política; la única (de la app, en chino) cita PIPL, enumera derechos y da contacto (nic@ustc.edu.cn)."
117,Mundo,WUSTL,Washington University in St. Louis,https://washu.edu,2026-08-14T06:57:38.923Z,14,__cf_bm | _ga_T94ZQ4ENLH | _ga | utag_main__sn | utag_main__se | utag_main__ss | utag_main__st | utag_main_ses_id | utag_main__pn | utag_main_v_id | utag_main_dc_visit | utag_main_dc_event | TAPID | utag_main_dc_region,14,yes,yes,Google Analytics | Tealium,"taxonomia base: Google Analytics, Tealium",no_detectable,,EE.UU.,EE.UU.,,,TrustArc,no,verificacion en vivo,no,Política 'internet privacy' genérica (2018/2019); cubre cookies pero sin marco ni derechos; Privacy Officer (amelungc@wustl.edu).
118,Mundo,Monash,Monash University,https://www.monash.edu,2026-08-14T06:57:46.621Z,12,dxp-sessionid | __cf_bm | __cf_bm | __Secure-YNID | YSC | VISITOR_INFO1_LIVE | VISITOR_PRIVACY_METADATA | __Secure-ROLLOUT_TOKEN | AWSALB | AWSALBCORS | TAPID | utag_main,12,yes,yes,YouTube | Tealium,"taxonomia base: YouTube, Tealium",yes,,Australia,Australia,,,Ninguna,no,verificacion en vivo,no,Hub de privacidad; marco de Victoria; 'Data Consent Settings' (GTM); sin derechos enumerados ni DPO directo; accesibilidad.
119,Mundo,SNU,Seoul National University,https://en.snu.ac.kr,2026-08-14T06:57:59.485Z,3,THESESSID | _ga_PVQ4G3Z4TR | _ga,3,yes,yes,Google Analytics,taxonomia base: Google Analytics,no_detectable,,Corea del Sur,Asia (otros),,,Ninguna,no,verificacion en vivo,no,Política por artículos; PIPA; derechos (Art. 5); DPO (privacy@snu.ac.kr); cookie x_cookie; sin declaración de accesibilidad web.
120,Mundo,Heidelberg,Heidelberg University,https://www.uni-heidelberg.de/en,2026-08-14T06:58:10.314Z,2,d60c1da73e120cb71d18e08fbc35afe3 | da776df753268d07de909818ad8a1544,2,no,no,,sin coincidencia con ninguna taxonomia,no_detectable,,Alemania,Europa cont.,,,Ninguna,no,verificacion en vivo,no,Derechos completos (Sec. VIII); DPO externo (datenschutz süd); cookies en Sec. V; declaración de accesibilidad.
121,Mundo,HKUST,Hong Kong University of Science and Technology,https://hkust.edu.hk/,2026-08-14T06:58:23.160Z,4,_gid | _gat_UA-126519042-1 | _ga_472DPMG63L | _ga,4,yes,yes,Google Analytics,taxonomia base: Google Analytics,no_detectable,,Hong Kong,Hong Kong,,,TrustArc,no,verificacion en vivo,no,PDPO; acceso/corrección (~40 días); Data Privacy Officer (ispdpo@ust.hk); accesibilidad reconocida.
122,Mundo,Karolinska,Karolinska Institutet,https://ki.se/en,2026-08-14T06:58:34.425Z,2,TS01b184ef | TS0140e68c,2,no,no,,sin coincidencia con ninguna taxonomia,no_detectable,,Suecia,Europa cont.,,,TrustArc,yes,verificacion en vivo,yes,Refiere leyes suecas sin nombrar el GDPR; derechos; DPO (dataskyddsombud@ki.se); control y página de cookies; accesibilidad.
123,Mundo,TU Delft,Delft University of Technology,https://www.tudelft.nl/en/,2026-08-14T06:58:46.306Z,1,aff_de7c812cb,1,no,no,,sin coincidencia con ninguna taxonomia,yes,Cookiebot,Países Bajos,Europa cont.,,,Cookiebot | Usercentrics,yes,verificacion en vivo,yes,Cita el GDPR; 6 derechos; DPO (fg@tudelft.nl); política de cookies dedicada; herramienta de accesibilidad (BrowseAloud).
124,Mundo,ANU,Australian National University,https://www.anu.edu.au/,2026-08-14T06:58:56.145Z,10,COOKIE-TERRA-WEB | _twpid | muc_ads | __cf_bm | personalization_id | __cf_bm | _fbp | _ga_E1GV4NJHV2 | _ga | OptanonConsent,10,yes,yes,X/Twitter | Meta | Google Analytics,"taxonomia base: X/Twitter, Meta, Google Analytics",yes,OneTrust,Australia,Australia,,,OneTrust,no,verificacion en vivo,no,Marco federal (Privacy Act + APPs); describe obligaciones sin enumerar derechos; Privacy Officer (privacy@anu.edu.au); accesibilidad WCAG.
125,Mundo,KU Leuven,KU Leuven,https://www.kuleuven.be/english/,2026-08-14T06:59:05.365Z,6,TFC_ffbae7d2 | 7c8af743263edff54f7c25437f0abf9c4d5d416b8af5a8ab8dd648709c75c760 | TFC_fbfdc4f4 | TFC_7ab33d2b | 7c8af743263edff54f7c25437f0abf9c4d5d416b8af5a8ab8dd648709c75c760 | OptanonConsent,6,no,no,,sin coincidencia con ninguna taxonomia,yes,OneTrust,Bélgica,Europa cont.,,,OneTrust | TrustArc,yes,verificacion en vivo,yes,Cita el GDPR; formulario para ejercer derechos; DPO institucional; política de cookies; declaración de accesibilidad.
126,Mundo,Queensland,The University of Queensland,https://www.uq.edu.au/,2026-08-14T06:59:16.188Z,28,_gcl_au | CLID | li_sugr | bcookie | lidc | __cf_bm | UserMatchHistory | AnalyticsSyncHistory | bscookie | IDE | uqlb | _ga_QG0JXDMRML | _ga | _hjSessionUser_2849117 | _hjSession_2849117 | MUID | MR | _fbp | _clck | _uetsid | _uetvid | _clsk | MR | SRM_B | SM | MUID | MR | ANONCHK,28,yes,yes,Google Ads | DoubleClick | Google Analytics | Hotjar | Microsoft | Meta | Microsoft Clarity | Bing UET,"taxonomia base: Google Ads, DoubleClick, Google Analytics, Hotjar, Microsoft, Meta, Microsoft Clarity, Bing UET",no_detectable,,Australia,Australia,,,TrustArc,no,verificacion en vivo,no,Marco de Qld + federal + GDPR; acceso/corrección; Privacy Office (privacy@uq.edu.au); cookies en página legal; accesibilidad WCAG 2.2 AA.
