nombre_cookie,sitios_en_que_aparece
Path,74
__cf_bm,60
VISITOR_PRIVACY_METADATA,19
__Secure-ROLLOUT_TOKEN,19
__Secure-YNID,19
AnalyticsSyncHistory,13
CLID,13
UserMatchHistory,13
bcookie,13
li_sugr,13
lidc,13
bscookie,12
MR,11
ttcsid,11
AWSALB,9
AWSALBCORS,9
cf_clearance,8
OptanonConsent,7
SM,7
f5avraaaaaaaaaaaaaaaa_session_,6
last_pysTrafficSource,6
last_pys_landing_page,6
JSESSIONID,5
PHPSESSID,5
SRM_B,5
_twpid,5
cookiesession1,5
lp_session_guest,5
pbid,5
ANONCHK,4
TapAd_3WAY_SYNCS,4
TapAd_DID,4
TapAd_TS,4
_GRECAPTCHA,4
muc_ads,4
receive-cookie-deprecation,4
HMACCOUNT_BFESS,3
TAPID,3
cookieyes-consent,3
demdex,3
7c8af743263edff54f7c25437f0abf9c4d5d416b8af5a8ab8dd648709c75c760,2
BIGipServer~trust-662~pool_evnuinfo_80,2
CMID,2
CMPRO,2
CMPS,2
COOKIE_SUPPORT,2
GUEST_LANGUAGE_ID,2
PugT,2
TDCPM,2
TDID,2
X-AB,2
XANDR_PANID,2
XSRF-TOKEN,2
__hssc,2
__hssrc,2
__hstc,2
_scid,2
_scid_r,2
_sctr,2
anj,2
audit,2
audit_p,2
dpm,2
dxp-sessionid,2
ep_session_id,2
gpv_Page,2
hubspotutk,2
i,2
khaos,2
khaos_p,2
mautic_device_id,2
mtc_id,2
mtc_sid,2
pi,2
pll_language,2
pxrc,2
rlas3,2
sa-user-id,2
sa-user-id-v2,2
sc_at,2
sppb_user_timezone,2
srs_unique_visitor,2
uuid2,2
vk,2
vuid,2
wp-wpml_current_language,2
-CvHXKGnZahzY_yQ,1
.ASPXANONYMOUS,1
14e299400af5767870c264ab1b109c33,1
489c4e03dd158b76f3e726728ac0dc12,1
AMCVS_35B46472540D9EE20A4C98A6%40AdobeOrg,1
ARRAffinity-WindowsWF,1
ARRAffinitySameSite,1
ASP.NET_SessionId,1
AWSALBTG,1
AWSALBTGCORS,1
ApplicationGatewayAffinity,1
ApplicationGatewayAffinityCORS,1
BIGipServer~CUIT~varnish-prod-ci.cc.columbia.edu-128.59.44.80.443-pool,1
COOKIE-TERRA-WEB,1
ELOQUA,1
ELQSTATUS,1
KRTBCOOKIE_10,1
KRTBCOOKIE_218,1
LFR_SESSION_STATE_20102,1
NEXT_LOCALE,1
NOmWDnU,1
OTP,1
QYyzCie-THwMxo,1
SC_ANALYTICS_GLOBAL_COOKIE,1
SERVERID,1
SESSION,1
TFC_7ab33d2b,1
TFC_fbfdc4f4,1
TFC_ffbae7d2,1
THESESSID,1
TS0140e68c,1
TS014590ac,1
TS01b184ef,1
TestIfCookieP,1
WMF-Uniq,1
__Host-next-auth.csrf-token,1
__RequestVerificationToken,1
__Secure-next-auth.callback-url,1
__adroll,1
__adroll_fpc,1
__adroll_shared,1
__ar_v4,1
__cf_ob,1
__stid,1
__stidv,1
_affinity,1
_cc_aud,1
_cc_cc,1
_cc_dc,1
_cc_id,1
_ce.s,1
_cfuvid,1
_mkto_trk,1
_parsely_session,1
_parsely_visitor,1
_rdt_uuid,1
_ssuma,1
ab,1
adaptive_image,1
aff_de7c812cb,1
at_check,1
c,1
campaign_name,1
ci_session,1
cmplz_consent_mode,1
contrast,1
csync,1
d60c1da73e120cb71d18e08fbc35afe3,1
da776df753268d07de909818ad8a1544,1
dextp,1
did,1
didts,1
dismissed-alerts,1
dnn_IsMobile,1
dtCookie,1
dtPC,1
dtSa,1
elfsight_viewed_recently,1
everest_g_v2,1
gateway_session,1
global_segmentation_cookie,1
gp_easy_passthrough_session,1
gpv_Page_url,1
gtm_isp_lookup,1
guest_id,1
guest_id_ads,1
guest_id_marketing,1
highcontra,1
homepage,1
https://www.unimelb.edu.au_oeu1786690347196r0.7871311254701717$$17791710119$$session_state,1
incap_ses_993_1988262,1
ipCheckCompleted,1
isColumbiaSites,1
kndctr_0BFB1E5866E1D2E70A495C3B_AdobeOrg_cluster,1
kndctr_0BFB1E5866E1D2E70A495C3B_AdobeOrg_identity,1
language,1
ma_popup_visitor,1
mako_uid,1
ms_visitorid,1
nlbi_1988262,1
nnls,1
optimizelyEndUserId,1
optimizelySession,1
osano_consentmanager,1
osano_consentmanager_uuid,1
ospSession,1
path,1
pid,1
pk,1
player,1
pmpro_visit,1
previousPageUrl,1
pvc_visits[0],1
route,1
rxVisitor,1
rxvt,1
saclay-tac,1
searchstax_session_id,1
session-cookie,1
sf-prs-lu,1
sf-prs-ss,1
shell#lang,1
show1stPhoto_en,1
sk,1
sp_landing,1
sp_t,1
spvc,1
ssi,1
su_pseudo_id,1
su_session_id,1
sxa_site,1
t_gid,1
t_pt_gid,1
tfpsi,1
tluid,1
traffic_source,1
ttcsid_CG9OMIBC77U573C8UFI0,1
ttcsid_CHMIO1JC77UCDSLJ1P00,1
ttcsid_CITCNNJC77U9QO6OHPDG,1
ttcsid_CLPOE1BC77U6SG2AL6P0,1
ttcsid_CMJC33JC77UEKGPKFH10,1
ttcsid_CMLB0CRC77UEKGPKHU00,1
ttcsid_CPCA7BBC77U09VQADIEG,1
ttcsid_CQHKB7RC77U6M4ETUDB0,1
ttcsid_D0MGCJBC77U2LS75RK60,1
ttcsid_D3BC0N3C77U8DNM9Q7J0,1
ttcsid_D3NTPGRC77UELR3N1AFG,1
tuuid,1
tuuid_lu,1
u,1
ueb_session,1
uid,1
um_privacy_consent,1
uqlb,1
visid_incap_1988262,1
wVMTf_,1
www#lang,1
