id,grupo,sigla,universidad,pais,url,fecha,axe_version,ok,https,cookies_total_pre,cookies_rastreo_pre,nombres_pre,nombres_rastreo,cmp,banner,title,lang,viewport,skip_link,ax_violaciones,ax_nodos,nodos_A,nodos_AA,nodos_AAA,perceptible,operable,comprensible,robusto,max_nivel_sin_fallo,incompletos,passes
1,ecuador,EPN,Escuela Politécnica Nacional,EC,https://www.epn.edu.ec,2026-08-14T06:38:17.158Z,4.13.0,yes,yes,3,0,path | ep_session_id | cf_clearance,,,no,,es,yes,no,3,4,2,2,0,2,2,0,0,ninguno,1,28
2,ecuador,ESPOL,Escuela Superior Politécnica del Litoral,EC,https://www.espol.edu.ec,2026-08-14T06:38:26.458Z,4.13.0,yes,yes,5,4,TS014590ac | _ga_2QNGYSJLK4 | _ga | _gid | _gat_gtag_UA_5343888_2,_ga_2QNGYSJLK4 | _ga | _gid | _gat_gtag_UA_5343888_2,CookieYes,yes,Escuela Superior Politécnica del Litoral,es,yes,yes,4,76,2,67,7,64,10,0,2,ninguno,4,32
3,ecuador,ESPOCH,Escuela Superior Politécnica de Chimborazo,EC,https://www.espoch.edu.ec,2026-08-14T06:38:35.630Z,4.13.0,yes,yes,2,0,cookiesession1 | cookieyes-consent,,CookieYes,yes,Inicio - ESPOCH｜ESCUELA SUPERIOR POLITECNICA DE CHIMBORAZO,es,yes,no,3,70,16,4,50,54,16,0,0,ninguno,4,32
4,ecuador,ESPAM MFL,Escuela Superior Politécnica Agropecuaria de Manabí Manuel Félix López,EC,https://www.espam.edu.ec,2026-08-14T06:38:43.667Z,4.13.0,yes,yes,0,0,,,,no,ESPAM MFL,es,yes,no,7,32,14,9,9,21,8,0,3,ninguno,2,22
5,ecuador,ESPE,Universidad de las Fuerzas Armadas ESPE,EC,https://www.espe.edu.ec,2026-08-14T06:38:53.697Z,4.13.0,yes,yes,81,7, |  |  |  |  |  |  |  |  |  |  |  |  |  |  |  |  |  |  |  |  |  |  |  |  |  |  |  |  |  |  |  |  |  |  |  |  |  |  |  |  |  |  |  |  |  |  |  |  |  |  |  |  |  |  |  |  |  |  |  |  |  |  |  |  |  |  |  |  |  |  |  | route | ospSession | __utma | __utmc | __utmz | __utmt | __utmb | _ga_DNYB2YPXC9 | _ga,__utma | __utmc | __utmz | __utmt | __utmb | _ga_DNYB2YPXC9 | _ga,,no,ESPE | Universidad de las Fuerzas Armadas | Sangolquí,es,yes,yes,3,20,11,9,0,0,18,0,2,ninguno,2,27
6,ecuador,UCE,Universidad Central del Ecuador,EC,https://www.uce.edu.ec,2026-08-14T06:39:02.200Z,4.13.0,yes,yes,8,5,JSESSIONID | COOKIE_SUPPORT | GUEST_LANGUAGE_ID | __utma | __utmc | __utmz | __utmt | __utmb,__utma | __utmc | __utmz | __utmt | __utmb,,no,administrativos - Universidad Central del Ecuador,es,yes,no,4,97,17,15,65,80,17,0,0,ninguno,3,28
7,ecuador,UCuenca,Universidad de Cuenca,EC,https://www.ucuenca.edu.ec,2026-08-14T06:39:10.985Z,4.13.0,yes,yes,12,8,_ga | _ga_23BSZ91CCT | wp-wpml_current_language | pys_session_limit | pys_start_session | pys_first_visit | pysTrafficSource | pys_landing_page | last_pysTrafficSource | last_pys_landing_page | _fbp | pbid,_ga | _ga_23BSZ91CCT | pys_session_limit | pys_start_session | pys_first_visit | pysTrafficSource | pys_landing_page | _fbp,,yes,Home - UCUENCA,es-ES,yes,no,5,61,57,4,0,5,39,0,17,ninguno,4,26
8,ecuador,UG,Universidad de Guayaquil,EC,https://www.ug.edu.ec,2026-08-14T06:39:18.968Z,4.13.0,yes,yes,2,0,pvc_visits[0] | srs_unique_visitor,,,no,"Universidad de Guayaquil – La universidad más grande, importante y gloriosa del país.",es,yes,no,1,22,0,0,22,22,0,0,0,AA,3,30
9,ecuador,UNL,Universidad Nacional de Loja,EC,https://www.unl.edu.ec,2026-08-14T06:39:26.894Z,4.13.0,yes,yes,2,2,_ga_HCDKPL9C20 | _ga,_ga_HCDKPL9C20 | _ga,CookieYes,no,Inicio Universidad Nacional de Loja,es,yes,no,4,122,115,6,1,14,108,0,0,ninguno,2,32
10,ecuador,UAE,Universidad Agraria del Ecuador,EC,https://www.uagraria.edu.ec,2026-08-14T06:39:34.357Z,4.13.0,yes,yes,4,4,_ga | _gid | _gat | _ga_5PM2XSRM63,_ga | _gid | _gat | _ga_5PM2XSRM63,,no,UAE - La Nueva Universidad Agraria,es,yes,no,5,34,6,15,13,28,0,0,6,ninguno,3,25
11,ecuador,UTA,Universidad Técnica de Ambato,EC,https://uta.edu.ec,2026-08-14T06:39:43.161Z,4.13.0,yes,yes,0,0,,,,no,UTA,es,yes,no,3,15,6,2,7,9,0,0,6,ninguno,4,27
12,ecuador,UTB,Universidad Técnica de Babahoyo,EC,https://utb.edu.ec,2026-08-14T06:39:49.562Z,4.13.0,yes,yes,9,6,_gid | _gat_gtag_UA_68893477_2 | __Secure-YNID | YSC | VISITOR_INFO1_LIVE | VISITOR_PRIVACY_METADATA | __Secure-ROLLOUT_TOKEN | _ga_WNXLYS2MLG | _ga,_gid | _gat_gtag_UA_68893477_2 | YSC | VISITOR_INFO1_LIVE | _ga_WNXLYS2MLG | _ga,,no,Universidad Técnica de Babahoyo | Por ti UTB,es,yes,yes,7,32,23,9,0,6,21,0,5,ninguno,1,23
13,ecuador,UTC,Universidad Técnica de Cotopaxi,EC,https://www.utc.edu.ec,2026-08-14T06:39:56.657Z,4.13.0,yes,yes,10,2,dnn_IsMobile | language | .ASPXANONYMOUS | __RequestVerificationToken | __cf_bm | __Secure-YNID | YSC | VISITOR_INFO1_LIVE | VISITOR_PRIVACY_METADATA | __Secure-ROLLOUT_TOKEN,YSC | VISITOR_INFO1_LIVE,,no,Universidad Técnica de Cotopaxi > Home,es-ES,yes,no,5,40,39,1,0,19,19,0,2,ninguno,2,23
14,ecuador,UTMACH,Universidad Técnica de Machala,EC,https://www.utmachala.edu.ec,2026-08-14T06:40:01.775Z,4.13.0,yes,yes,0,0,,,,no,Universidad Técnica de Machala,es-ec,yes,no,4,8,2,6,0,7,1,0,0,ninguno,0,14
15,ecuador,UTM,Universidad Técnica de Manabí,EC,https://www.utm.edu.ec,2026-08-14T06:40:10.509Z,4.13.0,yes,yes,2,0,489c4e03dd158b76f3e726728ac0dc12 | sppb_user_timezone,,,no,Universidad Técnica de Manabí - Inicio,es-es,yes,no,5,39,23,7,9,14,12,0,13,ninguno,2,28
16,ecuador,UTN,Universidad Técnica del Norte,EC,https://www.utn.edu.ec,2026-08-14T06:40:17.863Z,4.13.0,yes,yes,3,2,_GRECAPTCHA | _ga_SBC1J4DHX0 | _ga,_ga_SBC1J4DHX0 | _ga,,no,Universidad Técnica del Norte – Ciencia y Técnica al Servicio del Pueblo,es,yes,no,4,23,9,5,9,15,8,0,0,ninguno,1,29
17,ecuador,UTEQ,Universidad Técnica Estatal de Quevedo,EC,https://www.uteq.edu.ec,2026-08-14T06:40:24.861Z,4.13.0,yes,yes,3,3,_ga_WVWWZZ7544 | _ga | _ga_SSTPXREYGZ,_ga_WVWWZZ7544 | _ga | _ga_SSTPXREYGZ,,no,UTEQ - Universidad Técnica Estatal de Quevedo,es,yes,no,5,110,109,0,1,7,0,0,103,ninguno,3,29
18,ecuador,UTELVT,Universidad Técnica Luis Vargas Torres de Esmeraldas,EC,https://www.utelvt.edu.ec,2026-08-14T06:40:35.349Z,4.13.0,yes,yes,0,0,,,,no,Universidad Técnica Luis Vargas Torres – Universidad Técnica Luis Vargas Torres,es,yes,no,4,32,6,9,17,27,5,0,0,ninguno,3,27
19,ecuador,UEB,Universidad Estatal de Bolívar,EC,https://www.ueb.edu.ec,2026-08-14T06:40:44.732Z,4.13.0,yes,yes,2,0,XSRF-TOKEN | ueb_session,,CookieYes,no,Universidad Estatal de Bolívar,es,yes,no,5,55,28,13,14,27,26,0,2,ninguno,3,30
20,ecuador,UNESUM,Universidad Estatal del Sur de Manabí,EC,https://unesum.edu.ec,2026-08-14T06:40:52.207Z,4.13.0,yes,yes,1,0,__cf_bm,,,no,UNIVERSIDAD ESTATAL DEL SUR DE MANABÍ – UNESUM,es,yes,no,2,8,8,0,0,1,7,0,0,ninguno,4,31
21,ecuador,UNEMI,Universidad Estatal de Milagro,EC,https://www.unemi.edu.ec,2026-08-14T06:41:00.997Z,4.13.0,yes,yes,2,2,_ga | _ga_MQGK6RGL8F,_ga | _ga_MQGK6RGL8F,,no,UNEMI - ¡La Universidad en línea del Ecuador!,es,yes,no,5,34,28,6,0,6,23,0,5,ninguno,4,31
22,ecuador,UEA,Universidad Estatal Amazónica,EC,https://www.uea.edu.ec,2026-08-14T06:41:12.184Z,4.13.0,yes,yes,2,2,_ga_450T1JQNMR | _ga,_ga_450T1JQNMR | _ga,,no,Universidad Estatal Amazónica – Educación con excelencia académica,es,yes,yes,1,17,0,17,0,17,0,0,0,A,4,29
23,ecuador,UPSE,Universidad Estatal Península de Santa Elena,EC,https://www.upse.edu.ec,2026-08-14T06:41:21.613Z,4.13.0,yes,yes,2,0,14e299400af5767870c264ab1b109c33 | sppb_user_timezone,,,no,UPSE,es-es,yes,no,3,7,1,6,0,4,2,0,1,ninguno,2,26
24,ecuador,ULEAM,Universidad Laica Eloy Alfaro de Manabí,EC,https://www.uleam.edu.ec,2026-08-14T06:41:36.640Z,4.13.0,yes,yes,4,4,_gid | _gat_gtag_UA_81009815_1 | _ga_12F9F68E6S | _ga,_gid | _gat_gtag_UA_81009815_1 | _ga_12F9F68E6S | _ga,,no,ULEAM,es,yes,no,8,36,20,7,9,18,8,0,10,ninguno,3,31
25,ecuador,UNACH,Universidad Nacional de Chimborazo,EC,https://www.unach.edu.ec,2026-08-14T06:41:46.165Z,4.13.0,yes,yes,5,4,_gid | _gat_gtag_UA_133447811_1 | _ga_YQBSJ5PHNG | _ga | srs_unique_visitor,_gid | _gat_gtag_UA_133447811_1 | _ga_YQBSJ5PHNG | _ga,,no,Inicio » Universidad Nacional de Chimborazo,es-CO,yes,yes,6,30,10,18,2,9,21,0,0,ninguno,4,31
26,ecuador,UNAE,Universidad Nacional de Educación,EC,https://unae.edu.ec,2026-08-14T06:41:56.053Z,4.13.0,yes,yes,12,7,_GRECAPTCHA | _ga_5FWX93M6TG | YSC | VISITOR_INFO1_LIVE | VISITOR_PRIVACY_METADATA | pll_language | _gid | _gat_gtag_UA_154339291_1 | __Secure-YNID | __Secure-ROLLOUT_TOKEN | _ga_R13W2764LB | _ga,_ga_5FWX93M6TG | YSC | VISITOR_INFO1_LIVE | _gid | _gat_gtag_UA_154339291_1 | _ga_R13W2764LB | _ga,,no,UNAE,es-ES,yes,yes,3,14,1,10,3,13,1,0,0,ninguno,2,31
27,ecuador,UPEC,Universidad Politécnica Estatal del Carchi,EC,https://upec.edu.ec,2026-08-14T06:42:08.590Z,4.13.0,yes,yes,11,0,PHPSESSID | sbjs_migrations | sbjs_current_add | sbjs_first_add | sbjs_current | sbjs_first | sbjs_udata | sbjs_session | __cf_bm | player | vuid,,,no,UPEC,es,yes,no,3,30,10,20,0,20,7,0,3,ninguno,5,34
28,ecuador,Yachay Tech,Universidad de Investigación de Tecnología Experimental Yachay,EC,https://yachaytech.edu.ec,2026-08-14T06:42:19.188Z,4.13.0,yes,yes,1,0,lp_session_guest,,,no,Universidad YachayTech – Hacemos ciencia y tecnología,es-EC,yes,yes,5,31,16,1,14,14,12,0,5,ninguno,2,34
29,ecuador,Ikiam,Universidad Regional Amazónica Ikiam,EC,https://www.ikiam.edu.ec,2026-08-14T06:42:26.985Z,4.13.0,yes,yes,2,2,_ga_HFS94B3LXM | _ga,_ga_HFS94B3LXM | _ga,,no,Universidad Regional Amazónica Ikiam,es,yes,no,3,41,14,24,3,27,14,0,0,ninguno,3,33
30,ecuador,UArtes,Universidad de las Artes,EC,https://www.uartes.edu.ec,2026-08-14T06:42:35.525Z,4.13.0,yes,yes,2,2,_ga_8044E6TKJB | _ga,_ga_8044E6TKJB | _ga,CookieYes,no,Universidad de las Artes - Universidad de las Artes,es-ES,yes,no,5,45,12,19,14,27,18,0,0,ninguno,3,34
31,ecuador,Amawtay Wasi,Universidad Intercultural de las Nacionalidades y Pueblos Indígenas Amawtay Wasi,EC,https://uaw.edu.ec,2026-08-14T06:42:42.898Z,4.13.0,yes,yes,2,0,__cf_ob | cf_clearance,,,no,Inicio UAW - Universidad Amawtay Wasi,es,yes,yes,4,30,3,24,3,29,1,0,0,ninguno,4,29
32,ecuador,USECIPOL,Universidad de Seguridad Ciudadana y Ciencias Policiales,EC,https://usecipol.edu.ec,2026-08-14T06:42:49.833Z,4.13.0,yes,yes,0,0,,,,no,USECIPOL | Universidad de Seguridad Ciudadana y Ciencias Policiales,es,yes,no,1,4,0,0,4,4,0,0,0,AA,2,31
33,ecuador,IAEN,Instituto de Altos Estudios Nacionales,EC,https://www.iaen.edu.ec,2026-08-14T06:42:58.817Z,4.13.0,yes,yes,6,2,lp_session_guest | YSC | VISITOR_INFO1_LIVE | VISITOR_PRIVACY_METADATA | __Secure-YNID | __Secure-ROLLOUT_TOKEN,YSC | VISITOR_INFO1_LIVE,,no,INICIO - Universidad de Posgrado del Estado,es,yes,no,3,5,2,1,2,3,0,0,2,ninguno,4,33
34,ecuador,UASB,"Universidad Andina Simón Bolívar, sede Ecuador",EC,https://www.uasb.edu.ec,2026-08-14T06:43:06.971Z,4.13.0,yes,yes,80,17,pys_session_limit | pys_start_session | pys_first_visit | pysTrafficSource | pys_landing_page | last_pysTrafficSource | last_pys_landing_page | _fbp | _gcl_au | _ga_8G7C03T250 | _ttp | _gid | _gat_gtag_UA_64150728_1 | pbid | _ga_T68NNTWDMD | _ga | _twpid | guest_id_marketing | guest_id_ads | personalization_id | guest_id | __cf_bm | _tt_enable_cookie | _ttp | muc_ads | __cf_bm | ttcsid | ttcsid_CHMIO1JC77UCDSLJ1P00 | lidc | li_sugr | bcookie | __cf_bm | receive-cookie-deprecation | receive-cookie-deprecation | __adroll_fpc | UserMatchHistory | AnalyticsSyncHistory | __ar_v4 | bscookie | CMID | CMPS | CMPRO | c | tuuid_lu | tuuid | TapAd_TS | TapAd_DID | IDE | mako_uid | SERVERID | i | tluid | pi | audit_p | khaos | khaos_p | audit | receive-cookie-deprecation | rlas3 | __adroll | __adroll_shared | pid | TestIfCookieP | csync | KRTBCOOKIE_10 | PugT | pxrc | OTP | XANDR_PANID | uuid2 | t_gid | t_pt_gid | did | didts | nnls | pxrc | TDID | anj | TDCPM | TapAd_3WAY_SYNCS,pys_session_limit | pys_start_session | pys_first_visit | pysTrafficSource | pys_landing_page | _fbp | _gcl_au | _ga_8G7C03T250 | _ttp | _gid | _gat_gtag_UA_64150728_1 | _ga_T68NNTWDMD | _ga | personalization_id | _tt_enable_cookie | _ttp | IDE,IAB-TCF,yes,Universidad Andina Simón Bolívar - Bienvenidos al nuevo portal,es,yes,no,6,41,30,8,3,23,14,0,4,ninguno,2,25
35,ecuador,FLACSO,FLACSO Ecuador,EC,https://www.flacso.edu.ec,2026-08-14T06:43:14.710Z,4.13.0,yes,yes,1,0,cf_clearance,,CookieYes,no,Inicio | FLACSO Ecuador :: Universidad Latinoamericana de Postgrado Líder en Ciencias Sociales,es,yes,yes,3,38,21,17,0,18,20,0,0,ninguno,2,28
36,ecuador,PUCE,Pontificia Universidad Católica del Ecuador,EC,https://www.puce.edu.ec,2026-08-14T06:43:25.361Z,4.13.0,yes,yes,30,15,_ttp | li_sugr | lidc | bcookie | __cf_bm | CLID | UserMatchHistory | AnalyticsSyncHistory | _tt_enable_cookie | _ttp | bscookie | _ga | _ga_H8JQ0KWN0K | ttcsid | ttcsid_D0MGCJBC77U2LS75RK60 | _fbp | _gcl_au | _ga_1TG94HC9HF | _clck | test_cookie | _clsk | _hjSessionUser_4991704 | _hjSession_4991704 | MUID | MR | SRM_B | SM | MUID | MR | ANONCHK,_ttp | _tt_enable_cookie | _ttp | _ga | _ga_H8JQ0KWN0K | _fbp | _gcl_au | _ga_1TG94HC9HF | _clck | test_cookie | _clsk | _hjSessionUser_4991704 | _hjSession_4991704 | MUID | MUID,,no,"Carreras universitarias en Quito, Ecuador | PUCE 80 años",es,yes,no,5,31,12,12,7,15,16,0,0,ninguno,3,21
37,ecuador,UCSG,Universidad Católica de Santiago de Guayaquil,EC,https://www.ucsg.edu.ec,2026-08-14T06:43:36.417Z,4.13.0,yes,yes,14,3,_GRECAPTCHA | lp_session_guest | PHPSESSID | pmpro_visit | sbjs_migrations | sbjs_current_add | sbjs_first_add | sbjs_current | sbjs_first | sbjs_udata | sbjs_session | _ga_Z1DV026L7M | _ga | _fbp,_ga_Z1DV026L7M | _ga | _fbp,Complianz,yes,UCSG – Universidad Católica de Santiago de Guayaquil,es,yes,no,4,10,7,2,1,2,8,0,0,ninguno,2,30
38,ecuador,UCACUE,Universidad Católica de Cuenca,EC,https://www.ucacue.edu.ec,2026-08-14T06:43:46.012Z,4.13.0,yes,yes,24,14,_GRECAPTCHA | _ttp | __cf_bm | CLID | _ga_MSV6X9XSF1 | _ga | _tt_enable_cookie | _ttp | pys_session_limit | pys_start_session | pys_first_visit | pysTrafficSource | pys_landing_page | last_pysTrafficSource | last_pys_landing_page | _fbp | ttcsid | ttcsid_CG9OMIBC77U573C8UFI0 | _clck | _clsk | __cf_bm | pbid | SM | MUID,_ttp | _ga_MSV6X9XSF1 | _ga | _tt_enable_cookie | _ttp | pys_session_limit | pys_start_session | pys_first_visit | pysTrafficSource | pys_landing_page | _fbp | _clck | _clsk | MUID,,yes,Universidad Católica de Cuenca - UCACUE - Universidad Católica de Cuenca,es,yes,yes,6,38,16,5,17,17,10,0,11,ninguno,6,36
39,ecuador,ULVR,Universidad Laica Vicente Rocafuerte de Guayaquil,EC,https://www.ulvr.edu.ec,2026-08-14T06:43:53.471Z,4.13.0,yes,yes,1,0,lp_session_guest,,,no,ULVR – Universidad Laica Vicente Rocafuerte de Guayaquil,es,yes,no,2,13,11,2,0,2,11,0,0,ninguno,2,20
40,ecuador,UTPL,Universidad Técnica Particular de Loja,EC,https://www.utpl.edu.ec,2026-08-14T06:44:01.190Z,4.13.0,yes,yes,6,5,CLID | _ga_5W6THEE90T | _ga | _fbp | _clck | _clsk,_ga_5W6THEE90T | _ga | _fbp | _clck | _clsk,,no,¿Qué programas hay en la UTPL?,es,yes,no,6,35,9,1,25,30,3,0,2,ninguno,4,30
41,ecuador,UTE,Universidad UTE,EC,https://ute.edu.ec,2026-08-14T06:44:11.122Z,4.13.0,yes,yes,0,0,,,,no,"Universidad UTE - La mejor Universidad del Ecuador | Posgrado, Grado, ...",es,yes,no,3,29,9,5,15,20,9,0,0,ninguno,3,28
42,ecuador,UDA,Universidad del Azuay,EC,https://www.uazuay.edu.ec,2026-08-14T06:44:18.982Z,4.13.0,yes,yes,2,2,_hjSessionUser_3811066 | _hjSession_3811066,_hjSessionUser_3811066 | _hjSession_3811066,,yes,Universidad del Azuay,es,yes,no,4,31,13,12,6,19,12,0,0,ninguno,5,28
43,ecuador,UPS,Universidad Politécnica Salesiana,EC,https://www.ups.edu.ec,2026-08-14T06:44:28.532Z,4.13.0,yes,yes,116,16,Path | Path | Path | Path | Path | Path | Path | Path | Path | Path | Path | Path | Path | Path | Path | Path | Path | Path | Path | Path | Path | Path | Path | Path | Path | Path | Path | Path | Path | Path | Path | Path | Path | Path | Path | Path | Path | Path | Path | Path | Path | Path | Path | Path | Path | Path | Path | Path | Path | Path | Path | Path | Path | Path | Path | Path | Path | Path | Path | Path | Path | Path | Path | Path | Path | Path | Path | Path | Path | Path | Path | Path | Path | JSESSIONID | COOKIE_SUPPORT | GUEST_LANGUAGE_ID | Path | _gid | _gat | __Secure-YNID | YSC | VISITOR_INFO1_LIVE | VISITOR_PRIVACY_METADATA | __Secure-ROLLOUT_TOKEN | CLID | _gcl_au | LFR_SESSION_STATE_20102 | _clck | __cf_bm | _ttp | __cf_bm | __cf_bm | __cf_bm | __cf_bm | _ga_G3SXTJRVXE | _ga | _tt_enable_cookie | _ttp | _clsk | _fbp | ttcsid | ttcsid_D3BC0N3C77U8DNM9Q7J0 | __hstc | hubspotutk | __hssrc | __hssc | __cf_bm | __cf_bm | MUID | MR | SRM_B | IDE | SM | MUID | MR | ANONCHK,_gid | _gat | YSC | VISITOR_INFO1_LIVE | _gcl_au | _clck | _ttp | _ga_G3SXTJRVXE | _ga | _tt_enable_cookie | _ttp | _clsk | _fbp | MUID | IDE | MUID,,no,Universidad Politécnica Salesiana | UPS Ecuador - UPS,es-ES,yes,yes,4,10,10,0,0,5,2,0,3,ninguno,3,27
44,ecuador,UISEK,Universidad Internacional SEK,EC,https://uisek.edu.ec,2026-08-14T06:45:06.622Z,4.13.0,yes,yes,21,12,_ttp | _tt_enable_cookie | _ttp | _gid | _gat_UA-27018080-1 | _gat_gtag_UA_120295323_1 | _ga_XJR5CJJLR4 | _ga | li_sugr | bcookie | lidc | __cf_bm | UserMatchHistory | AnalyticsSyncHistory | _ga_ES4V2WR0X1 | _gcl_au | _fbp | test_cookie | bscookie | ttcsid | ttcsid_CITCNNJC77U9QO6OHPDG,_ttp | _tt_enable_cookie | _ttp | _gid | _gat_UA-27018080-1 | _gat_gtag_UA_120295323_1 | _ga_XJR5CJJLR4 | _ga | _ga_ES4V2WR0X1 | _gcl_au | _fbp | test_cookie,,no,UISEK - Ecuador,es,yes,no,5,28,18,10,0,11,11,0,6,ninguno,3,26
45,ecuador,UEES,Universidad de Especialidades Espíritu Santo,EC,https://uees.edu.ec,2026-08-14T06:45:18.688Z,4.13.0,yes,yes,39,19,__cf_bm | _cfuvid | elfsight_viewed_recently | YSC | VISITOR_INFO1_LIVE | VISITOR_PRIVACY_METADATA | _gcl_au | _ttp | CLID | _ga_RG4RVWE64Q | __Secure-YNID | __Secure-ROLLOUT_TOKEN | _twpid | _gid | _gat_UA-172180399-2 | _gat_UA-217409406-3 | personalization_id | __cf_bm | muc_ads | __cf_bm | IDE | _tt_enable_cookie | _ttp | _ga_T4TERSTX4G | _ga | _clck | _fbp | li_sugr | bcookie | lidc | __cf_bm | UserMatchHistory | AnalyticsSyncHistory | bscookie | _clsk | _ga_STV75W996F | _ga_KMEPWM9403 | ttcsid_CLPOE1BC77U6SG2AL6P0 | ttcsid,YSC | VISITOR_INFO1_LIVE | _gcl_au | _ttp | _ga_RG4RVWE64Q | _gid | _gat_UA-172180399-2 | _gat_UA-217409406-3 | personalization_id | IDE | _tt_enable_cookie | _ttp | _ga_T4TERSTX4G | _ga | _clck | _fbp | _clsk | _ga_STV75W996F | _ga_KMEPWM9403,,no,UEES - Universidad Espíritu Santo - Ecuador,es-EC,yes,no,4,30,6,8,16,25,5,0,0,ninguno,0,29
46,ecuador,USFQ,Universidad San Francisco de Quito,EC,https://www.usfq.edu.ec,2026-08-14T06:45:29.080Z,4.13.0,yes,yes,3,3,_ga_G80CBJM3N2 | _ga | _fbp,_ga_G80CBJM3N2 | _ga | _fbp,,no,Inicio | Universidad San Francisco de Quito - Ecuador,es,yes,yes,6,54,4,16,34,51,2,0,1,ninguno,4,29
47,ecuador,UDLA,Universidad de las Américas,EC,https://www.udla.edu.ec,2026-08-14T06:46:10.087Z,4.13.0,yes,yes,12,0,NEXT_LOCALE | session-cookie | cookiesession1 | rxVisitor | dtPC | dtSa | rxvt | dtCookie | cookiesession1 | __Host-next-auth.csrf-token | __Secure-next-auth.callback-url | ARRAffinitySameSite,,Cookiebot | IAB-TCF,yes,"UDLA | Educación Superior de calidad en Quito, Ecuador | UDLA",es,yes,no,6,53,14,7,32,40,6,0,7,ninguno,2,35
48,ecuador,UIDE,Universidad Internacional del Ecuador,EC,https://www.uide.edu.ec,2026-08-14T06:46:19.836Z,4.13.0,yes,yes,24,7,lp_session_guest | cookieyes-consent | CLID | li_sugr | bcookie | lidc | __cf_bm | _pin_unauth | tfpsi | UserMatchHistory | AnalyticsSyncHistory | _uetsid | _uetvid | bscookie | MUID | MR | _clck | _clsk | MR | SRM_B | SM | MUID | MR | ANONCHK,_pin_unauth | _uetsid | _uetvid | MUID | _clck | _clsk | MUID,CookieYes,yes,Universidad Internacional del Ecuador,es,yes,no,10,45,30,12,3,8,21,0,16,ninguno,4,36
49,ecuador,UNIANDES,Universidad Regional Autónoma de los Andes,EC,https://www.uniandes.edu.ec,2026-08-14T06:46:33.160Z,4.13.0,yes,yes,0,0,,,,no,Uniandes | Universidad Regional Autónoma de los Andes,es,yes,no,4,22,7,15,0,11,9,0,2,ninguno,4,29
50,ecuador,UPACÍFICO,Universidad del Pacífico Escuela de Negocios,EC,https://upacifico.edu.ec,2026-08-14T06:46:41.796Z,4.13.0,yes,yes,5,4,_gcl_au | ma_popup_visitor | _ga_4DXVYNQP5Y | _ga | test_cookie,_gcl_au | _ga_4DXVYNQP5Y | _ga | test_cookie,,no,UPACIFICO Ecuador. Formación Universitaria de calidad,es,yes,no,2,25,4,21,0,21,4,0,0,ninguno,4,29
51,ecuador,UTI,Universidad Tecnológica Indoamérica,EC,https://www.indoamerica.edu.ec,2026-08-14T06:46:50.775Z,4.13.0,yes,yes,27,19,_ttp | pys_session_limit | pys_start_session | pys_first_visit | pysTrafficSource | pys_landing_page | last_pysTrafficSource | last_pys_landing_page | _fbp | WMF-Uniq | _cs_c | _cs_id | _cs_s | _gcl_au | _ga_0G8LBGW2QF | _ga_TY4XSDKKNQ | _ga_WHTF7DF7Q5 | _ga | _gid | _gat_gtag_UA_245920016_1 | test_cookie | _tt_enable_cookie | _ttp | _hjSessionUser_3201143 | _hjSession_3201143 | ttcsid | ttcsid_CMJC33JC77UEKGPKFH10,_ttp | pys_session_limit | pys_start_session | pys_first_visit | pysTrafficSource | pys_landing_page | _fbp | _gcl_au | _ga_0G8LBGW2QF | _ga_TY4XSDKKNQ | _ga_WHTF7DF7Q5 | _ga | _gid | _gat_gtag_UA_245920016_1 | test_cookie | _tt_enable_cookie | _ttp | _hjSessionUser_3201143 | _hjSession_3201143,,no,"Universidad Indoamérica | Carreras, Posgrados e Innovación EducativaPostula a nuestras carreras de grado y programas de posgrado -",es,yes,no,5,20,9,10,1,8,12,0,0,ninguno,5,31
52,ecuador,Casa Grande,Universidad Casa Grande,EC,https://www.casagrande.edu.ec,2026-08-14T06:46:58.062Z,4.13.0,yes,yes,6,5,cf_clearance | _gcl_au | _ga_9X04C12TB4 | _ga | _fbp | test_cookie,_gcl_au | _ga_9X04C12TB4 | _ga | _fbp | test_cookie,,no,Inicio | Universidad Casa Grande,es,yes,yes,1,10,0,0,10,10,0,0,0,AA,2,30
53,ecuador,UTEG,Universidad Tecnológica Empresarial de Guayaquil,EC,https://www.uteg.edu.ec,2026-08-14T06:47:11.701Z,4.13.0,yes,yes,28,11,li_sugr | bcookie | lidc | __cf_bm | UserMatchHistory | AnalyticsSyncHistory | bscookie | wp-wpml_current_language | gp_easy_passthrough_session | pys_session_limit | pys_start_session | pys_first_visit | pysTrafficSource | pys_landing_page | last_pysTrafficSource | last_pys_landing_page | __Secure-YNID | YSC | VISITOR_INFO1_LIVE | VISITOR_PRIVACY_METADATA | __Secure-ROLLOUT_TOKEN | pbid | _fbp | _ttp | _tt_enable_cookie | _ttp | ttcsid | ttcsid_CMLB0CRC77UEKGPKHU00,pys_session_limit | pys_start_session | pys_first_visit | pysTrafficSource | pys_landing_page | YSC | VISITOR_INFO1_LIVE | _fbp | _ttp | _tt_enable_cookie | _ttp,CookieScript,yes,Universidad Tecnológica Empresarial de Guayaquil | UTEG,es-ES,yes,yes,7,34,16,9,9,24,9,0,1,ninguno,5,34
54,ecuador,UISRAEL,Universidad Tecnológica Israel,EC,https://www.uisrael.edu.ec,2026-08-14T06:47:21.796Z,4.13.0,yes,yes,15,10,ep_session_id | pys_session_limit | pys_start_session | pys_first_visit | pysTrafficSource | pys_landing_page | last_pysTrafficSource | last_pys_landing_page | _fbp | pbid | cf_clearance | _ga_V27RS2GGDQ | _ga | _gcl_au | test_cookie,pys_session_limit | pys_start_session | pys_first_visit | pysTrafficSource | pys_landing_page | _fbp | _ga_V27RS2GGDQ | _ga | _gcl_au | test_cookie,Complianz,yes,UISRAEL – Universidad Tecnológica Israel,es,yes,no,6,78,16,47,15,68,9,0,1,ninguno,5,30
55,ecuador,UDET,Universidad de Especialidades Turísticas,EC,https://www.udet.edu.ec,2026-08-14T06:47:29.633Z,4.13.0,yes,yes,5,5,_ga_XNE2Q2CKBY | _gid | _gat_gtag_UA_214964925_1 | _ga_EJ3V1JB3S2 | _ga,_ga_XNE2Q2CKBY | _gid | _gat_gtag_UA_214964925_1 | _ga_EJ3V1JB3S2 | _ga,,no,INICIO - UDET,es,yes,no,6,36,15,8,13,21,11,0,4,ninguno,3,25
56,ecuador,UMET,Universidad Metropolitana del Ecuador,EC,https://umet.edu.ec,2026-08-14T06:47:46.245Z,4.13.0,yes,yes,11,5,-CvHXKGnZahzY_yQ | QYyzCie-THwMxo | wVMTf_ | NOmWDnU | pll_language | _gcl_au | _ga | _ga_2J1L9P1VMY | test_cookie | _fbp | PHPSESSID,_gcl_au | _ga | _ga_2J1L9P1VMY | test_cookie | _fbp,,no,Universidad Metropolitana • Universidad Metropolitana,es-EC,yes,yes,3,18,1,11,6,17,1,0,0,ninguno,2,34
57,ecuador,U. Otavalo,Universidad de Otavalo,EC,https://www.uotavalo.edu.ec,2026-08-14T06:47:54.378Z,4.13.0,yes,yes,2,0,cookiesession1 | __cf_bm,,,yes,Universidad de Otavalo,es,yes,yes,2,8,2,0,6,6,0,0,2,ninguno,4,33
58,ecuador,USGP,Universidad San Gregorio de Portoviejo,EC,https://www.sangregorio.edu.ec,2026-08-14T06:48:01.235Z,4.13.0,yes,yes,19,7,PHPSESSID | _ttp | __Secure-YNID | YSC | __Secure-ROLLOUT_TOKEN | VISITOR_INFO1_LIVE | VISITOR_PRIVACY_METADATA | _tt_enable_cookie | _ttp | ttcsid | ttcsid_CPCA7BBC77U09VQADIEG | _gcl_au | test_cookie | vk | sk | spvc | vk | pi | pk,_ttp | YSC | VISITOR_INFO1_LIVE | _tt_enable_cookie | _ttp | _gcl_au | test_cookie,,no,Universidad San Gregorio de Portoviejo,es,yes,no,9,34,12,11,11,22,8,0,4,ninguno,2,28
59,ecuador,U. Hemisferios,Universidad de los Hemisferios,EC,https://www.uhemisferios.edu.ec,2026-08-14T06:48:24.600Z,4.13.0,yes,yes,24,9,PHPSESSID | __cf_bm | __cf_bm | __cf_bm | __cf_bm | _ga_ZFRLYLC1Y6 | __cf_bm | _ga | _gid | _gat_UA-134045233-1 | _fbp | __cf_bm | _gcl_au | test_cookie | __hstc | hubspotutk | __hssrc | __hssc | __cf_bm | __Secure-YNID | YSC | __Secure-ROLLOUT_TOKEN | VISITOR_INFO1_LIVE | VISITOR_PRIVACY_METADATA,_ga_ZFRLYLC1Y6 | _ga | _gid | _gat_UA-134045233-1 | _fbp | _gcl_au | test_cookie | YSC | VISITOR_INFO1_LIVE,CookieYes,yes,UHE | Carreras presenciales y online | Quito,es,yes,yes,5,77,54,12,11,23,53,0,1,ninguno,5,25
60,ecuador,UNIB.E,Universidad Iberoamericana del Ecuador,EC,https://unibe.edu.ec,2026-08-14T06:48:37.863Z,4.13.0,yes,yes,0,0,,,,no,UNIB.E,es,yes,no,4,16,9,7,0,7,5,0,4,ninguno,1,29
61,ecuador,ECOTEC,Universidad Tecnológica Ecotec,EC,https://ecotec.edu.ec,2026-08-14T06:48:47.062Z,4.13.0,yes,yes,5,4,_gcl_au | cmplz_consent_mode | test_cookie | _ga_MFVR4S8MFR | _ga,_gcl_au | test_cookie | _ga_MFVR4S8MFR | _ga,Complianz,yes,"Universidad en Ecuador — Grado, Posgrado y Online | ECOTEC",es-EC,yes,yes,2,33,0,6,27,33,0,0,0,A,4,32
62,ecuador,UDR,Universidad del Río,EC,https://udr.edu.ec,2026-08-14T06:48:53.337Z,4.13.0,yes,yes,4,4,_ga_5HXBYBZBNB | _ga | _ga_8F7QTS9R25 | _ga_WQNLTBSK8V,_ga_5HXBYBZBNB | _ga | _ga_8F7QTS9R25 | _ga_WQNLTBSK8V,,no,Universidad Del Río,es-ES,yes,yes,2,24,15,9,0,0,24,0,0,ninguno,3,25
63,ecuador,UBE,Universidad Bolivariana del Ecuador,EC,https://ube.edu.ec,2026-08-14T06:49:01.116Z,4.13.0,yes,yes,1,0,ci_session,,,yes,Inicio - UBE,en,yes,no,5,35,10,10,15,29,5,0,1,ninguno,3,31
64,mundo,MIT,Massachusetts Institute of Technology,EE.UU.,https://www.mit.edu,2026-08-14T06:49:07.485Z,4.13.0,yes,yes,0,0,,,,no,MIT - Massachusetts Institute of Technology,en,yes,yes,3,8,1,6,1,1,6,0,1,ninguno,4,30
65,mundo,Stanford,Stanford University,EE.UU.,https://www.stanford.edu,2026-08-14T06:49:15.846Z,4.13.0,yes,yes,10,4,YSC | VISITOR_INFO1_LIVE | VISITOR_PRIVACY_METADATA | _ga_Q0JD4PHRZ7 | _ga | _cs_id | su_pseudo_id | su_session_id | __Secure-YNID | __Secure-ROLLOUT_TOKEN,YSC | VISITOR_INFO1_LIVE | _ga_Q0JD4PHRZ7 | _ga,,no,Stanford University,en,yes,yes,1,11,0,0,11,11,0,0,0,AA,1,34
66,mundo,Harvard,Harvard University,EE.UU.,https://www.harvard.edu,2026-08-14T06:49:22.656Z,4.13.0,yes,yes,8,5, | _parsely_session | _parsely_visitor | _gid | _gat_UA-2923555-1 | _ga_KBLBYHG5EP | _ga | _fbp,_gid | _gat_UA-2923555-1 | _ga_KBLBYHG5EP | _ga | _fbp,,no,Harvard University,en-US,yes,yes,2,13,0,3,10,13,0,0,0,A,2,29
67,mundo,Oxford,University of Oxford,Reino Unido,https://www.ox.ac.uk,2026-08-14T06:49:29.628Z,4.13.0,yes,yes,6,2,cf_clearance | __Secure-YNID | YSC | VISITOR_INFO1_LIVE | VISITOR_PRIVACY_METADATA | __Secure-ROLLOUT_TOKEN,YSC | VISITOR_INFO1_LIVE,,yes,University of Oxford,en,yes,yes,0,0,0,0,0,0,0,0,0,AAA,4,31
68,mundo,Cambridge,University of Cambridge,Reino Unido,https://www.cam.ac.uk,2026-08-14T06:49:36.479Z,4.13.0,yes,yes,0,0,,,,yes,University of Cambridge,en,yes,yes,2,6,5,0,1,6,0,0,0,ninguno,2,30
69,mundo,Caltech,California Institute of Technology,EE.UU.,https://www.caltech.edu,2026-08-14T06:49:44.780Z,4.13.0,yes,yes,4,2,__cf_bm | _ga_7RL83EX4D4 | _ga | __cf_bm,_ga_7RL83EX4D4 | _ga,,no,Home - www.caltech.edu,en,yes,yes,4,30,5,0,25,28,0,0,2,ninguno,3,30
70,mundo,UC Berkeley,"University of California, Berkeley",EE.UU.,https://www.berkeley.edu,2026-08-14T06:49:51.633Z,4.13.0,yes,yes,10,5,__cf_bm | __Secure-YNID | YSC | VISITOR_INFO1_LIVE | VISITOR_PRIVACY_METADATA | __Secure-ROLLOUT_TOKEN | nmstat | __cf_bm | _ga_JD06GX6S4V | _ga,YSC | VISITOR_INFO1_LIVE | nmstat | _ga_JD06GX6S4V | _ga,,no,"University of California, Berkeley: Home",en-US,yes,yes,0,0,0,0,0,0,0,0,0,AAA,2,30
71,mundo,Princeton,Princeton University,EE.UU.,https://www.princeton.edu,2026-08-14T06:49:58.623Z,4.13.0,yes,yes,2,2,_ga_92L6B9PQCG | _ga,_ga_92L6B9PQCG | _ga,,no,Home | Princeton University,en,yes,yes,0,0,0,0,0,0,0,0,0,AAA,2,28
72,mundo,Imperial,Imperial College London,Reino Unido,https://www.imperial.ac.uk,2026-08-14T06:50:07.039Z,4.13.0,yes,yes,6,0,AWSALBTG | AWSALBTGCORS | AWSALB | AWSALBCORS | ARRAffinity-WindowsWF | OptanonConsent,,OneTrust,yes,Imperial College London,en-GB,yes,yes,2,19,0,15,4,4,15,0,0,A,3,32
73,mundo,U Chicago,University of Chicago,EE.UU.,https://www.uchicago.edu,2026-08-14T06:50:15.878Z,4.13.0,yes,yes,19,9,ApplicationGatewayAffinityCORS | ApplicationGatewayAffinity | shell#lang | ASP.NET_SessionId | SC_ANALYTICS_GLOBAL_COOKIE | sxa_site | _gid | _gat_UA-373360-31 | _gat_UA-3572058-26 | _ga_2V4M4Z833J | _ga | _ga_DBDWJCS0JR | www#lang | dismissed-alerts | _hjSessionUser_3545609 | _hjSession_3545609 | AWSALB | AWSALBCORS | nmstat,_gid | _gat_UA-373360-31 | _gat_UA-3572058-26 | _ga_2V4M4Z833J | _ga | _ga_DBDWJCS0JR | _hjSessionUser_3545609 | _hjSession_3545609 | nmstat,,no,The University of Chicago,en,yes,yes,1,1,1,0,0,0,0,0,1,ninguno,6,24
74,mundo,ETH Zurich,ETH Zurich,Suiza,https://ethz.ch,2026-08-14T06:50:26.144Z,4.13.0,yes,yes,1,0,OptanonConsent,,OneTrust,yes,ETH Zürich - Homepage | ETH Zürich,de,yes,no,2,2,1,0,1,2,0,0,0,ninguno,1,31
75,mundo,Yale,Yale University,EE.UU.,https://www.yale.edu,2026-08-14T06:50:32.506Z,4.13.0,yes,yes,7,6,adaptive_image | nmstat | _ga | _gid | _gat_gtag_UA_991898_23 | _ga_D491W728G4 | _ga,nmstat | _ga | _gid | _gat_gtag_UA_991898_23 | _ga_D491W728G4 | _ga,,no,Yale University,en,yes,yes,2,17,3,0,14,17,0,0,0,ninguno,3,30
76,mundo,UPenn,University of Pennsylvania,EE.UU.,https://www.upenn.edu,2026-08-14T06:50:39.132Z,4.13.0,yes,yes,4,4,_gid | _gat_UA-78054-1 | _ga | _ga_LL85393RFV,_gid | _gat_UA-78054-1 | _ga | _ga_LL85393RFV,,no,University of Pennsylvania,en,yes,yes,2,4,1,0,3,4,0,0,0,ninguno,4,29
77,mundo,UCL,University College London,Reino Unido,https://www.ucl.ac.uk,2026-08-14T06:50:47.948Z,4.13.0,yes,yes,2,0,__cf_bm | __cf_bm,,,yes,Welcome to UCL | University College London,en,yes,yes,0,0,0,0,0,0,0,0,0,AAA,3,30
78,mundo,Cornell,Cornell University,EE.UU.,https://www.cornell.edu,2026-08-14T06:50:55.785Z,4.13.0,yes,yes,9,9,__utma | __utmc | __utmz | __utmt | __utmb | _ga_PMZ19X3F8W | _ga | _ga_XJK3YSJ0LV | nmstat,__utma | __utmc | __utmz | __utmt | __utmb | _ga_PMZ19X3F8W | _ga | _ga_XJK3YSJ0LV | nmstat,,no,Cornell University,en,yes,yes,2,6,1,0,5,5,0,0,1,ninguno,5,30
79,mundo,Tsinghua,Tsinghua University,China,https://www.tsinghua.edu.cn/en/,2026-08-14T06:51:05.498Z,4.13.0,yes,yes,1,0,JSESSIONID,,,no,Tsinghua University,,yes,no,10,49,39,6,4,11,32,1,5,ninguno,5,24
80,mundo,Peking,Peking University,China,https://english.pku.edu.cn,2026-08-14T06:51:16.777Z,4.13.0,yes,yes,0,0,,,,no,Peking University,,yes,no,5,19,18,1,0,2,14,1,2,ninguno,3,21
81,mundo,Johns Hopkins,Johns Hopkins University,EE.UU.,https://www.jhu.edu,2026-08-14T06:51:24.163Z,4.13.0,yes,yes,12,5,__cf_bm | cf_clearance | __cf_bm | _twpid | nmstat | personalization_id | __cf_bm | _ga_8031WYVC9V | _ga | _ga_TSX9K66082 | muc_ads | __cf_bm,nmstat | personalization_id | _ga_8031WYVC9V | _ga | _ga_TSX9K66082,,no,Johns Hopkins University,en,yes,yes,3,7,5,0,2,3,4,0,0,ninguno,4,34
82,mundo,Columbia,Columbia University,EE.UU.,https://www.columbia.edu,2026-08-14T06:51:32.828Z,4.13.0,yes,yes,15,6,isColumbiaSites | __Secure-YNID | YSC | __Secure-ROLLOUT_TOKEN | VISITOR_INFO1_LIVE | VISITOR_PRIVACY_METADATA | __cf_bm | BIGipServer~CUIT~varnish-prod-ci.cc.columbia.edu-128.59.44.80.443-pool | cf_clearance | __cf_bm | vuid | _gid | _gat_gtag_UA_18290390_1 | _ga_09H1KYXPLX | _ga,YSC | VISITOR_INFO1_LIVE | _gid | _gat_gtag_UA_18290390_1 | _ga_09H1KYXPLX | _ga,,yes,Columbia University in the City of New York,en,yes,yes,4,52,2,6,44,51,0,0,1,ninguno,1,35
83,mundo,Toronto,University of Toronto,Canadá,https://www.utoronto.ca,2026-08-14T06:51:39.258Z,4.13.0,yes,yes,12,8,_gcl_au | CLID | _ga | _ga_0X74MN6XS3 | _clck | IDE | _clsk | SM | MUID | MUID | MR | SRM_B,_gcl_au | _ga | _ga_0X74MN6XS3 | _clck | IDE | _clsk | MUID | MUID,,no,University of Toronto,en,yes,yes,1,19,0,0,19,19,0,0,0,AA,3,30
84,mundo,UCLA,"University of California, Los Angeles",EE.UU.,https://www.ucla.edu,2026-08-14T06:51:48.298Z,4.13.0,yes,yes,9,4,XSRF-TOKEN | __Secure-YNID | YSC | __Secure-ROLLOUT_TOKEN | VISITOR_INFO1_LIVE | VISITOR_PRIVACY_METADATA | gateway_session | _ga_6BMZK7EYHE | _ga,YSC | VISITOR_INFO1_LIVE | _ga_6BMZK7EYHE | _ga,,no,A World Leader in Education and Research Excellence | UCLA,en,yes,yes,1,64,0,0,64,64,0,0,0,AA,3,28
85,mundo,NUS,National University of Singapore,Singapur,https://nus.edu.sg,2026-08-14T06:51:58.103Z,4.13.0,yes,yes,7,2,visid_incap_1988262 | incap_ses_993_1988262 | nlbi_1988262 | sf-prs-ss | sf-prs-lu | _ga_2T8KTSDET6 | _ga,_ga_2T8KTSDET6 | _ga,,yes,NUS - National University of Singapore,,yes,no,7,60,24,21,15,36,23,1,0,ninguno,2,26
86,mundo,U Tokyo,The University of Tokyo,Japón,https://www.u-tokyo.ac.jp/en/,2026-08-14T06:52:12.006Z,4.13.0,yes,yes,2,2,_ga_DWSZ09TFCH | _ga,_ga_DWSZ09TFCH | _ga,,no,The University of Tokyo,en,yes,yes,8,28,11,6,11,15,3,0,10,ninguno,3,35
87,mundo,TUM,Technical University of Munich,Alemania,https://www.tum.de/en/,2026-08-14T06:52:24.865Z,4.13.0,yes,yes,0,0,,,,no,Technical University of Munich: The Entrepreneurial University - TUM,en-US,yes,yes,1,23,0,0,23,23,0,0,0,AA,5,31
88,mundo,Melbourne,The University of Melbourne,Australia,https://www.unimelb.edu.au,2026-08-14T06:52:35.470Z,4.13.0,yes,yes,39,15,dxp-sessionid | __cf_bm | optimizelyEndUserId | previousPageUrl | campaign_name | global_segmentation_cookie | utag_main__ss | utag_main__st | utag_main_ses_id | homepage | traffic_source | gpv_Page | gpv_Page_url | s_nr30 | s_tslv | s_inv | s_ips | s_tp | s_ppv | utag_main_v_id | https://www.unimelb.edu.au_oeu1786690347196r0.7871311254701717$$17791710119$$session_state | TAPID | optimizelySession | demdex | _ga_L55G410M0Q | AWSALB | AWSALBCORS | __cf_bm | AWSALB | AWSALBCORS | kndctr_0BFB1E5866E1D2E70A495C3B_AdobeOrg_identity | kndctr_0BFB1E5866E1D2E70A495C3B_AdobeOrg_cluster | AMCV_0BFB1E5866E1D2E70A495C3B%40AdobeOrg | _ga_YE8SEG9T0S | __cf_bm | _ga_J6RRCK6F9V | _ga | AWSALB | AWSALBCORS,utag_main__ss | utag_main__st | utag_main_ses_id | s_nr30 | s_tslv | s_inv | s_ips | s_tp | s_ppv | utag_main_v_id | _ga_L55G410M0Q | AMCV_0BFB1E5866E1D2E70A495C3B%40AdobeOrg | _ga_YE8SEG9T0S | _ga_J6RRCK6F9V | _ga,,yes,The University of Melbourne - Australia's #1 Ranked University,en,yes,no,1,1,1,0,0,1,0,0,0,ninguno,4,33
89,mundo,Edinburgh,University of Edinburgh,Reino Unido,https://www.ed.ac.uk,2026-08-14T06:52:42.347Z,4.13.0,yes,yes,0,0,,,,no,The University of Edinburgh,en,yes,yes,2,37,1,0,36,37,0,0,0,ninguno,3,31
90,mundo,EPFL,EPFL,Suiza,https://www.epfl.ch/en/,2026-08-14T06:52:56.815Z,4.13.0,yes,yes,2,2,_ga_N6BF9H5G73 | _ga,_ga_N6BF9H5G73 | _ga,,yes,EPFL,en-GB,yes,yes,3,101,1,85,15,100,1,0,0,ninguno,4,29
91,mundo,Michigan,University of Michigan-Ann Arbor,EE.UU.,https://umich.edu,2026-08-14T06:53:03.624Z,4.13.0,yes,yes,4,2,__cf_bm | um_privacy_consent | _ga_29C4RBNCNZ | _ga,_ga_29C4RBNCNZ | _ga,,no,University of Michigan,en,yes,yes,2,13,0,5,8,8,5,0,0,A,3,29
92,mundo,Northwestern,Northwestern University,EE.UU.,https://www.northwestern.edu,2026-08-14T06:53:15.585Z,4.13.0,yes,yes,9,0,f5avraaaaaaaaaaaaaaaa_session_ | f5avraaaaaaaaaaaaaaaa_session_ | f5avraaaaaaaaaaaaaaaa_session_ | f5avraaaaaaaaaaaaaaaa_session_ | f5avraaaaaaaaaaaaaaaa_session_ | BIGipServer~trust-662~pool_evnuinfo_80 | f5avraaaaaaaaaaaaaaaa_session_ | BIGipServer~trust-662~pool_evnuinfo_80 | cookieyes-consent,,CookieYes,yes,Northwestern University,en,yes,yes,0,0,0,0,0,0,0,0,0,AAA,3,31
93,mundo,Fudan,Fudan University,China,https://www.fudan.edu.cn/en/,2026-08-14T06:53:30.059Z,4.13.0,yes,yes,5,3,HMACCOUNT_BFESS | Hm_lvt_829a28d038f7cea73ca2728904e244bc | Hm_lpvt_829a28d038f7cea73ca2728904e244bc | HMACCOUNT | JSESSIONID,Hm_lvt_829a28d038f7cea73ca2728904e244bc | Hm_lpvt_829a28d038f7cea73ca2728904e244bc | HMACCOUNT,,no,Fudan University,,yes,no,6,44,18,3,23,40,3,1,0,ninguno,3,14
94,mundo,PSL,PSL University,Francia,https://www.psl.eu/en,2026-08-14T06:53:43.753Z,4.13.0,yes,yes,1,0,cookiesession1,,,yes,PSL University | PSL,en,yes,no,5,25,8,12,5,16,8,0,1,ninguno,4,29
95,mundo,HKU,University of Hong Kong,Hong Kong,https://www.hku.hk,2026-08-14T06:53:57.099Z,4.13.0,yes,yes,10,9,highcontra | __utma | __utmc | __utmz | __utmt | __utmb | _ga_ZHLLDTLTMG | _ga | _hjSessionUser_1966860 | _hjSession_1966860,__utma | __utmc | __utmz | __utmt | __utmb | _ga_ZHLLDTLTMG | _ga | _hjSessionUser_1966860 | _hjSession_1966860,,no,The University of Hong Kong (HKU),en,yes,no,8,27,13,14,0,15,1,0,11,ninguno,4,33
96,mundo,Zhejiang,Zhejiang University,China,https://www.zju.edu.cn/english/,2026-08-14T06:54:17.164Z,4.13.0,yes,yes,1,0,SESSION,,,no,Zhejiang University (ZJU),en,yes,no,3,14,13,1,0,2,12,0,0,ninguno,3,27
97,mundo,NYU,New York University,EE.UU.,https://www.nyu.edu,2026-08-14T06:54:25.039Z,4.13.0,yes,yes,11,9,osano_consentmanager_uuid | osano_consentmanager | _gcl_au | IDE | _ga_S194DLZYBD | _ga | _ga_9CWXCZX89G | _ga_H4KKXQKFSM | _ga_VR2BFTJ92R | _ga_S4TP6272FF | _ga_YKLBDQJ61W,_gcl_au | IDE | _ga_S194DLZYBD | _ga | _ga_9CWXCZX89G | _ga_H4KKXQKFSM | _ga_VR2BFTJ92R | _ga_S4TP6272FF | _ga_YKLBDQJ61W,Osano,yes,New York University,en,yes,yes,1,2,0,0,2,2,0,0,0,AA,3,30
98,mundo,SJTU,Shanghai Jiao Tong University,China,https://www.sjtu.edu.cn,2026-08-14T06:54:44.669Z,4.13.0,yes,yes,3,3,_pk_testcookie.299.e5ac | _pk_id.299.e5ac | _pk_ses.299.e5ac,_pk_testcookie.299.e5ac | _pk_id.299.e5ac | _pk_ses.299.e5ac,,no,上海交通大学中文主页门户网站,zh-Hans,yes,no,5,48,5,5,38,47,0,0,1,ninguno,2,25
99,mundo,KCL,King's College London,Reino Unido,https://www.kcl.ac.uk,2026-08-14T06:54:53.868Z,4.13.0,yes,yes,2,0,OptanonConsent | gtm_isp_lookup,,OneTrust,yes,King's College London,en-GB,yes,yes,2,41,1,0,40,40,0,0,1,ninguno,3,33
100,mundo,UCSD,"University of California, San Diego",EE.UU.,https://www.ucsd.edu,2026-08-14T06:55:04.666Z,4.13.0,yes,yes,26,11,__cf_bm | _ttp | __Secure-YNID | YSC | VISITOR_INFO1_LIVE | VISITOR_PRIVACY_METADATA | __Secure-ROLLOUT_TOKEN | _ga_ZBPHLZYTS4 | _ga | li_sugr | bcookie | lidc | __cf_bm | AWSALB | AWSALBCORS | UserMatchHistory | AnalyticsSyncHistory | _gcl_au | _tt_enable_cookie | _ttp | bscookie | test_cookie | _hjSessionUser_3662797 | _hjSession_3662797 | ttcsid | ttcsid_D3NTPGRC77UELR3N1AFG,_ttp | YSC | VISITOR_INFO1_LIVE | _ga_ZBPHLZYTS4 | _ga | _gcl_au | _tt_enable_cookie | _ttp | test_cookie | _hjSessionUser_3662797 | _hjSession_3662797,,no,University of California San Diego,en,yes,yes,3,44,2,7,35,35,7,0,2,ninguno,4,29
101,mundo,LMU,LMU Munich,Alemania,https://www.lmu.de,2026-08-14T06:55:15.131Z,4.13.0,yes,yes,0,0,,,,no,Startseite - LMU München,de,yes,no,1,9,0,0,9,9,0,0,0,AA,4,31
102,mundo,Duke,Duke University,EE.UU.,https://www.duke.edu,2026-08-14T06:55:24.529Z,4.13.0,yes,yes,17,11,sp_t | sp_landing | YSC | VISITOR_INFO1_LIVE | VISITOR_PRIVACY_METADATA | __Secure-YNID | __Secure-ROLLOUT_TOKEN | CLID | __utma | __utmc | __utmz | __utmt_UA-3896341-5 | __utmb | _ga | _ga_EFHNRXCSHV | _clck | _clsk,YSC | VISITOR_INFO1_LIVE | __utma | __utmc | __utmz | __utmt_UA-3896341-5 | __utmb | _ga | _ga_EFHNRXCSHV | _clck | _clsk,,yes,"Duke University - Fueled by creativity, informed by scholarship",en-US,yes,yes,1,7,0,0,7,7,0,0,0,AA,3,30
103,mundo,Manchester,University of Manchester,Reino Unido,https://www.manchester.ac.uk,2026-08-14T06:55:35.869Z,4.13.0,yes,yes,20,5,OptanonConsent | _gcl_au | _ttp | sa-user-id | sa-user-id | sa-user-id-v2 | sa-user-id-v2 | test_cookie | __Secure-YNID | YSC | VISITOR_INFO1_LIVE | VISITOR_PRIVACY_METADATA | __Secure-ROLLOUT_TOKEN | li_sugr | bcookie | lidc | __cf_bm | UserMatchHistory | AnalyticsSyncHistory | _twpid,_gcl_au | _ttp | test_cookie | YSC | VISITOR_INFO1_LIVE,OneTrust,no,The University of Manchester,en,yes,yes,0,0,0,0,0,0,0,0,0,AAA,1,35
104,mundo,UBC,University of British Columbia,Canadá,https://www.ubc.ca,2026-08-14T06:55:42.782Z,4.13.0,yes,yes,12,4,X-AB | _gcl_au | _scid | _scid_r | _ga_Q74JQJCYJK | _ga | IDE | TapAd_TS | TapAd_DID | TapAd_3WAY_SYNCS | sc_at | _sctr,_gcl_au | _ga_Q74JQJCYJK | _ga | IDE,,no,The University of British Columbia,en-ca,yes,yes,2,18,0,5,13,13,5,0,0,A,4,26
105,mundo,Sydney,The University of Sydney,Australia,https://www.sydney.edu.au,2026-08-14T06:55:52.867Z,4.13.0,yes,yes,67,22,X-AB | demdex | AMCVS_35B46472540D9EE20A4C98A6%40AdobeOrg | gpv_Page | everest_g_v2 | s_ecid | dpm | _gcl_au | _ga_KXYY9PEVLH | _ga | AMCV_35B46472540D9EE20A4C98A6%40AdobeOrg | audit_p | khaos | khaos_p | audit | receive-cookie-deprecation | CMID | CMPS | CMPRO | at_check | XANDR_PANID | uuid2 | anj | _ttp | _rdt_uuid | dextp | IDE | i | KRTBCOOKIE_218 | PugT | mbox | _scid | _scid_r | _tt_enable_cookie | _ttp | s_ips | s_ppv | ttcsid | ttcsid_CQHKB7RC77U6M4ETUDB0 | _fbp | _hjSessionUser_550296 | _hjSession_550296 | li_sugr | s_cc | lidc | __cf_bm | UserMatchHistory | AnalyticsSyncHistory | bcookie | bscookie | TapAd_TS | TapAd_DID | TapAd_3WAY_SYNCS | HMACCOUNT_BFESS | Hm_lvt_1426d6da699eb30a7515d65930a0dbff | Hm_lpvt_1426d6da699eb30a7515d65930a0dbff | HMACCOUNT | sc_at | _sctr | s_tp | AWSALB | AWSALBCORS | __Secure-YNID | YSC | __Secure-ROLLOUT_TOKEN | VISITOR_INFO1_LIVE | VISITOR_PRIVACY_METADATA,s_ecid | _gcl_au | _ga_KXYY9PEVLH | _ga | AMCV_35B46472540D9EE20A4C98A6%40AdobeOrg | _ttp | IDE | mbox | _tt_enable_cookie | _ttp | s_ips | s_ppv | _fbp | _hjSessionUser_550296 | _hjSession_550296 | s_cc | Hm_lvt_1426d6da699eb30a7515d65930a0dbff | Hm_lpvt_1426d6da699eb30a7515d65930a0dbff | HMACCOUNT | s_tp | YSC | VISITOR_INFO1_LIVE,,no,One of Australia’s top universities - The University of Sydney,en-US,yes,yes,3,15,1,1,13,14,1,0,0,ninguno,2,32
106,mundo,Paris-Saclay,Université Paris-Saclay,Francia,https://www.universite-paris-saclay.fr/en,2026-08-14T06:56:03.587Z,4.13.0,yes,yes,2,0,contrast | saclay-tac,,Tarteaucitron,yes,Université Paris-Saclay,en,yes,no,2,8,1,0,7,7,0,0,1,ninguno,3,27
107,mundo,Kyoto,Kyoto University,Japón,https://www.kyoto-u.ac.jp/en,2026-08-14T06:56:12.853Z,4.13.0,yes,yes,2,2,_ga_P51JW1MC7Y | _ga,_ga_P51JW1MC7Y | _ga,,no,KYOTO UNIVERSITY,en,yes,yes,2,5,0,5,0,1,4,0,0,A,3,31
108,mundo,Illinois,University of Illinois Urbana-Champaign,EE.UU.,https://illinois.edu,2026-08-14T06:56:22.633Z,4.13.0,yes,yes,4,2,searchstax_session_id | _ga_TWFEJJKL35 | _ga | ms_visitorid,_ga_TWFEJJKL35 | _ga,OneTrust,no,Illinois,en-US,yes,no,1,9,0,0,9,9,0,0,0,AA,4,30
109,mundo,UT Austin,The University of Texas at Austin,EE.UU.,https://www.utexas.edu,2026-08-14T06:56:29.761Z,4.13.0,yes,yes,17,9,_gid | _gat_UA-11887171-8 | _gat_UA-11887171-2 | _ga_PTWC4TZX3W | _ga | _ga_EVFNF1Z4Q4 | CLID | li_sugr | lidc | __cf_bm | _ga_X3HZEK54PC | _ga_4W6P6NJBBS | UserMatchHistory | AnalyticsSyncHistory | bcookie | bscookie | _clck,_gid | _gat_UA-11887171-8 | _gat_UA-11887171-2 | _ga_PTWC4TZX3W | _ga | _ga_EVFNF1Z4Q4 | _ga_X3HZEK54PC | _ga_4W6P6NJBBS | _clck,,no,The University of Texas at Austin,en,yes,yes,1,25,0,0,25,25,0,0,0,AA,3,30
110,mundo,UW,University of Washington,EE.UU.,https://www.washington.edu,2026-08-14T06:56:37.134Z,4.13.0,yes,yes,43,10,_affinity | CLID | _gcl_au | _ga | _ga_3T65WK0BM8 | ab | u | rlas3 | _ga_JLHM9WH4JV | _clck | IDE | nmstat | test_cookie | li_sugr | _fbp | lidc | __cf_bm | _ce.s | _clsk | UserMatchHistory | AnalyticsSyncHistory | bcookie | bscookie | _mkto_trk | TDID | TDCPM | ssi | _ssuma | demdex | _cc_dc | _cc_id | _cc_cc | _cc_aud | TapAd_TS | TapAd_DID | mautic_device_id | mtc_id | mtc_sid | mtc_id | mtc_sid | mautic_device_id | TapAd_3WAY_SYNCS | dpm,_gcl_au | _ga | _ga_3T65WK0BM8 | _ga_JLHM9WH4JV | _clck | IDE | nmstat | test_cookie | _fbp | _clsk,,no,UW Homepage,en,yes,yes,3,11,1,7,3,3,7,0,1,ninguno,3,27
111,mundo,NTU,Nanyang Technological University,Singapur,https://www.ntu.edu.sg,2026-08-14T06:56:46.838Z,4.13.0,yes,yes,12,9,_gcl_au | _ttp | __stid | __stidv | uid | _ga | _ga_8LPDJ1LB78 | IDE | _ga_DWDBVB5J8J | _ga_PWNJKZG9MN | _ga_DX9Q4KPWT3 | _ga_NP4QFYPSX6,_gcl_au | _ttp | _ga | _ga_8LPDJ1LB78 | IDE | _ga_DWDBVB5J8J | _ga_PWNJKZG9MN | _ga_DX9Q4KPWT3 | _ga_NP4QFYPSX6,,yes,Nanyang Technological University - NTU Singapore,en,yes,no,4,17,7,3,7,8,9,0,0,ninguno,2,32
112,mundo,McGill,McGill University,Canadá,https://www.mcgill.ca,2026-08-14T06:56:52.502Z,4.13.0,yes,yes,0,0,,,,no,Azure WAF,,yes,no,3,3,2,1,0,2,0,1,0,ninguno,0,12
113,mundo,CUHK,The Chinese University of Hong Kong,Hong Kong,https://www.cuhk.edu.hk/english/index.html,2026-08-14T06:57:04.737Z,4.13.0,yes,yes,19,10,__utma | __utmc | __utmz | __utmt | __utmb | CLID | _ga | _ga_3VWFFZCDJ6 | _fbp | li_sugr | bcookie | lidc | __cf_bm | UserMatchHistory | AnalyticsSyncHistory | bscookie | _clck | _clsk | show1stPhoto_en,__utma | __utmc | __utmz | __utmt | __utmb | _ga | _ga_3VWFFZCDJ6 | _fbp | _clck | _clsk,,no,The Chinese University of Hong Kong,en,yes,no,6,46,6,10,30,33,11,0,2,ninguno,2,28
114,mundo,CMU,Carnegie Mellon University,EE.UU.,https://www.cmu.edu,2026-08-14T06:57:14.042Z,4.13.0,yes,yes,13,7,AWSALB | AWSALBCORS | CLID | _clck | OptanonConsent | _ga | _gcl_au | test_cookie | ipCheckCompleted | _clsk | _ga_1XQYSMEBVE | SM | MUID,_clck | _ga | _gcl_au | test_cookie | _clsk | _ga_1XQYSMEBVE | MUID,OneTrust,yes,Carnegie Mellon University | CMU,en,yes,yes,2,3,1,0,2,2,1,0,0,ninguno,5,28
115,mundo,Wisconsin,University of Wisconsin-Madison,EE.UU.,https://www.wisc.edu,2026-08-14T06:57:21.610Z,4.13.0,yes,yes,6,4,_ga_D04HXCEERG | _ga | _ga | _ga_PLJ9E3ZY82 | ELOQUA | ELQSTATUS,_ga_D04HXCEERG | _ga | _ga | _ga_PLJ9E3ZY82,,yes,University of Wisconsin–Madison,en,yes,yes,1,45,0,0,45,45,0,0,0,AA,2,33
116,mundo,USTC,University of Science and Technology of China,China,https://en.ustc.edu.cn,2026-08-14T06:57:29.155Z,4.13.0,yes,yes,5,3,JSESSIONID | HMACCOUNT_BFESS | Hm_lvt_1c599d6edf63923fd73ae82fd7293a24 | Hm_lpvt_1c599d6edf63923fd73ae82fd7293a24 | HMACCOUNT,Hm_lvt_1c599d6edf63923fd73ae82fd7293a24 | Hm_lpvt_1c599d6edf63923fd73ae82fd7293a24 | HMACCOUNT,,no,University of Science and Technology of China,,yes,no,5,12,11,1,0,3,7,1,1,ninguno,2,22
117,mundo,WUSTL,Washington University in St. Louis,EE.UU.,https://washu.edu,2026-08-14T06:57:38.923Z,4.13.0,yes,yes,14,12,__cf_bm | _ga_T94ZQ4ENLH | _ga | utag_main__sn | utag_main__se | utag_main__ss | utag_main__st | utag_main_ses_id | utag_main__pn | utag_main_v_id | utag_main_dc_visit | utag_main_dc_event | TAPID | utag_main_dc_region,_ga_T94ZQ4ENLH | _ga | utag_main__sn | utag_main__se | utag_main__ss | utag_main__st | utag_main_ses_id | utag_main__pn | utag_main_v_id | utag_main_dc_visit | utag_main_dc_event | utag_main_dc_region,,no,Home | WashU,en-US,yes,yes,3,26,5,0,21,21,4,0,1,ninguno,5,29
118,mundo,Monash,Monash University,Australia,https://www.monash.edu,2026-08-14T06:57:46.621Z,4.13.0,yes,yes,12,3,dxp-sessionid | __cf_bm | __cf_bm | __Secure-YNID | YSC | VISITOR_INFO1_LIVE | VISITOR_PRIVACY_METADATA | __Secure-ROLLOUT_TOKEN | AWSALB | AWSALBCORS | TAPID | utag_main,YSC | VISITOR_INFO1_LIVE | utag_main,,yes,Monash University | Study at Monash Uni | Melbourne,en,yes,yes,2,18,0,1,17,18,0,0,0,A,3,26
119,mundo,SNU,Seoul National University,Corea del Sur,https://en.snu.ac.kr,2026-08-14T06:57:59.485Z,4.13.0,yes,yes,3,2,THESESSID | _ga_PVQ4G3Z4TR | _ga,_ga_PVQ4G3Z4TR | _ga,,no,Seoul National University,en,yes,yes,3,22,0,14,8,22,0,0,0,A,3,28
120,mundo,Heidelberg,Heidelberg University,Alemania,https://www.uni-heidelberg.de/en,2026-08-14T06:58:10.314Z,4.13.0,yes,yes,2,0,d60c1da73e120cb71d18e08fbc35afe3 | da776df753268d07de909818ad8a1544,,,no,Heidelberg University,en,yes,yes,2,68,1,0,67,67,0,0,1,ninguno,2,30
121,mundo,HKUST,Hong Kong University of Science and Technology,Hong Kong,https://hkust.edu.hk/,2026-08-14T06:58:23.160Z,4.13.0,yes,yes,4,4,_gid | _gat_UA-126519042-1 | _ga_472DPMG63L | _ga,_gid | _gat_UA-126519042-1 | _ga_472DPMG63L | _ga,,no,The Hong Kong University of Science and Technology ｜World's Top 50 Universities｜Leading Research Excellence,en,yes,yes,6,20,14,6,0,13,5,0,2,ninguno,4,30
122,mundo,Karolinska,Karolinska Institutet,Suecia,https://ki.se/en,2026-08-14T06:58:34.425Z,4.13.0,yes,yes,2,0,TS01b184ef | TS0140e68c,,,no,Karolinska Institutet - a medical university,en,yes,yes,5,7,4,2,1,2,2,0,3,ninguno,2,31
123,mundo,TU Delft,Delft University of Technology,Países Bajos,https://www.tudelft.nl/en/,2026-08-14T06:58:46.306Z,4.13.0,yes,yes,1,0,aff_de7c812cb,,Cookiebot,yes,Delft University of Technology | TU Delft | Challenge. Change. Impact!,en,yes,yes,3,23,0,22,1,18,5,0,0,A,2,32
124,mundo,ANU,Australian National University,Australia,https://www.anu.edu.au/,2026-08-14T06:58:56.145Z,4.13.0,yes,yes,10,4,COOKIE-TERRA-WEB | _twpid | muc_ads | __cf_bm | personalization_id | __cf_bm | _fbp | _ga_E1GV4NJHV2 | _ga | OptanonConsent,personalization_id | _fbp | _ga_E1GV4NJHV2 | _ga,OneTrust,yes,The Australian National University,en,yes,yes,1,1,0,0,1,1,0,0,0,AA,4,30
125,mundo,KU Leuven,KU Leuven,Bélgica,https://www.kuleuven.be/english/,2026-08-14T06:59:05.365Z,4.13.0,yes,yes,6,0,TFC_ffbae7d2 | 7c8af743263edff54f7c25437f0abf9c4d5d416b8af5a8ab8dd648709c75c760 | TFC_fbfdc4f4 | TFC_7ab33d2b | 7c8af743263edff54f7c25437f0abf9c4d5d416b8af5a8ab8dd648709c75c760 | OptanonConsent,,OneTrust,yes,KU Leuven,en,yes,no,3,5,1,3,1,5,0,0,0,ninguno,2,32
126,mundo,Queensland,The University of Queensland,Australia,https://www.uq.edu.au/,2026-08-14T06:59:16.188Z,4.13.0,yes,yes,28,13,_gcl_au | CLID | li_sugr | bcookie | lidc | __cf_bm | UserMatchHistory | AnalyticsSyncHistory | bscookie | IDE | uqlb | _ga_QG0JXDMRML | _ga | _hjSessionUser_2849117 | _hjSession_2849117 | MUID | MR | _fbp | _clck | _uetsid | _uetvid | _clsk | MR | SRM_B | SM | MUID | MR | ANONCHK,_gcl_au | IDE | _ga_QG0JXDMRML | _ga | _hjSessionUser_2849117 | _hjSession_2849117 | MUID | _fbp | _clck | _uetsid | _uetvid | _clsk | MUID,,no,The University of Queensland,en,yes,yes,2,13,1,0,12,13,0,0,0,ninguno,2,28
