id,grupo,sigla,universidad,sitio,codigo,irregularidad,valor_actual,accion_requerida
1,mundo,MIT,Massachusetts Institute of Technology,https://www.mit.edu,I6,Sin clasificacion de rastreo,columna vacia,Aplicar la misma taxonomia de rastreo que en el bloque de Ecuador a partir de los nombres de cookies
2,mundo,Stanford,Stanford University,https://www.stanford.edu,I6,Sin clasificacion de rastreo,columna vacia,Aplicar la misma taxonomia de rastreo que en el bloque de Ecuador a partir de los nombres de cookies
3,mundo,Harvard,Harvard University,https://www.harvard.edu,I6,Sin clasificacion de rastreo,columna vacia,Aplicar la misma taxonomia de rastreo que en el bloque de Ecuador a partir de los nombres de cookies
4,mundo,Oxford,University of Oxford,https://www.ox.ac.uk,I6,Sin clasificacion de rastreo,columna vacia,Aplicar la misma taxonomia de rastreo que en el bloque de Ecuador a partir de los nombres de cookies
5,mundo,Cambridge,University of Cambridge,https://www.cam.ac.uk,I6,Sin clasificacion de rastreo,columna vacia,Aplicar la misma taxonomia de rastreo que en el bloque de Ecuador a partir de los nombres de cookies
6,mundo,Caltech,California Institute of Technology,https://www.caltech.edu,I6,Sin clasificacion de rastreo,columna vacia,Aplicar la misma taxonomia de rastreo que en el bloque de Ecuador a partir de los nombres de cookies
6,mundo,Caltech,California Institute of Technology,https://www.caltech.edu,I7,Plataforma de consentimiento cargada sin banner visible,"CMP=TrustArc, banner en vivo=No","Ninguna: es un hallazgo del estudio, no un error. Verificar que el manuscrito lo interpreta asi"
7,mundo,UC Berkeley,"University of California, Berkeley",https://www.berkeley.edu,I6,Sin clasificacion de rastreo,columna vacia,Aplicar la misma taxonomia de rastreo que en el bloque de Ecuador a partir de los nombres de cookies
8,mundo,Princeton,Princeton University,https://www.princeton.edu,I6,Sin clasificacion de rastreo,columna vacia,Aplicar la misma taxonomia de rastreo que en el bloque de Ecuador a partir de los nombres de cookies
8,mundo,Princeton,Princeton University,https://www.princeton.edu,I7,Plataforma de consentimiento cargada sin banner visible,"CMP=TrustArc, CookieYes, banner en vivo=No","Ninguna: es un hallazgo del estudio, no un error. Verificar que el manuscrito lo interpreta asi"
8,mundo,Princeton,Princeton University,https://www.princeton.edu,I9,Campo multivalor separado por coma,"TrustArc, CookieYes","Sustituir la coma por barra vertical, como ya se hizo en nombres_cookies"
9,mundo,Imperial,Imperial College London,https://www.imperial.ac.uk,I4,Sin banner en el study pero visible en vivo,"estudio=No detectable, en vivo=Si, CMP=OneTrust","Decidir si 'No detectable' significa ausencia de banner o fallo del detector; si es lo segundo, recodificar como no determinado"
9,mundo,Imperial,Imperial College London,https://www.imperial.ac.uk,I6,Sin clasificacion de rastreo,columna vacia,Aplicar la misma taxonomia de rastreo que en el bloque de Ecuador a partir de los nombres de cookies
9,mundo,Imperial,Imperial College London,https://www.imperial.ac.uk,I8,Valor sin tilde en banner_visible_mundo,Si,Normalizar a 'Si' o a 'Yes' en todas las columnas booleanas del conjunto
10,mundo,U Chicago,University of Chicago,https://www.uchicago.edu,I6,Sin clasificacion de rastreo,columna vacia,Aplicar la misma taxonomia de rastreo que en el bloque de Ecuador a partir de los nombres de cookies
10,mundo,U Chicago,University of Chicago,https://www.uchicago.edu,I7,Plataforma de consentimiento cargada sin banner visible,"CMP=CookieYes, banner en vivo=No","Ninguna: es un hallazgo del estudio, no un error. Verificar que el manuscrito lo interpreta asi"
11,mundo,ETH Zurich,ETH Zurich,https://ethz.ch,I6,Sin clasificacion de rastreo,columna vacia,Aplicar la misma taxonomia de rastreo que en el bloque de Ecuador a partir de los nombres de cookies
11,mundo,ETH Zurich,ETH Zurich,https://ethz.ch,I7,Plataforma de consentimiento cargada sin banner visible,"CMP=CookieYes, banner en vivo=No","Ninguna: es un hallazgo del estudio, no un error. Verificar que el manuscrito lo interpreta asi"
12,mundo,Yale,Yale University,https://www.yale.edu,I6,Sin clasificacion de rastreo,columna vacia,Aplicar la misma taxonomia de rastreo que en el bloque de Ecuador a partir de los nombres de cookies
12,mundo,Yale,Yale University,https://www.yale.edu,I7,Plataforma de consentimiento cargada sin banner visible,"CMP=TrustArc, banner en vivo=No","Ninguna: es un hallazgo del estudio, no un error. Verificar que el manuscrito lo interpreta asi"
13,mundo,UPenn,University of Pennsylvania,https://www.upenn.edu,I6,Sin clasificacion de rastreo,columna vacia,Aplicar la misma taxonomia de rastreo que en el bloque de Ecuador a partir de los nombres de cookies
13,mundo,UPenn,University of Pennsylvania,https://www.upenn.edu,I7,Plataforma de consentimiento cargada sin banner visible,"CMP=TrustArc, banner en vivo=No","Ninguna: es un hallazgo del estudio, no un error. Verificar que el manuscrito lo interpreta asi"
14,mundo,UCL,University College London,https://www.ucl.ac.uk,I4,Sin banner en el study pero visible en vivo,"estudio=No detectable, en vivo=Si, CMP=TrustArc","Decidir si 'No detectable' significa ausencia de banner o fallo del detector; si es lo segundo, recodificar como no determinado"
14,mundo,UCL,University College London,https://www.ucl.ac.uk,I6,Sin clasificacion de rastreo,columna vacia,Aplicar la misma taxonomia de rastreo que en el bloque de Ecuador a partir de los nombres de cookies
14,mundo,UCL,University College London,https://www.ucl.ac.uk,I8,Valor sin tilde en banner_visible_mundo,Si,Normalizar a 'Si' o a 'Yes' en todas las columnas booleanas del conjunto
15,mundo,Cornell,Cornell University,https://www.cornell.edu,I6,Sin clasificacion de rastreo,columna vacia,Aplicar la misma taxonomia de rastreo que en el bloque de Ecuador a partir de los nombres de cookies
16,mundo,Tsinghua,Tsinghua University,https://www.tsinghua.edu.cn/en/,I6,Sin clasificacion de rastreo,columna vacia,Aplicar la misma taxonomia de rastreo que en el bloque de Ecuador a partir de los nombres de cookies
17,mundo,Peking,Peking University,https://english.pku.edu.cn,I6,Sin clasificacion de rastreo,columna vacia,Aplicar la misma taxonomia de rastreo que en el bloque de Ecuador a partir de los nombres de cookies
18,mundo,Johns Hopkins,Johns Hopkins University,https://www.jhu.edu,I6,Sin clasificacion de rastreo,columna vacia,Aplicar la misma taxonomia de rastreo que en el bloque de Ecuador a partir de los nombres de cookies
19,mundo,Columbia,Columbia University,https://www.columbia.edu,I4,Sin banner en el study pero visible en vivo,"estudio=No detectable, en vivo=Si, CMP=TrustArc","Decidir si 'No detectable' significa ausencia de banner o fallo del detector; si es lo segundo, recodificar como no determinado"
19,mundo,Columbia,Columbia University,https://www.columbia.edu,I6,Sin clasificacion de rastreo,columna vacia,Aplicar la misma taxonomia de rastreo que en el bloque de Ecuador a partir de los nombres de cookies
19,mundo,Columbia,Columbia University,https://www.columbia.edu,I8,Valor sin tilde en banner_visible_mundo,Si,Normalizar a 'Si' o a 'Yes' en todas las columnas booleanas del conjunto
20,mundo,Toronto,University of Toronto,https://www.utoronto.ca,I6,Sin clasificacion de rastreo,columna vacia,Aplicar la misma taxonomia de rastreo que en el bloque de Ecuador a partir de los nombres de cookies
20,mundo,Toronto,University of Toronto,https://www.utoronto.ca,I7,Plataforma de consentimiento cargada sin banner visible,"CMP=TrustArc, CookieYes, banner en vivo=No","Ninguna: es un hallazgo del estudio, no un error. Verificar que el manuscrito lo interpreta asi"
20,mundo,Toronto,University of Toronto,https://www.utoronto.ca,I9,Campo multivalor separado por coma,"TrustArc, CookieYes","Sustituir la coma por barra vertical, como ya se hizo en nombres_cookies"
21,mundo,UCLA,"University of California, Los Angeles",https://www.ucla.edu,I6,Sin clasificacion de rastreo,columna vacia,Aplicar la misma taxonomia de rastreo que en el bloque de Ecuador a partir de los nombres de cookies
22,mundo,NUS,National University of Singapore,https://nus.edu.sg,I4,Sin banner en el study pero visible en vivo,"estudio=No detectable, en vivo=Si, CMP=TrustArc","Decidir si 'No detectable' significa ausencia de banner o fallo del detector; si es lo segundo, recodificar como no determinado"
22,mundo,NUS,National University of Singapore,https://nus.edu.sg,I6,Sin clasificacion de rastreo,columna vacia,Aplicar la misma taxonomia de rastreo que en el bloque de Ecuador a partir de los nombres de cookies
22,mundo,NUS,National University of Singapore,https://nus.edu.sg,I8,Valor sin tilde en banner_visible_mundo,Si,Normalizar a 'Si' o a 'Yes' en todas las columnas booleanas del conjunto
23,mundo,U Tokyo,The University of Tokyo,https://www.u-tokyo.ac.jp/en/,I6,Sin clasificacion de rastreo,columna vacia,Aplicar la misma taxonomia de rastreo que en el bloque de Ecuador a partir de los nombres de cookies
24,mundo,TUM,Technical University of Munich,https://www.tum.de/en/,I6,Sin clasificacion de rastreo,columna vacia,Aplicar la misma taxonomia de rastreo que en el bloque de Ecuador a partir de los nombres de cookies
24,mundo,TUM,Technical University of Munich,https://www.tum.de/en/,I7,Plataforma de consentimiento cargada sin banner visible,"CMP=TrustArc, banner en vivo=No","Ninguna: es un hallazgo del estudio, no un error. Verificar que el manuscrito lo interpreta asi"
25,mundo,Melbourne,The University of Melbourne,https://www.unimelb.edu.au,I3,Lista de nombres de cookies truncada,"declaradas 22, listadas 10",Recuperar los nombres completos del JSON crudo o declarar el limite de 10 en el libro de codigos
25,mundo,Melbourne,The University of Melbourne,https://www.unimelb.edu.au,I6,Sin clasificacion de rastreo,columna vacia,Aplicar la misma taxonomia de rastreo que en el bloque de Ecuador a partir de los nombres de cookies
25,mundo,Melbourne,The University of Melbourne,https://www.unimelb.edu.au,I8,Valor sin tilde en banner_visible_mundo,Si,Normalizar a 'Si' o a 'Yes' en todas las columnas booleanas del conjunto
26,mundo,Edinburgh,University of Edinburgh,https://www.ed.ac.uk,I6,Sin clasificacion de rastreo,columna vacia,Aplicar la misma taxonomia de rastreo que en el bloque de Ecuador a partir de los nombres de cookies
27,mundo,EPFL,EPFL,https://www.epfl.ch/en/,I6,Sin clasificacion de rastreo,columna vacia,Aplicar la misma taxonomia de rastreo que en el bloque de Ecuador a partir de los nombres de cookies
28,mundo,Michigan,University of Michigan-Ann Arbor,https://umich.edu,I5,Banner en el study pero ausente en vivo,"estudio=Si, en vivo=No, CMP=Ninguna",Comprobar si el sitio retiro el banner entre ambas mediciones y fechar cada observacion por separado
28,mundo,Michigan,University of Michigan-Ann Arbor,https://umich.edu,I6,Sin clasificacion de rastreo,columna vacia,Aplicar la misma taxonomia de rastreo que en el bloque de Ecuador a partir de los nombres de cookies
29,mundo,Northwestern,Northwestern University,https://www.northwestern.edu,I5,Banner en el study pero ausente en vivo,"estudio=Si, en vivo=No, CMP=TrustArc, CookieYes",Comprobar si el sitio retiro el banner entre ambas mediciones y fechar cada observacion por separado
29,mundo,Northwestern,Northwestern University,https://www.northwestern.edu,I6,Sin clasificacion de rastreo,columna vacia,Aplicar la misma taxonomia de rastreo que en el bloque de Ecuador a partir de los nombres de cookies
29,mundo,Northwestern,Northwestern University,https://www.northwestern.edu,I7,Plataforma de consentimiento cargada sin banner visible,"CMP=TrustArc, CookieYes, banner en vivo=No","Ninguna: es un hallazgo del estudio, no un error. Verificar que el manuscrito lo interpreta asi"
29,mundo,Northwestern,Northwestern University,https://www.northwestern.edu,I9,Campo multivalor separado por coma,"TrustArc, CookieYes","Sustituir la coma por barra vertical, como ya se hizo en nombres_cookies"
30,mundo,Fudan,Fudan University,https://www.fudan.edu.cn/en/,I6,Sin clasificacion de rastreo,columna vacia,Aplicar la misma taxonomia de rastreo que en el bloque de Ecuador a partir de los nombres de cookies
31,mundo,PSL,PSL University,https://www.psl.eu/en,I6,Sin clasificacion de rastreo,columna vacia,Aplicar la misma taxonomia de rastreo que en el bloque de Ecuador a partir de los nombres de cookies
31,mundo,PSL,PSL University,https://www.psl.eu/en,I8,Valor sin tilde en banner_visible_mundo,Si,Normalizar a 'Si' o a 'Yes' en todas las columnas booleanas del conjunto
32,mundo,HKU,University of Hong Kong,https://www.hku.hk,I6,Sin clasificacion de rastreo,columna vacia,Aplicar la misma taxonomia de rastreo que en el bloque de Ecuador a partir de los nombres de cookies
33,mundo,Zhejiang,Zhejiang University,https://www.zju.edu.cn/english/,I6,Sin clasificacion de rastreo,columna vacia,Aplicar la misma taxonomia de rastreo que en el bloque de Ecuador a partir de los nombres de cookies
34,mundo,NYU,New York University,https://www.nyu.edu,I6,Sin clasificacion de rastreo,columna vacia,Aplicar la misma taxonomia de rastreo que en el bloque de Ecuador a partir de los nombres de cookies
34,mundo,NYU,New York University,https://www.nyu.edu,I7,Plataforma de consentimiento cargada sin banner visible,"CMP=Osano, banner en vivo=No","Ninguna: es un hallazgo del estudio, no un error. Verificar que el manuscrito lo interpreta asi"
35,mundo,SJTU,Shanghai Jiao Tong University,https://www.sjtu.edu.cn,I6,Sin clasificacion de rastreo,columna vacia,Aplicar la misma taxonomia de rastreo que en el bloque de Ecuador a partir de los nombres de cookies
36,mundo,KCL,King's College London,https://www.kcl.ac.uk,I4,Sin banner en el study pero visible en vivo,"estudio=No detectable, en vivo=Si, CMP=OneTrust","Decidir si 'No detectable' significa ausencia de banner o fallo del detector; si es lo segundo, recodificar como no determinado"
36,mundo,KCL,King's College London,https://www.kcl.ac.uk,I6,Sin clasificacion de rastreo,columna vacia,Aplicar la misma taxonomia de rastreo que en el bloque de Ecuador a partir de los nombres de cookies
36,mundo,KCL,King's College London,https://www.kcl.ac.uk,I8,Valor sin tilde en banner_visible_mundo,Si,Normalizar a 'Si' o a 'Yes' en todas las columnas booleanas del conjunto
37,mundo,UCSD,"University of California, San Diego",https://www.ucsd.edu,I6,Sin clasificacion de rastreo,columna vacia,Aplicar la misma taxonomia de rastreo que en el bloque de Ecuador a partir de los nombres de cookies
38,mundo,LMU,LMU Munich,https://www.lmu.de,I6,Sin clasificacion de rastreo,columna vacia,Aplicar la misma taxonomia de rastreo que en el bloque de Ecuador a partir de los nombres de cookies
39,mundo,Duke,Duke University,https://www.duke.edu,I4,Sin banner en el study pero visible en vivo,"estudio=No detectable, en vivo=Si, CMP=Ninguna","Decidir si 'No detectable' significa ausencia de banner o fallo del detector; si es lo segundo, recodificar como no determinado"
39,mundo,Duke,Duke University,https://www.duke.edu,I6,Sin clasificacion de rastreo,columna vacia,Aplicar la misma taxonomia de rastreo que en el bloque de Ecuador a partir de los nombres de cookies
39,mundo,Duke,Duke University,https://www.duke.edu,I8,Valor sin tilde en banner_visible_mundo,Si,Normalizar a 'Si' o a 'Yes' en todas las columnas booleanas del conjunto
40,mundo,Manchester,University of Manchester,https://www.manchester.ac.uk,I6,Sin clasificacion de rastreo,columna vacia,Aplicar la misma taxonomia de rastreo que en el bloque de Ecuador a partir de los nombres de cookies
40,mundo,Manchester,University of Manchester,https://www.manchester.ac.uk,I7,Plataforma de consentimiento cargada sin banner visible,"CMP=OneTrust, banner en vivo=No","Ninguna: es un hallazgo del estudio, no un error. Verificar que el manuscrito lo interpreta asi"
41,mundo,UBC,University of British Columbia,https://www.ubc.ca,I6,Sin clasificacion de rastreo,columna vacia,Aplicar la misma taxonomia de rastreo que en el bloque de Ecuador a partir de los nombres de cookies
42,mundo,Sydney,The University of Sydney,https://www.sydney.edu.au,I3,Lista de nombres de cookies truncada,"declaradas 25, listadas 10",Recuperar los nombres completos del JSON crudo o declarar el limite de 10 en el libro de codigos
42,mundo,Sydney,The University of Sydney,https://www.sydney.edu.au,I6,Sin clasificacion de rastreo,columna vacia,Aplicar la misma taxonomia de rastreo que en el bloque de Ecuador a partir de los nombres de cookies
43,mundo,Paris-Saclay,Université Paris-Saclay,https://www.universite-paris-saclay.fr/en,I4,Sin banner en el study pero visible en vivo,"estudio=No detectable, en vivo=Si, CMP=TrustArc, Tarteaucitron","Decidir si 'No detectable' significa ausencia de banner o fallo del detector; si es lo segundo, recodificar como no determinado"
43,mundo,Paris-Saclay,Université Paris-Saclay,https://www.universite-paris-saclay.fr/en,I6,Sin clasificacion de rastreo,columna vacia,Aplicar la misma taxonomia de rastreo que en el bloque de Ecuador a partir de los nombres de cookies
43,mundo,Paris-Saclay,Université Paris-Saclay,https://www.universite-paris-saclay.fr/en,I8,Valor sin tilde en banner_visible_mundo,Si,Normalizar a 'Si' o a 'Yes' en todas las columnas booleanas del conjunto
43,mundo,Paris-Saclay,Université Paris-Saclay,https://www.universite-paris-saclay.fr/en,I9,Campo multivalor separado por coma,"TrustArc, Tarteaucitron","Sustituir la coma por barra vertical, como ya se hizo en nombres_cookies"
44,mundo,Kyoto,Kyoto University,https://www.kyoto-u.ac.jp/en,I6,Sin clasificacion de rastreo,columna vacia,Aplicar la misma taxonomia de rastreo que en el bloque de Ecuador a partir de los nombres de cookies
44,mundo,Kyoto,Kyoto University,https://www.kyoto-u.ac.jp/en,I7,Plataforma de consentimiento cargada sin banner visible,"CMP=TrustArc, banner en vivo=No","Ninguna: es un hallazgo del estudio, no un error. Verificar que el manuscrito lo interpreta asi"
45,mundo,Illinois,University of Illinois Urbana-Champaign,https://illinois.edu,I6,Sin clasificacion de rastreo,columna vacia,Aplicar la misma taxonomia de rastreo que en el bloque de Ecuador a partir de los nombres de cookies
45,mundo,Illinois,University of Illinois Urbana-Champaign,https://illinois.edu,I7,Plataforma de consentimiento cargada sin banner visible,"CMP=OneTrust, banner en vivo=No","Ninguna: es un hallazgo del estudio, no un error. Verificar que el manuscrito lo interpreta asi"
46,mundo,UT Austin,The University of Texas at Austin,https://www.utexas.edu,I6,Sin clasificacion de rastreo,columna vacia,Aplicar la misma taxonomia de rastreo que en el bloque de Ecuador a partir de los nombres de cookies
46,mundo,UT Austin,The University of Texas at Austin,https://www.utexas.edu,I7,Plataforma de consentimiento cargada sin banner visible,"CMP=TrustArc, CookieYes, banner en vivo=No","Ninguna: es un hallazgo del estudio, no un error. Verificar que el manuscrito lo interpreta asi"
46,mundo,UT Austin,The University of Texas at Austin,https://www.utexas.edu,I9,Campo multivalor separado por coma,"TrustArc, CookieYes","Sustituir la coma por barra vertical, como ya se hizo en nombres_cookies"
47,mundo,UW,University of Washington,https://www.washington.edu,I6,Sin clasificacion de rastreo,columna vacia,Aplicar la misma taxonomia de rastreo que en el bloque de Ecuador a partir de los nombres de cookies
48,mundo,NTU,Nanyang Technological University,https://www.ntu.edu.sg,I6,Sin clasificacion de rastreo,columna vacia,Aplicar la misma taxonomia de rastreo que en el bloque de Ecuador a partir de los nombres de cookies
48,mundo,NTU,Nanyang Technological University,https://www.ntu.edu.sg,I7,Plataforma de consentimiento cargada sin banner visible,"CMP=TrustArc, banner en vivo=No","Ninguna: es un hallazgo del estudio, no un error. Verificar que el manuscrito lo interpreta asi"
49,mundo,McGill,McGill University,https://www.mcgill.ca,I4,Sin banner en el study pero visible en vivo,"estudio=No detectable, en vivo=Si, CMP=TrustArc","Decidir si 'No detectable' significa ausencia de banner o fallo del detector; si es lo segundo, recodificar como no determinado"
49,mundo,McGill,McGill University,https://www.mcgill.ca,I6,Sin clasificacion de rastreo,columna vacia,Aplicar la misma taxonomia de rastreo que en el bloque de Ecuador a partir de los nombres de cookies
49,mundo,McGill,McGill University,https://www.mcgill.ca,I8,Valor sin tilde en banner_visible_mundo,Si,Normalizar a 'Si' o a 'Yes' en todas las columnas booleanas del conjunto
50,mundo,CUHK,The Chinese University of Hong Kong,https://www.cuhk.edu.hk/english/index.html,I6,Sin clasificacion de rastreo,columna vacia,Aplicar la misma taxonomia de rastreo que en el bloque de Ecuador a partir de los nombres de cookies
51,mundo,CMU,Carnegie Mellon University,https://www.cmu.edu,I6,Sin clasificacion de rastreo,columna vacia,Aplicar la misma taxonomia de rastreo que en el bloque de Ecuador a partir de los nombres de cookies
51,mundo,CMU,Carnegie Mellon University,https://www.cmu.edu,I7,Plataforma de consentimiento cargada sin banner visible,"CMP=TrustArc, banner en vivo=No","Ninguna: es un hallazgo del estudio, no un error. Verificar que el manuscrito lo interpreta asi"
52,mundo,Wisconsin,University of Wisconsin-Madison,https://www.wisc.edu,I4,Sin banner en el study pero visible en vivo,"estudio=No detectable, en vivo=Si, CMP=Ninguna","Decidir si 'No detectable' significa ausencia de banner o fallo del detector; si es lo segundo, recodificar como no determinado"
52,mundo,Wisconsin,University of Wisconsin-Madison,https://www.wisc.edu,I6,Sin clasificacion de rastreo,columna vacia,Aplicar la misma taxonomia de rastreo que en el bloque de Ecuador a partir de los nombres de cookies
52,mundo,Wisconsin,University of Wisconsin-Madison,https://www.wisc.edu,I8,Valor sin tilde en banner_visible_mundo,Si,Normalizar a 'Si' o a 'Yes' en todas las columnas booleanas del conjunto
53,mundo,USTC,University of Science and Technology of China,https://en.ustc.edu.cn,I6,Sin clasificacion de rastreo,columna vacia,Aplicar la misma taxonomia de rastreo que en el bloque de Ecuador a partir de los nombres de cookies
54,mundo,WUSTL,Washington University in St. Louis,https://washu.edu,I6,Sin clasificacion de rastreo,columna vacia,Aplicar la misma taxonomia de rastreo que en el bloque de Ecuador a partir de los nombres de cookies
54,mundo,WUSTL,Washington University in St. Louis,https://washu.edu,I7,Plataforma de consentimiento cargada sin banner visible,"CMP=TrustArc, banner en vivo=No","Ninguna: es un hallazgo del estudio, no un error. Verificar que el manuscrito lo interpreta asi"
55,mundo,Monash,Monash University,https://www.monash.edu,I6,Sin clasificacion de rastreo,columna vacia,Aplicar la misma taxonomia de rastreo que en el bloque de Ecuador a partir de los nombres de cookies
56,mundo,SNU,Seoul National University,https://en.snu.ac.kr,I6,Sin clasificacion de rastreo,columna vacia,Aplicar la misma taxonomia de rastreo que en el bloque de Ecuador a partir de los nombres de cookies
57,mundo,Heidelberg,Heidelberg University,https://www.uni-heidelberg.de/en,I6,Sin clasificacion de rastreo,columna vacia,Aplicar la misma taxonomia de rastreo que en el bloque de Ecuador a partir de los nombres de cookies
58,mundo,HKUST,Hong Kong University of Science and Technology,https://hkust.edu.hk/,I6,Sin clasificacion de rastreo,columna vacia,Aplicar la misma taxonomia de rastreo que en el bloque de Ecuador a partir de los nombres de cookies
58,mundo,HKUST,Hong Kong University of Science and Technology,https://hkust.edu.hk/,I7,Plataforma de consentimiento cargada sin banner visible,"CMP=TrustArc, banner en vivo=No","Ninguna: es un hallazgo del estudio, no un error. Verificar que el manuscrito lo interpreta asi"
59,mundo,Karolinska,Karolinska Institutet,https://ki.se/en,I4,Sin banner en el study pero visible en vivo,"estudio=No detectable, en vivo=Si, CMP=TrustArc","Decidir si 'No detectable' significa ausencia de banner o fallo del detector; si es lo segundo, recodificar como no determinado"
59,mundo,Karolinska,Karolinska Institutet,https://ki.se/en,I6,Sin clasificacion de rastreo,columna vacia,Aplicar la misma taxonomia de rastreo que en el bloque de Ecuador a partir de los nombres de cookies
59,mundo,Karolinska,Karolinska Institutet,https://ki.se/en,I8,Valor sin tilde en banner_visible_mundo,Si,Normalizar a 'Si' o a 'Yes' en todas las columnas booleanas del conjunto
60,mundo,TU Delft,Delft University of Technology,https://www.tudelft.nl/en/,I4,Sin banner en el study pero visible en vivo,"estudio=No detectable, en vivo=Si, CMP=Cookiebot, Usercentrics","Decidir si 'No detectable' significa ausencia de banner o fallo del detector; si es lo segundo, recodificar como no determinado"
60,mundo,TU Delft,Delft University of Technology,https://www.tudelft.nl/en/,I6,Sin clasificacion de rastreo,columna vacia,Aplicar la misma taxonomia de rastreo que en el bloque de Ecuador a partir de los nombres de cookies
60,mundo,TU Delft,Delft University of Technology,https://www.tudelft.nl/en/,I8,Valor sin tilde en banner_visible_mundo,Si,Normalizar a 'Si' o a 'Yes' en todas las columnas booleanas del conjunto
60,mundo,TU Delft,Delft University of Technology,https://www.tudelft.nl/en/,I9,Campo multivalor separado por coma,"Cookiebot, Usercentrics","Sustituir la coma por barra vertical, como ya se hizo en nombres_cookies"
61,mundo,ANU,Australian National University,https://www.anu.edu.au/,I6,Sin clasificacion de rastreo,columna vacia,Aplicar la misma taxonomia de rastreo que en el bloque de Ecuador a partir de los nombres de cookies
61,mundo,ANU,Australian National University,https://www.anu.edu.au/,I7,Plataforma de consentimiento cargada sin banner visible,"CMP=OneTrust, banner en vivo=No","Ninguna: es un hallazgo del estudio, no un error. Verificar que el manuscrito lo interpreta asi"
62,mundo,KU Leuven,KU Leuven,https://www.kuleuven.be/english/,I4,Sin banner en el study pero visible en vivo,"estudio=No detectable, en vivo=Si, CMP=OneTrust, TrustArc","Decidir si 'No detectable' significa ausencia de banner o fallo del detector; si es lo segundo, recodificar como no determinado"
62,mundo,KU Leuven,KU Leuven,https://www.kuleuven.be/english/,I6,Sin clasificacion de rastreo,columna vacia,Aplicar la misma taxonomia de rastreo que en el bloque de Ecuador a partir de los nombres de cookies
62,mundo,KU Leuven,KU Leuven,https://www.kuleuven.be/english/,I8,Valor sin tilde en banner_visible_mundo,Si,Normalizar a 'Si' o a 'Yes' en todas las columnas booleanas del conjunto
62,mundo,KU Leuven,KU Leuven,https://www.kuleuven.be/english/,I9,Campo multivalor separado por coma,"OneTrust, TrustArc","Sustituir la coma por barra vertical, como ya se hizo en nombres_cookies"
63,mundo,Queensland,The University of Queensland,https://www.uq.edu.au/,I6,Sin clasificacion de rastreo,columna vacia,Aplicar la misma taxonomia de rastreo que en el bloque de Ecuador a partir de los nombres de cookies
63,mundo,Queensland,The University of Queensland,https://www.uq.edu.au/,I7,Plataforma de consentimiento cargada sin banner visible,"CMP=TrustArc, banner en vivo=No","Ninguna: es un hallazgo del estudio, no un error. Verificar que el manuscrito lo interpreta asi"
64,ecuador,EPN,Escuela Politécnica Nacional,https://www.epn.edu.ec,I7,Plataforma de consentimiento cargada sin banner visible,"CMP=CookieYes, banner en vivo=No","Ninguna: es un hallazgo del estudio, no un error. Verificar que el manuscrito lo interpreta asi"
64,ecuador,EPN,Escuela Politécnica Nacional,https://www.epn.edu.ec,I8,Valor sin tilde en rastreo_ec,Si,Normalizar a 'Si' o a 'Yes' en todas las columnas booleanas del conjunto
65,ecuador,ESPOL,Escuela Superior Politécnica del Litoral,https://www.espol.edu.ec,I4,Sin banner en el study pero visible en vivo,"estudio=No detectable, en vivo=Sí, CMP=CookieYes","Decidir si 'No detectable' significa ausencia de banner o fallo del detector; si es lo segundo, recodificar como no determinado"
65,ecuador,ESPOL,Escuela Superior Politécnica del Litoral,https://www.espol.edu.ec,I8,Valor sin tilde en rastreo_ec,Si,Normalizar a 'Si' o a 'Yes' en todas las columnas booleanas del conjunto
66,ecuador,ESPOCH,Escuela Superior Politécnica de Chimborazo,https://www.espoch.edu.ec,I4,Sin banner en el study pero visible en vivo,"estudio=No detectable, en vivo=Sí, CMP=CookieYes","Decidir si 'No detectable' significa ausencia de banner o fallo del detector; si es lo segundo, recodificar como no determinado"
67,ecuador,ESPAM MFL,Escuela Superior Politécnica Agropecuaria de Manabí Manuel Félix López,https://www.espam.edu.ec,I7,Plataforma de consentimiento cargada sin banner visible,"CMP=CookieYes, banner en vivo=No","Ninguna: es un hallazgo del estudio, no un error. Verificar que el manuscrito lo interpreta asi"
68,ecuador,ESPE,Universidad de las Fuerzas Armadas ESPE,https://www.espe.edu.ec,I7,Plataforma de consentimiento cargada sin banner visible,"CMP=CookieYes, banner en vivo=No","Ninguna: es un hallazgo del estudio, no un error. Verificar que el manuscrito lo interpreta asi"
68,ecuador,ESPE,Universidad de las Fuerzas Armadas ESPE,https://www.espe.edu.ec,I8,Valor sin tilde en rastreo_ec,Si,Normalizar a 'Si' o a 'Yes' en todas las columnas booleanas del conjunto
69,ecuador,UCE,Universidad Central del Ecuador,https://www.uce.edu.ec,I1,Medicion de cookies ausente,celda vacia,"Repetir la pasada con el mismo protocolo y registrar el resultado, o declarar el sitio como no medido y excluirlo de los denominadores"
69,ecuador,UCE,Universidad Central del Ecuador,https://www.uce.edu.ec,I2,Verificacion en vivo sin completar,Pendiente,Completar la verificacion en vivo o marcar la fila como no verificada de forma explicita
70,ecuador,UCuenca,Universidad de Cuenca,https://www.ucuenca.edu.ec,I3,Lista de nombres de cookies truncada,"declaradas 12, listadas 10",Recuperar los nombres completos del JSON crudo o declarar el limite de 10 en el libro de codigos
70,ecuador,UCuenca,Universidad de Cuenca,https://www.ucuenca.edu.ec,I8,Valor sin tilde en rastreo_ec,Si,Normalizar a 'Si' o a 'Yes' en todas las columnas booleanas del conjunto
70,ecuador,UCuenca,Universidad de Cuenca,https://www.ucuenca.edu.ec,I9,Campo multivalor separado por coma,"Cookiebot, CookieYes","Sustituir la coma por barra vertical, como ya se hizo en nombres_cookies"
71,ecuador,UG,Universidad de Guayaquil,https://www.ug.edu.ec,I4,Sin banner en el study pero visible en vivo,"estudio=No detectable, en vivo=Sí, CMP=CookieYes","Decidir si 'No detectable' significa ausencia de banner o fallo del detector; si es lo segundo, recodificar como no determinado"
72,ecuador,UNL,Universidad Nacional de Loja,https://www.unl.edu.ec,I7,Plataforma de consentimiento cargada sin banner visible,"CMP=TrustArc, CookieYes, banner en vivo=No","Ninguna: es un hallazgo del estudio, no un error. Verificar que el manuscrito lo interpreta asi"
72,ecuador,UNL,Universidad Nacional de Loja,https://www.unl.edu.ec,I8,Valor sin tilde en rastreo_ec,Si,Normalizar a 'Si' o a 'Yes' en todas las columnas booleanas del conjunto
72,ecuador,UNL,Universidad Nacional de Loja,https://www.unl.edu.ec,I9,Campo multivalor separado por coma,"TrustArc, CookieYes","Sustituir la coma por barra vertical, como ya se hizo en nombres_cookies"
73,ecuador,UAE,Universidad Agraria del Ecuador,https://www.uagraria.edu.ec,I8,Valor sin tilde en rastreo_ec,Si,Normalizar a 'Si' o a 'Yes' en todas las columnas booleanas del conjunto
74,ecuador,UTA,Universidad Técnica de Ambato,https://uta.edu.ec,I7,Plataforma de consentimiento cargada sin banner visible,"CMP=CookieYes, banner en vivo=No","Ninguna: es un hallazgo del estudio, no un error. Verificar que el manuscrito lo interpreta asi"
75,ecuador,UTB,Universidad Técnica de Babahoyo,https://utb.edu.ec,I7,Plataforma de consentimiento cargada sin banner visible,"CMP=TrustArc, banner en vivo=No","Ninguna: es un hallazgo del estudio, no un error. Verificar que el manuscrito lo interpreta asi"
75,ecuador,UTB,Universidad Técnica de Babahoyo,https://utb.edu.ec,I8,Valor sin tilde en rastreo_ec,Si,Normalizar a 'Si' o a 'Yes' en todas las columnas booleanas del conjunto
78,ecuador,UTM,Universidad Técnica de Manabí,https://www.utm.edu.ec,I7,Plataforma de consentimiento cargada sin banner visible,"CMP=CookieYes, banner en vivo=No","Ninguna: es un hallazgo del estudio, no un error. Verificar que el manuscrito lo interpreta asi"
79,ecuador,UTN,Universidad Técnica del Norte,https://www.utn.edu.ec,I8,Valor sin tilde en rastreo_ec,Si,Normalizar a 'Si' o a 'Yes' en todas las columnas booleanas del conjunto
80,ecuador,UTEQ,Universidad Técnica Estatal de Quevedo,https://www.uteq.edu.ec,I7,Plataforma de consentimiento cargada sin banner visible,"CMP=CookieYes, banner en vivo=No","Ninguna: es un hallazgo del estudio, no un error. Verificar que el manuscrito lo interpreta asi"
80,ecuador,UTEQ,Universidad Técnica Estatal de Quevedo,https://www.uteq.edu.ec,I8,Valor sin tilde en rastreo_ec,Si,Normalizar a 'Si' o a 'Yes' en todas las columnas booleanas del conjunto
81,ecuador,UTELVT,Universidad Técnica Luis Vargas Torres de Esmeraldas,https://www.utelvt.edu.ec,I7,Plataforma de consentimiento cargada sin banner visible,"CMP=CookieYes, banner en vivo=No","Ninguna: es un hallazgo del estudio, no un error. Verificar que el manuscrito lo interpreta asi"
82,ecuador,UEB,Universidad Estatal de Bolívar,https://www.ueb.edu.ec,I7,Plataforma de consentimiento cargada sin banner visible,"CMP=CookieYes, banner en vivo=No","Ninguna: es un hallazgo del estudio, no un error. Verificar que el manuscrito lo interpreta asi"
83,ecuador,UNESUM,Universidad Estatal del Sur de Manabí,https://unesum.edu.ec,I7,Plataforma de consentimiento cargada sin banner visible,"CMP=CookieYes, banner en vivo=No","Ninguna: es un hallazgo del estudio, no un error. Verificar que el manuscrito lo interpreta asi"
84,ecuador,UNEMI,Universidad Estatal de Milagro,https://www.unemi.edu.ec,I7,Plataforma de consentimiento cargada sin banner visible,"CMP=CookieYes, banner en vivo=No","Ninguna: es un hallazgo del estudio, no un error. Verificar que el manuscrito lo interpreta asi"
84,ecuador,UNEMI,Universidad Estatal de Milagro,https://www.unemi.edu.ec,I8,Valor sin tilde en rastreo_ec,Si,Normalizar a 'Si' o a 'Yes' en todas las columnas booleanas del conjunto
85,ecuador,UEA,Universidad Estatal Amazónica,https://www.uea.edu.ec,I7,Plataforma de consentimiento cargada sin banner visible,"CMP=CookieYes, banner en vivo=No","Ninguna: es un hallazgo del estudio, no un error. Verificar que el manuscrito lo interpreta asi"
85,ecuador,UEA,Universidad Estatal Amazónica,https://www.uea.edu.ec,I8,Valor sin tilde en rastreo_ec,Si,Normalizar a 'Si' o a 'Yes' en todas las columnas booleanas del conjunto
86,ecuador,UPSE,Universidad Estatal Península de Santa Elena,https://www.upse.edu.ec,I7,Plataforma de consentimiento cargada sin banner visible,"CMP=CookieYes, banner en vivo=No","Ninguna: es un hallazgo del estudio, no un error. Verificar que el manuscrito lo interpreta asi"
87,ecuador,ULEAM,Universidad Laica Eloy Alfaro de Manabí,https://www.uleam.edu.ec,I8,Valor sin tilde en rastreo_ec,Si,Normalizar a 'Si' o a 'Yes' en todas las columnas booleanas del conjunto
88,ecuador,UNACH,Universidad Nacional de Chimborazo,https://www.unach.edu.ec,I8,Valor sin tilde en rastreo_ec,Si,Normalizar a 'Si' o a 'Yes' en todas las columnas booleanas del conjunto
89,ecuador,UNAE,Universidad Nacional de Educación,https://unae.edu.ec,I7,Plataforma de consentimiento cargada sin banner visible,"CMP=CookieYes, banner en vivo=No","Ninguna: es un hallazgo del estudio, no un error. Verificar que el manuscrito lo interpreta asi"
89,ecuador,UNAE,Universidad Nacional de Educación,https://unae.edu.ec,I8,Valor sin tilde en rastreo_ec,Si,Normalizar a 'Si' o a 'Yes' en todas las columnas booleanas del conjunto
90,ecuador,UPEC,Universidad Politécnica Estatal del Carchi,https://upec.edu.ec,I7,Plataforma de consentimiento cargada sin banner visible,"CMP=CookieYes, banner en vivo=No","Ninguna: es un hallazgo del estudio, no un error. Verificar que el manuscrito lo interpreta asi"
90,ecuador,UPEC,Universidad Politécnica Estatal del Carchi,https://upec.edu.ec,I8,Valor sin tilde en rastreo_ec,Si,Normalizar a 'Si' o a 'Yes' en todas las columnas booleanas del conjunto
91,ecuador,Yachay Tech,Universidad de Investigación de Tecnología Experimental Yachay,https://yachaytech.edu.ec,I7,Plataforma de consentimiento cargada sin banner visible,"CMP=CookieYes, banner en vivo=No","Ninguna: es un hallazgo del estudio, no un error. Verificar que el manuscrito lo interpreta asi"
92,ecuador,Ikiam,Universidad Regional Amazónica Ikiam,https://www.ikiam.edu.ec,I7,Plataforma de consentimiento cargada sin banner visible,"CMP=CookieYes, banner en vivo=No","Ninguna: es un hallazgo del estudio, no un error. Verificar que el manuscrito lo interpreta asi"
92,ecuador,Ikiam,Universidad Regional Amazónica Ikiam,https://www.ikiam.edu.ec,I8,Valor sin tilde en rastreo_ec,Si,Normalizar a 'Si' o a 'Yes' en todas las columnas booleanas del conjunto
93,ecuador,UArtes,Universidad de las Artes,https://www.uartes.edu.ec,I7,Plataforma de consentimiento cargada sin banner visible,"CMP=CookieYes, banner en vivo=No","Ninguna: es un hallazgo del estudio, no un error. Verificar que el manuscrito lo interpreta asi"
93,ecuador,UArtes,Universidad de las Artes,https://www.uartes.edu.ec,I8,Valor sin tilde en rastreo_ec,Si,Normalizar a 'Si' o a 'Yes' en todas las columnas booleanas del conjunto
94,ecuador,Amawtay Wasi,Universidad Intercultural de las Nacionalidades y Pueblos Indígenas Amawtay Wasi,https://uaw.edu.ec,I7,Plataforma de consentimiento cargada sin banner visible,"CMP=CookieYes, banner en vivo=No","Ninguna: es un hallazgo del estudio, no un error. Verificar que el manuscrito lo interpreta asi"
96,ecuador,IAEN,Instituto de Altos Estudios Nacionales,https://www.iaen.edu.ec,I5,Banner en el study pero ausente en vivo,"estudio=Si, en vivo=No, CMP=Ninguna",Comprobar si el sitio retiro el banner entre ambas mediciones y fechar cada observacion por separado
97,ecuador,UASB,"Universidad Andina Simón Bolívar, sede Ecuador",https://www.uasb.edu.ec,I3,Lista de nombres de cookies truncada,"declaradas 22, listadas 10",Recuperar los nombres completos del JSON crudo o declarar el limite de 10 en el libro de codigos
97,ecuador,UASB,"Universidad Andina Simón Bolívar, sede Ecuador",https://www.uasb.edu.ec,I4,Sin banner en el study pero visible en vivo,"estudio=No detectable, en vivo=Sí, CMP=Cookiebot, TCF, CookieYes","Decidir si 'No detectable' significa ausencia de banner o fallo del detector; si es lo segundo, recodificar como no determinado"
97,ecuador,UASB,"Universidad Andina Simón Bolívar, sede Ecuador",https://www.uasb.edu.ec,I8,Valor sin tilde en rastreo_ec,Si,Normalizar a 'Si' o a 'Yes' en todas las columnas booleanas del conjunto
97,ecuador,UASB,"Universidad Andina Simón Bolívar, sede Ecuador",https://www.uasb.edu.ec,I9,Campo multivalor separado por coma,"Cookiebot, TCF, CookieYes","Sustituir la coma por barra vertical, como ya se hizo en nombres_cookies"
98,ecuador,FLACSO,FLACSO Ecuador,https://www.flacso.edu.ec,I7,Plataforma de consentimiento cargada sin banner visible,"CMP=TrustArc, CookieYes, banner en vivo=No","Ninguna: es un hallazgo del estudio, no un error. Verificar que el manuscrito lo interpreta asi"
98,ecuador,FLACSO,FLACSO Ecuador,https://www.flacso.edu.ec,I8,Valor sin tilde en rastreo_ec,Si,Normalizar a 'Si' o a 'Yes' en todas las columnas booleanas del conjunto
98,ecuador,FLACSO,FLACSO Ecuador,https://www.flacso.edu.ec,I9,Campo multivalor separado por coma,"TrustArc, CookieYes","Sustituir la coma por barra vertical, como ya se hizo en nombres_cookies"
99,ecuador,PUCE,Pontificia Universidad Católica del Ecuador,https://www.puce.edu.ec,I3,Lista de nombres de cookies truncada,"declaradas 13, listadas 10",Recuperar los nombres completos del JSON crudo o declarar el limite de 10 en el libro de codigos
99,ecuador,PUCE,Pontificia Universidad Católica del Ecuador,https://www.puce.edu.ec,I8,Valor sin tilde en rastreo_ec,Si,Normalizar a 'Si' o a 'Yes' en todas las columnas booleanas del conjunto
100,ecuador,UCSG,Universidad Católica de Santiago de Guayaquil,https://www.ucsg.edu.ec,I3,Lista de nombres de cookies truncada,"declaradas 15, listadas 10",Recuperar los nombres completos del JSON crudo o declarar el limite de 10 en el libro de codigos
100,ecuador,UCSG,Universidad Católica de Santiago de Guayaquil,https://www.ucsg.edu.ec,I8,Valor sin tilde en rastreo_ec,Si,Normalizar a 'Si' o a 'Yes' en todas las columnas booleanas del conjunto
100,ecuador,UCSG,Universidad Católica de Santiago de Guayaquil,https://www.ucsg.edu.ec,I9,Campo multivalor separado por coma,"CookieYes, Complianz","Sustituir la coma por barra vertical, como ya se hizo en nombres_cookies"
101,ecuador,UCACUE,Universidad Católica de Cuenca,https://www.ucacue.edu.ec,I3,Lista de nombres de cookies truncada,"declaradas 17, listadas 10",Recuperar los nombres completos del JSON crudo o declarar el limite de 10 en el libro de codigos
101,ecuador,UCACUE,Universidad Católica de Cuenca,https://www.ucacue.edu.ec,I4,Sin banner en el study pero visible en vivo,"estudio=No detectable, en vivo=Sí, CMP=Cookiebot, CookieYes","Decidir si 'No detectable' significa ausencia de banner o fallo del detector; si es lo segundo, recodificar como no determinado"
101,ecuador,UCACUE,Universidad Católica de Cuenca,https://www.ucacue.edu.ec,I8,Valor sin tilde en rastreo_ec,Si,Normalizar a 'Si' o a 'Yes' en todas las columnas booleanas del conjunto
101,ecuador,UCACUE,Universidad Católica de Cuenca,https://www.ucacue.edu.ec,I9,Campo multivalor separado por coma,"Cookiebot, CookieYes","Sustituir la coma por barra vertical, como ya se hizo en nombres_cookies"
102,ecuador,ULVR,Universidad Laica Vicente Rocafuerte de Guayaquil,https://www.ulvr.edu.ec,I7,Plataforma de consentimiento cargada sin banner visible,"CMP=CookieYes, banner en vivo=No","Ninguna: es un hallazgo del estudio, no un error. Verificar que el manuscrito lo interpreta asi"
103,ecuador,UTPL,Universidad Técnica Particular de Loja,https://www.utpl.edu.ec,I8,Valor sin tilde en rastreo_ec,Si,Normalizar a 'Si' o a 'Yes' en todas las columnas booleanas del conjunto
104,ecuador,UTE,Universidad UTE,https://ute.edu.ec,I7,Plataforma de consentimiento cargada sin banner visible,"CMP=CookieYes, banner en vivo=No","Ninguna: es un hallazgo del estudio, no un error. Verificar que el manuscrito lo interpreta asi"
104,ecuador,UTE,Universidad UTE,https://ute.edu.ec,I8,Valor sin tilde en rastreo_ec,Si,Normalizar a 'Si' o a 'Yes' en todas las columnas booleanas del conjunto
105,ecuador,UDA,Universidad del Azuay,https://www.uazuay.edu.ec,I4,Sin banner en el study pero visible en vivo,"estudio=No detectable, en vivo=Sí, CMP=TrustArc","Decidir si 'No detectable' significa ausencia de banner o fallo del detector; si es lo segundo, recodificar como no determinado"
105,ecuador,UDA,Universidad del Azuay,https://www.uazuay.edu.ec,I8,Valor sin tilde en rastreo_ec,Si,Normalizar a 'Si' o a 'Yes' en todas las columnas booleanas del conjunto
106,ecuador,UPS,Universidad Politécnica Salesiana,https://www.ups.edu.ec,I3,Lista de nombres de cookies truncada,"declaradas 17, listadas 10",Recuperar los nombres completos del JSON crudo o declarar el limite de 10 en el libro de codigos
106,ecuador,UPS,Universidad Politécnica Salesiana,https://www.ups.edu.ec,I8,Valor sin tilde en rastreo_ec,Si,Normalizar a 'Si' o a 'Yes' en todas las columnas booleanas del conjunto
107,ecuador,UISEK,Universidad Internacional SEK,https://uisek.edu.ec,I3,Lista de nombres de cookies truncada,"declaradas 14, listadas 10",Recuperar los nombres completos del JSON crudo o declarar el limite de 10 en el libro de codigos
107,ecuador,UISEK,Universidad Internacional SEK,https://uisek.edu.ec,I8,Valor sin tilde en rastreo_ec,Si,Normalizar a 'Si' o a 'Yes' en todas las columnas booleanas del conjunto
108,ecuador,UEES,Universidad de Especialidades Espíritu Santo,https://uees.edu.ec,I3,Lista de nombres de cookies truncada,"declaradas 17, listadas 10",Recuperar los nombres completos del JSON crudo o declarar el limite de 10 en el libro de codigos
108,ecuador,UEES,Universidad de Especialidades Espíritu Santo,https://uees.edu.ec,I7,Plataforma de consentimiento cargada sin banner visible,"CMP=CookieYes, banner en vivo=No","Ninguna: es un hallazgo del estudio, no un error. Verificar que el manuscrito lo interpreta asi"
108,ecuador,UEES,Universidad de Especialidades Espíritu Santo,https://uees.edu.ec,I8,Valor sin tilde en rastreo_ec,Si,Normalizar a 'Si' o a 'Yes' en todas las columnas booleanas del conjunto
109,ecuador,USFQ,Universidad San Francisco de Quito,https://www.usfq.edu.ec,I7,Plataforma de consentimiento cargada sin banner visible,"CMP=TrustArc, banner en vivo=No","Ninguna: es un hallazgo del estudio, no un error. Verificar que el manuscrito lo interpreta asi"
109,ecuador,USFQ,Universidad San Francisco de Quito,https://www.usfq.edu.ec,I8,Valor sin tilde en rastreo_ec,Si,Normalizar a 'Si' o a 'Yes' en todas las columnas booleanas del conjunto
110,ecuador,UDLA,Universidad de las Américas,https://www.udla.edu.ec,I4,Sin banner en el study pero visible en vivo,"estudio=No detectable, en vivo=Sí, CMP=Cookiebot, Usercentrics","Decidir si 'No detectable' significa ausencia de banner o fallo del detector; si es lo segundo, recodificar como no determinado"
110,ecuador,UDLA,Universidad de las Américas,https://www.udla.edu.ec,I9,Campo multivalor separado por coma,"Cookiebot, Usercentrics","Sustituir la coma por barra vertical, como ya se hizo en nombres_cookies"
111,ecuador,UIDE,Universidad Internacional del Ecuador,https://www.uide.edu.ec,I4,Sin banner en el study pero visible en vivo,"estudio=No detectable, en vivo=Sí, CMP=CookieYes","Decidir si 'No detectable' significa ausencia de banner o fallo del detector; si es lo segundo, recodificar como no determinado"
111,ecuador,UIDE,Universidad Internacional del Ecuador,https://www.uide.edu.ec,I8,Valor sin tilde en rastreo_ec,Si,Normalizar a 'Si' o a 'Yes' en todas las columnas booleanas del conjunto
112,ecuador,UNIANDES,Universidad Regional Autónoma de los Andes,https://www.uniandes.edu.ec,I7,Plataforma de consentimiento cargada sin banner visible,"CMP=CookieYes, banner en vivo=No","Ninguna: es un hallazgo del estudio, no un error. Verificar que el manuscrito lo interpreta asi"
113,ecuador,UPACIFICO,Universidad del Pacífico Escuela de Negocios,https://upacifico.edu.ec,I7,Plataforma de consentimiento cargada sin banner visible,"CMP=CookieYes, banner en vivo=No","Ninguna: es un hallazgo del estudio, no un error. Verificar que el manuscrito lo interpreta asi"
113,ecuador,UPACIFICO,Universidad del Pacífico Escuela de Negocios,https://upacifico.edu.ec,I8,Valor sin tilde en rastreo_ec,Si,Normalizar a 'Si' o a 'Yes' en todas las columnas booleanas del conjunto
114,ecuador,UTI,Universidad Tecnológica Indoamérica,https://www.indoamerica.edu.ec,I3,Lista de nombres de cookies truncada,"declaradas 24, listadas 10",Recuperar los nombres completos del JSON crudo o declarar el limite de 10 en el libro de codigos
114,ecuador,UTI,Universidad Tecnológica Indoamérica,https://www.indoamerica.edu.ec,I7,Plataforma de consentimiento cargada sin banner visible,"CMP=Cookiebot, CookieYes, banner en vivo=No","Ninguna: es un hallazgo del estudio, no un error. Verificar que el manuscrito lo interpreta asi"
114,ecuador,UTI,Universidad Tecnológica Indoamérica,https://www.indoamerica.edu.ec,I8,Valor sin tilde en rastreo_ec,Si,Normalizar a 'Si' o a 'Yes' en todas las columnas booleanas del conjunto
114,ecuador,UTI,Universidad Tecnológica Indoamérica,https://www.indoamerica.edu.ec,I9,Campo multivalor separado por coma,"Cookiebot, CookieYes","Sustituir la coma por barra vertical, como ya se hizo en nombres_cookies"
115,ecuador,Casa Grande,Universidad Casa Grande,https://www.casagrande.edu.ec,I8,Valor sin tilde en rastreo_ec,Si,Normalizar a 'Si' o a 'Yes' en todas las columnas booleanas del conjunto
116,ecuador,UTEG,Universidad Tecnológica Empresarial de Guayaquil,https://www.uteg.edu.ec,I3,Lista de nombres de cookies truncada,"declaradas 16, listadas 10",Recuperar los nombres completos del JSON crudo o declarar el limite de 10 en el libro de codigos
116,ecuador,UTEG,Universidad Tecnológica Empresarial de Guayaquil,https://www.uteg.edu.ec,I8,Valor sin tilde en rastreo_ec,Si,Normalizar a 'Si' o a 'Yes' en todas las columnas booleanas del conjunto
117,ecuador,UISRAEL,Universidad Tecnológica Israel,https://www.uisrael.edu.ec,I3,Lista de nombres de cookies truncada,"declaradas 12, listadas 10",Recuperar los nombres completos del JSON crudo o declarar el limite de 10 en el libro de codigos
117,ecuador,UISRAEL,Universidad Tecnológica Israel,https://www.uisrael.edu.ec,I4,Sin banner en el study pero visible en vivo,"estudio=No detectable, en vivo=Sí, CMP=Cookiebot, Complianz","Decidir si 'No detectable' significa ausencia de banner o fallo del detector; si es lo segundo, recodificar como no determinado"
117,ecuador,UISRAEL,Universidad Tecnológica Israel,https://www.uisrael.edu.ec,I8,Valor sin tilde en rastreo_ec,Si,Normalizar a 'Si' o a 'Yes' en todas las columnas booleanas del conjunto
117,ecuador,UISRAEL,Universidad Tecnológica Israel,https://www.uisrael.edu.ec,I9,Campo multivalor separado por coma,"Cookiebot, Complianz","Sustituir la coma por barra vertical, como ya se hizo en nombres_cookies"
118,ecuador,UDET,Universidad de Especialidades Turísticas,https://www.udet.edu.ec,I8,Valor sin tilde en rastreo_ec,Si,Normalizar a 'Si' o a 'Yes' en todas las columnas booleanas del conjunto
119,ecuador,UMET,Universidad Metropolitana del Ecuador,https://umet.edu.ec,I7,Plataforma de consentimiento cargada sin banner visible,"CMP=CookieYes, banner en vivo=No","Ninguna: es un hallazgo del estudio, no un error. Verificar que el manuscrito lo interpreta asi"
119,ecuador,UMET,Universidad Metropolitana del Ecuador,https://umet.edu.ec,I8,Valor sin tilde en rastreo_ec,Si,Normalizar a 'Si' o a 'Yes' en todas las columnas booleanas del conjunto
120,ecuador,U. Otavalo,Universidad de Otavalo,https://www.uotavalo.edu.ec,I7,Plataforma de consentimiento cargada sin banner visible,"CMP=CookieYes, banner en vivo=No","Ninguna: es un hallazgo del estudio, no un error. Verificar que el manuscrito lo interpreta asi"
121,ecuador,USGP,Universidad San Gregorio de Portoviejo,https://www.sangregorio.edu.ec,I8,Valor sin tilde en rastreo_ec,Si,Normalizar a 'Si' o a 'Yes' en todas las columnas booleanas del conjunto
122,ecuador,U. Hemisferios,Universidad de los Hemisferios,https://www.uhemisferios.edu.ec,I3,Lista de nombres de cookies truncada,"declaradas 11, listadas 10",Recuperar los nombres completos del JSON crudo o declarar el limite de 10 en el libro de codigos
122,ecuador,U. Hemisferios,Universidad de los Hemisferios,https://www.uhemisferios.edu.ec,I5,Banner en el study pero ausente en vivo,"estudio=Si, en vivo=No, CMP=CookieYes",Comprobar si el sitio retiro el banner entre ambas mediciones y fechar cada observacion por separado
122,ecuador,U. Hemisferios,Universidad de los Hemisferios,https://www.uhemisferios.edu.ec,I7,Plataforma de consentimiento cargada sin banner visible,"CMP=CookieYes, banner en vivo=No","Ninguna: es un hallazgo del estudio, no un error. Verificar que el manuscrito lo interpreta asi"
122,ecuador,U. Hemisferios,Universidad de los Hemisferios,https://www.uhemisferios.edu.ec,I8,Valor sin tilde en rastreo_ec,Si,Normalizar a 'Si' o a 'Yes' en todas las columnas booleanas del conjunto
123,ecuador,UNIB.E,Universidad Iberoamericana del Ecuador,https://unibe.edu.ec,I7,Plataforma de consentimiento cargada sin banner visible,"CMP=CookieYes, banner en vivo=No","Ninguna: es un hallazgo del estudio, no un error. Verificar que el manuscrito lo interpreta asi"
124,ecuador,ECOTEC,Universidad Tecnológica Ecotec,https://ecotec.edu.ec,I3,Lista de nombres de cookies truncada,"declaradas 22, listadas 10",Recuperar los nombres completos del JSON crudo o declarar el limite de 10 en el libro de codigos
124,ecuador,ECOTEC,Universidad Tecnológica Ecotec,https://ecotec.edu.ec,I8,Valor sin tilde en rastreo_ec,Si,Normalizar a 'Si' o a 'Yes' en todas las columnas booleanas del conjunto
125,ecuador,UDR,Universidad del Río,https://udr.edu.ec,I8,Valor sin tilde en rastreo_ec,Si,Normalizar a 'Si' o a 'Yes' en todas las columnas booleanas del conjunto
