id,group,abbr,url,criterion,act_rule,rule_name,element_n,selector_or_description,applicable,outcome,measured_value,programmatic_context,evaluator_code,date,capture,notes,dialog_state
96,ecuador,IAEN,https://www.iaen.edu.ec/,1.4.3,afw4f7,Text has minimum contrast,1,html > body.home > a.hfe-skip-link,no,,,,R04,2026-09-09,,"No es un caracter visible: la regla no aplica. Texto oculto visualmente, de tamano cero o desplazado fuera de pantalla.",sin CMP detectada
96,ecuador,IAEN,https://www.iaen.edu.ec/,1.4.3,afw4f7,Text has minimum contrast,2,div.hfeed > header > p.main-title > a,no,,,,R04,2026-09-09,,"No es un caracter visible: la regla no aplica. Texto oculto visualmente, de tamano cero o desplazado fuera de pantalla.",sin CMP detectada
96,ecuador,IAEN,https://www.iaen.edu.ec/,1.4.3,afw4f7,Text has minimum contrast,3,div.elementor-social-icons-wrapper > span.elementor-grid-item > a.elementor-icon > span.elementor-screen-only,no,,,,R04,2026-09-09,,"No es un caracter visible: la regla no aplica. Texto oculto visualmente, de tamano cero o desplazado fuera de pantalla.",sin CMP detectada
96,ecuador,IAEN,https://www.iaen.edu.ec/,1.4.3,afw4f7,Text has minimum contrast,4,div.elementor-social-icons-wrapper > span.elementor-grid-item > a.elementor-icon > span.elementor-screen-only,no,,,,R04,2026-09-09,,"No es un caracter visible: la regla no aplica. Texto oculto visualmente, de tamano cero o desplazado fuera de pantalla.",sin CMP detectada
96,ecuador,IAEN,https://www.iaen.edu.ec/,1.4.3,afw4f7,Text has minimum contrast,5,div.elementor-social-icons-wrapper > span.elementor-grid-item > a.elementor-icon > span.elementor-screen-only,no,,,,R04,2026-09-09,,"No es un caracter visible: la regla no aplica. Texto oculto visualmente, de tamano cero o desplazado fuera de pantalla.",sin CMP detectada
96,ecuador,IAEN,https://www.iaen.edu.ec/,1.4.3,afw4f7,Text has minimum contrast,6,div.elementor-social-icons-wrapper > span.elementor-grid-item > a.elementor-icon > span.elementor-screen-only,no,,,,R04,2026-09-09,,"No es un caracter visible: la regla no aplica. Texto oculto visualmente, de tamano cero o desplazado fuera de pantalla.",sin CMP detectada
96,ecuador,IAEN,https://www.iaen.edu.ec/,1.4.3,afw4f7,Text has minimum contrast,7,div.elementor-social-icons-wrapper > span.elementor-grid-item > a.elementor-icon > span.elementor-screen-only,no,,,,R04,2026-09-09,,"No es un caracter visible: la regla no aplica. Texto oculto visualmente, de tamano cero o desplazado fuera de pantalla.",sin CMP detectada
96,ecuador,IAEN,https://www.iaen.edu.ec/,1.4.3,afw4f7,Text has minimum contrast,8,div.elementor-social-icons-wrapper > span.elementor-grid-item > a.elementor-icon > span.elementor-screen-only,no,,,,R04,2026-09-09,,"No es un caracter visible: la regla no aplica. Texto oculto visualmente, de tamano cero o desplazado fuera de pantalla.",sin CMP detectada
96,ecuador,IAEN,https://www.iaen.edu.ec/,1.4.3,afw4f7,Text has minimum contrast,9,nav.elementor-nav-menu--main > ul.elementor-nav-menu > li.menu-item > a.elementor-item,no,,,,R04,2026-09-09,,"No es un caracter visible: la regla no aplica. Texto oculto visualmente, de tamano cero o desplazado fuera de pantalla.",sin CMP detectada
96,ecuador,IAEN,https://www.iaen.edu.ec/,1.4.3,afw4f7,Text has minimum contrast,10,nav.elementor-nav-menu--main > ul.elementor-nav-menu > li.menu-item > a.elementor-item,no,,,,R04,2026-09-09,,"No es un caracter visible: la regla no aplica. Texto oculto visualmente, de tamano cero o desplazado fuera de pantalla.",sin CMP detectada
96,ecuador,IAEN,https://www.iaen.edu.ec/,1.4.3,afw4f7,Text has minimum contrast,11,nav.elementor-nav-menu--main > ul.elementor-nav-menu > li.menu-item > a.elementor-item,no,,,,R04,2026-09-09,,"No es un caracter visible: la regla no aplica. Texto oculto visualmente, de tamano cero o desplazado fuera de pantalla.",sin CMP detectada
96,ecuador,IAEN,https://www.iaen.edu.ec/,1.4.3,afw4f7,Text has minimum contrast,12,nav.elementor-nav-menu--dropdown > ul.elementor-nav-menu > li.menu-item > a.elementor-item,no,,,,R04,2026-09-09,,"No es un caracter visible: la regla no aplica. Texto oculto visualmente, de tamano cero o desplazado fuera de pantalla.",sin CMP detectada
96,ecuador,IAEN,https://www.iaen.edu.ec/,1.4.3,afw4f7,Text has minimum contrast,13,nav.elementor-nav-menu--dropdown > ul.elementor-nav-menu > li.menu-item > a.elementor-item,no,,,,R04,2026-09-09,,"No es un caracter visible: la regla no aplica. Texto oculto visualmente, de tamano cero o desplazado fuera de pantalla.",sin CMP detectada
96,ecuador,IAEN,https://www.iaen.edu.ec/,1.4.3,afw4f7,Text has minimum contrast,14,nav.elementor-nav-menu--dropdown > ul.elementor-nav-menu > li.menu-item > a.elementor-item,no,,,,R04,2026-09-09,,"No es un caracter visible: la regla no aplica. Texto oculto visualmente, de tamano cero o desplazado fuera de pantalla.",sin CMP detectada
96,ecuador,IAEN,https://www.iaen.edu.ec/,1.4.3,afw4f7,Text has minimum contrast,15,#sm-1788969314377351-1,no,,,,R04,2026-09-09,,"No es un caracter visible: la regla no aplica. Texto oculto visualmente, de tamano cero o desplazado fuera de pantalla.",sin CMP detectada
96,ecuador,IAEN,https://www.iaen.edu.ec/,1.4.3,afw4f7,Text has minimum contrast,16,li.menu-item > ul.sub-menu > li.menu-item > a.elementor-sub-item,no,,,,R04,2026-09-09,,"No es un caracter visible: la regla no aplica. Texto oculto visualmente, de tamano cero o desplazado fuera de pantalla.",sin CMP detectada
96,ecuador,IAEN,https://www.iaen.edu.ec/,1.4.3,afw4f7,Text has minimum contrast,17,li.menu-item > ul.sub-menu > li.menu-item > a.elementor-sub-item,no,,,,R04,2026-09-09,,"No es un caracter visible: la regla no aplica. Texto oculto visualmente, de tamano cero o desplazado fuera de pantalla.",sin CMP detectada
96,ecuador,IAEN,https://www.iaen.edu.ec/,1.4.3,afw4f7,Text has minimum contrast,18,li.menu-item > ul.sub-menu > li.menu-item > a.elementor-sub-item,no,,,,R04,2026-09-09,,"No es un caracter visible: la regla no aplica. Texto oculto visualmente, de tamano cero o desplazado fuera de pantalla.",sin CMP detectada
96,ecuador,IAEN,https://www.iaen.edu.ec/,1.4.3,afw4f7,Text has minimum contrast,19,#sm-1788969314377351-3,no,,,,R04,2026-09-09,,"No es un caracter visible: la regla no aplica. Texto oculto visualmente, de tamano cero o desplazado fuera de pantalla.",sin CMP detectada
96,ecuador,IAEN,https://www.iaen.edu.ec/,1.4.3,afw4f7,Text has minimum contrast,20,li.menu-item > ul.sub-menu > li.menu-item > a.elementor-sub-item,no,,,,R04,2026-09-09,,"No es un caracter visible: la regla no aplica. Texto oculto visualmente, de tamano cero o desplazado fuera de pantalla.",sin CMP detectada
96,ecuador,IAEN,https://www.iaen.edu.ec/,1.4.3,afw4f7,Text has minimum contrast,21,li.menu-item > ul.sub-menu > li.menu-item > a.elementor-sub-item,no,,,,R04,2026-09-09,,"No es un caracter visible: la regla no aplica. Texto oculto visualmente, de tamano cero o desplazado fuera de pantalla.",sin CMP detectada
96,ecuador,IAEN,https://www.iaen.edu.ec/,1.4.3,afw4f7,Text has minimum contrast,22,li.menu-item > ul.sub-menu > li.menu-item > a.elementor-sub-item,no,,,,R04,2026-09-09,,"No es un caracter visible: la regla no aplica. Texto oculto visualmente, de tamano cero o desplazado fuera de pantalla.",sin CMP detectada
96,ecuador,IAEN,https://www.iaen.edu.ec/,1.4.3,afw4f7,Text has minimum contrast,23,li.menu-item > ul.sub-menu > li.menu-item > a.elementor-sub-item,no,,,,R04,2026-09-09,,"No es un caracter visible: la regla no aplica. Texto oculto visualmente, de tamano cero o desplazado fuera de pantalla.",sin CMP detectada
96,ecuador,IAEN,https://www.iaen.edu.ec/,1.4.3,afw4f7,Text has minimum contrast,24,li.menu-item > ul.sub-menu > li.menu-item > a.elementor-sub-item,no,,,,R04,2026-09-09,,"No es un caracter visible: la regla no aplica. Texto oculto visualmente, de tamano cero o desplazado fuera de pantalla.",sin CMP detectada
96,ecuador,IAEN,https://www.iaen.edu.ec/,1.4.3,afw4f7,Text has minimum contrast,25,li.menu-item > ul.sub-menu > li.menu-item > a.elementor-sub-item,no,,,,R04,2026-09-09,,"No es un caracter visible: la regla no aplica. Texto oculto visualmente, de tamano cero o desplazado fuera de pantalla.",sin CMP detectada
96,ecuador,IAEN,https://www.iaen.edu.ec/,1.4.3,afw4f7,Text has minimum contrast,26,#sm-1788969314377351-5,no,,,,R04,2026-09-09,,"No es un caracter visible: la regla no aplica. Texto oculto visualmente, de tamano cero o desplazado fuera de pantalla.",sin CMP detectada
96,ecuador,IAEN,https://www.iaen.edu.ec/,1.4.3,afw4f7,Text has minimum contrast,27,li.menu-item > ul.sub-menu > li.menu-item > a.elementor-sub-item,no,,,,R04,2026-09-09,,"No es un caracter visible: la regla no aplica. Texto oculto visualmente, de tamano cero o desplazado fuera de pantalla.",sin CMP detectada
96,ecuador,IAEN,https://www.iaen.edu.ec/,1.4.3,afw4f7,Text has minimum contrast,28,li.menu-item > ul.sub-menu > li.menu-item > a.elementor-sub-item,no,,,,R04,2026-09-09,,"No es un caracter visible: la regla no aplica. Texto oculto visualmente, de tamano cero o desplazado fuera de pantalla.",sin CMP detectada
96,ecuador,IAEN,https://www.iaen.edu.ec/,1.4.3,afw4f7,Text has minimum contrast,29,li.menu-item > ul.sub-menu > li.menu-item > a.elementor-sub-item,no,,,,R04,2026-09-09,,"No es un caracter visible: la regla no aplica. Texto oculto visualmente, de tamano cero o desplazado fuera de pantalla.",sin CMP detectada
96,ecuador,IAEN,https://www.iaen.edu.ec/,1.4.3,afw4f7,Text has minimum contrast,30,li.menu-item > ul.sub-menu > li.menu-item > a.elementor-sub-item,no,,,,R04,2026-09-09,,"No es un caracter visible: la regla no aplica. Texto oculto visualmente, de tamano cero o desplazado fuera de pantalla.",sin CMP detectada
96,ecuador,IAEN,https://www.iaen.edu.ec/,1.4.3,afw4f7,Text has minimum contrast,31,#sm-1788969314377351-7,no,,,,R04,2026-09-09,,"No es un caracter visible: la regla no aplica. Texto oculto visualmente, de tamano cero o desplazado fuera de pantalla.",sin CMP detectada
96,ecuador,IAEN,https://www.iaen.edu.ec/,1.4.3,afw4f7,Text has minimum contrast,32,li.menu-item > ul.sub-menu > li.menu-item > a.elementor-sub-item,no,,,,R04,2026-09-09,,"No es un caracter visible: la regla no aplica. Texto oculto visualmente, de tamano cero o desplazado fuera de pantalla.",sin CMP detectada
96,ecuador,IAEN,https://www.iaen.edu.ec/,1.4.3,afw4f7,Text has minimum contrast,33,#sm-1788969314377351-9,no,,,,R04,2026-09-09,,"No es un caracter visible: la regla no aplica. Texto oculto visualmente, de tamano cero o desplazado fuera de pantalla.",sin CMP detectada
96,ecuador,IAEN,https://www.iaen.edu.ec/,1.4.3,afw4f7,Text has minimum contrast,34,li.menu-item > ul.sub-menu > li.menu-item > a.elementor-sub-item,no,,,,R04,2026-09-09,,"No es un caracter visible: la regla no aplica. Texto oculto visualmente, de tamano cero o desplazado fuera de pantalla.",sin CMP detectada
96,ecuador,IAEN,https://www.iaen.edu.ec/,1.4.3,afw4f7,Text has minimum contrast,35,li.menu-item > ul.sub-menu > li.menu-item > a.elementor-sub-item,no,,,,R04,2026-09-09,,"No es un caracter visible: la regla no aplica. Texto oculto visualmente, de tamano cero o desplazado fuera de pantalla.",sin CMP detectada
96,ecuador,IAEN,https://www.iaen.edu.ec/,1.4.3,afw4f7,Text has minimum contrast,36,li.menu-item > ul.sub-menu > li.menu-item > a.elementor-sub-item,no,,,,R04,2026-09-09,,"No es un caracter visible: la regla no aplica. Texto oculto visualmente, de tamano cero o desplazado fuera de pantalla.",sin CMP detectada
96,ecuador,IAEN,https://www.iaen.edu.ec/,1.4.3,afw4f7,Text has minimum contrast,37,#sm-1788969314379047-1,no,,,,R04,2026-09-09,,"No es un caracter visible: la regla no aplica. Texto oculto visualmente, de tamano cero o desplazado fuera de pantalla.",sin CMP detectada
96,ecuador,IAEN,https://www.iaen.edu.ec/,1.4.3,afw4f7,Text has minimum contrast,38,li.menu-item > ul.sub-menu > li.menu-item > a.elementor-sub-item,no,,,,R04,2026-09-09,,"No es un caracter visible: la regla no aplica. Texto oculto visualmente, de tamano cero o desplazado fuera de pantalla.",sin CMP detectada
96,ecuador,IAEN,https://www.iaen.edu.ec/,1.4.3,afw4f7,Text has minimum contrast,39,li.menu-item > ul.sub-menu > li.menu-item > a.elementor-sub-item,no,,,,R04,2026-09-09,,"No es un caracter visible: la regla no aplica. Texto oculto visualmente, de tamano cero o desplazado fuera de pantalla.",sin CMP detectada
96,ecuador,IAEN,https://www.iaen.edu.ec/,1.4.3,afw4f7,Text has minimum contrast,40,li.menu-item > ul.sub-menu > li.menu-item > a.elementor-sub-item,no,,,,R04,2026-09-09,,"No es un caracter visible: la regla no aplica. Texto oculto visualmente, de tamano cero o desplazado fuera de pantalla.",sin CMP detectada
96,ecuador,IAEN,https://www.iaen.edu.ec/,1.4.3,afw4f7,Text has minimum contrast,41,#sm-1788969314379047-3,no,,,,R04,2026-09-09,,"No es un caracter visible: la regla no aplica. Texto oculto visualmente, de tamano cero o desplazado fuera de pantalla.",sin CMP detectada
96,ecuador,IAEN,https://www.iaen.edu.ec/,1.4.3,afw4f7,Text has minimum contrast,42,li.menu-item > ul.sub-menu > li.menu-item > a.elementor-sub-item,no,,,,R04,2026-09-09,,"No es un caracter visible: la regla no aplica. Texto oculto visualmente, de tamano cero o desplazado fuera de pantalla.",sin CMP detectada
96,ecuador,IAEN,https://www.iaen.edu.ec/,1.4.3,afw4f7,Text has minimum contrast,43,li.menu-item > ul.sub-menu > li.menu-item > a.elementor-sub-item,no,,,,R04,2026-09-09,,"No es un caracter visible: la regla no aplica. Texto oculto visualmente, de tamano cero o desplazado fuera de pantalla.",sin CMP detectada
96,ecuador,IAEN,https://www.iaen.edu.ec/,1.4.3,afw4f7,Text has minimum contrast,44,li.menu-item > ul.sub-menu > li.menu-item > a.elementor-sub-item,no,,,,R04,2026-09-09,,"No es un caracter visible: la regla no aplica. Texto oculto visualmente, de tamano cero o desplazado fuera de pantalla.",sin CMP detectada
96,ecuador,IAEN,https://www.iaen.edu.ec/,1.4.3,afw4f7,Text has minimum contrast,45,li.menu-item > ul.sub-menu > li.menu-item > a.elementor-sub-item,no,,,,R04,2026-09-09,,"No es un caracter visible: la regla no aplica. Texto oculto visualmente, de tamano cero o desplazado fuera de pantalla.",sin CMP detectada
96,ecuador,IAEN,https://www.iaen.edu.ec/,1.4.3,afw4f7,Text has minimum contrast,46,li.menu-item > ul.sub-menu > li.menu-item > a.elementor-sub-item,no,,,,R04,2026-09-09,,"No es un caracter visible: la regla no aplica. Texto oculto visualmente, de tamano cero o desplazado fuera de pantalla.",sin CMP detectada
96,ecuador,IAEN,https://www.iaen.edu.ec/,1.4.3,afw4f7,Text has minimum contrast,47,li.menu-item > ul.sub-menu > li.menu-item > a.elementor-sub-item,no,,,,R04,2026-09-09,,"No es un caracter visible: la regla no aplica. Texto oculto visualmente, de tamano cero o desplazado fuera de pantalla.",sin CMP detectada
96,ecuador,IAEN,https://www.iaen.edu.ec/,1.4.3,afw4f7,Text has minimum contrast,48,#sm-1788969314379047-5,no,,,,R04,2026-09-09,,"No es un caracter visible: la regla no aplica. Texto oculto visualmente, de tamano cero o desplazado fuera de pantalla.",sin CMP detectada
96,ecuador,IAEN,https://www.iaen.edu.ec/,1.4.3,afw4f7,Text has minimum contrast,49,li.menu-item > ul.sub-menu > li.menu-item > a.elementor-sub-item,no,,,,R04,2026-09-09,,"No es un caracter visible: la regla no aplica. Texto oculto visualmente, de tamano cero o desplazado fuera de pantalla.",sin CMP detectada
96,ecuador,IAEN,https://www.iaen.edu.ec/,1.4.3,afw4f7,Text has minimum contrast,50,li.menu-item > ul.sub-menu > li.menu-item > a.elementor-sub-item,no,,,,R04,2026-09-09,,"No es un caracter visible: la regla no aplica. Texto oculto visualmente, de tamano cero o desplazado fuera de pantalla.",sin CMP detectada
96,ecuador,IAEN,https://www.iaen.edu.ec/,1.4.3,afw4f7,Text has minimum contrast,51,li.menu-item > ul.sub-menu > li.menu-item > a.elementor-sub-item,no,,,,R04,2026-09-09,,"No es un caracter visible: la regla no aplica. Texto oculto visualmente, de tamano cero o desplazado fuera de pantalla.",sin CMP detectada
96,ecuador,IAEN,https://www.iaen.edu.ec/,1.4.3,afw4f7,Text has minimum contrast,52,li.menu-item > ul.sub-menu > li.menu-item > a.elementor-sub-item,no,,,,R04,2026-09-09,,"No es un caracter visible: la regla no aplica. Texto oculto visualmente, de tamano cero o desplazado fuera de pantalla.",sin CMP detectada
96,ecuador,IAEN,https://www.iaen.edu.ec/,1.4.3,afw4f7,Text has minimum contrast,53,#sm-1788969314379047-7,no,,,,R04,2026-09-09,,"No es un caracter visible: la regla no aplica. Texto oculto visualmente, de tamano cero o desplazado fuera de pantalla.",sin CMP detectada
96,ecuador,IAEN,https://www.iaen.edu.ec/,1.4.3,afw4f7,Text has minimum contrast,54,li.menu-item > ul.sub-menu > li.menu-item > a.elementor-sub-item,no,,,,R04,2026-09-09,,"No es un caracter visible: la regla no aplica. Texto oculto visualmente, de tamano cero o desplazado fuera de pantalla.",sin CMP detectada
96,ecuador,IAEN,https://www.iaen.edu.ec/,1.4.3,afw4f7,Text has minimum contrast,55,#sm-1788969314379047-9,no,,,,R04,2026-09-09,,"No es un caracter visible: la regla no aplica. Texto oculto visualmente, de tamano cero o desplazado fuera de pantalla.",sin CMP detectada
96,ecuador,IAEN,https://www.iaen.edu.ec/,1.4.3,afw4f7,Text has minimum contrast,56,li.menu-item > ul.sub-menu > li.menu-item > a.elementor-sub-item,no,,,,R04,2026-09-09,,"No es un caracter visible: la regla no aplica. Texto oculto visualmente, de tamano cero o desplazado fuera de pantalla.",sin CMP detectada
96,ecuador,IAEN,https://www.iaen.edu.ec/,1.4.3,afw4f7,Text has minimum contrast,57,li.menu-item > ul.sub-menu > li.menu-item > a.elementor-sub-item,no,,,,R04,2026-09-09,,"No es un caracter visible: la regla no aplica. Texto oculto visualmente, de tamano cero o desplazado fuera de pantalla.",sin CMP detectada
96,ecuador,IAEN,https://www.iaen.edu.ec/,1.4.3,afw4f7,Text has minimum contrast,58,li.menu-item > ul.sub-menu > li.menu-item > a.elementor-sub-item,no,,,,R04,2026-09-09,,"No es un caracter visible: la regla no aplica. Texto oculto visualmente, de tamano cero o desplazado fuera de pantalla.",sin CMP detectada
96,ecuador,IAEN,https://www.iaen.edu.ec/,1.4.3,afw4f7,Text has minimum contrast,59,div.elementor-repeater-item-09d4f9d > a.swiper-slide-inner > div.swiper-slide-contents > div.elementor-button,si,falla,3.26:1,,R04,2026-09-09,,"umbral 4.5:1 (texto normal, 15.0px); texto: ""Clic aquí""",sin CMP detectada
96,ecuador,IAEN,https://www.iaen.edu.ec/,1.4.3,afw4f7,Text has minimum contrast,60,div.elementor-repeater-item-7348986 > a.swiper-slide-inner > div.swiper-slide-contents > div.elementor-button,si,falla,3.26:1,,R04,2026-09-09,,"umbral 4.5:1 (texto normal, 15.0px); texto: ""Clic aquí""",sin CMP detectada
96,ecuador,IAEN,https://www.iaen.edu.ec/,1.4.3,afw4f7,Text has minimum contrast,61,div.elementor-repeater-item-28e30bd > a.swiper-slide-inner > div.swiper-slide-contents > div.elementor-slide-heading,si,falla,1.00:1,,R04,2026-09-09,,"umbral 3:1 (texto grande, 35.0px negrita); texto: ""Oferta Académica 2026""",sin CMP detectada
96,ecuador,IAEN,https://www.iaen.edu.ec/,1.4.3,afw4f7,Text has minimum contrast,62,div.elementor-repeater-item-28e30bd > a.swiper-slide-inner > div.swiper-slide-contents > div.elementor-slide-description,si,falla,1.00:1,,R04,2026-09-09,,"umbral 4.5:1 (texto normal, 17.0px); texto: ""Conoce en profundidad nuestros programas de formación""",sin CMP detectada
96,ecuador,IAEN,https://www.iaen.edu.ec/,1.4.3,afw4f7,Text has minimum contrast,63,div.elementor-repeater-item-28e30bd > a.swiper-slide-inner > div.swiper-slide-contents > div.elementor-button,si,falla,3.26:1,,R04,2026-09-09,,"umbral 4.5:1 (texto normal, 15.0px); texto: ""Clic aquí""",sin CMP detectada
96,ecuador,IAEN,https://www.iaen.edu.ec/,1.4.3,afw4f7,Text has minimum contrast,64,div.elementor-repeater-item-66e72d1 > a.swiper-slide-inner > div.swiper-slide-contents > div.elementor-button,si,falla,3.26:1,,R04,2026-09-09,,"umbral 4.5:1 (texto normal, 15.0px); texto: ""Clic aquí""",sin CMP detectada
96,ecuador,IAEN,https://www.iaen.edu.ec/,1.4.3,afw4f7,Text has minimum contrast,65,div.elementor-repeater-item-9f409f8 > a.swiper-slide-inner > div.swiper-slide-contents > div.elementor-button,si,falla,3.26:1,,R04,2026-09-09,,"umbral 4.5:1 (texto normal, 15.0px); texto: ""Clic aquí""",sin CMP detectada
96,ecuador,IAEN,https://www.iaen.edu.ec/,1.4.3,afw4f7,Text has minimum contrast,66,div.elementor-repeater-item-fa9fe69 > a.swiper-slide-inner > div.swiper-slide-contents > div.elementor-button,si,falla,3.26:1,,R04,2026-09-09,,"umbral 4.5:1 (texto normal, 15.0px); texto: ""Clic aquí""",sin CMP detectada
96,ecuador,IAEN,https://www.iaen.edu.ec/,1.4.3,afw4f7,Text has minimum contrast,67,div.elementor-repeater-item-734851f > a.swiper-slide-inner > div.swiper-slide-contents > div.elementor-button,si,falla,3.26:1,,R04,2026-09-09,,"umbral 4.5:1 (texto normal, 15.0px); texto: ""Clic aquí""",sin CMP detectada
96,ecuador,IAEN,https://www.iaen.edu.ec/,1.4.3,afw4f7,Text has minimum contrast,68,div.elementor-element > div.elementor-widget-container > div.elementor-counter > div.elementor-counter-title,no,,,,R04,2026-09-09,,"No es un caracter visible: la regla no aplica. Texto oculto visualmente, de tamano cero o desplazado fuera de pantalla.",sin CMP detectada
96,ecuador,IAEN,https://www.iaen.edu.ec/,1.4.3,afw4f7,Text has minimum contrast,69,div.elementor-widget-container > div.elementor-counter > div.elementor-counter-number-wrapper > span.elementor-counter-number,no,,,,R04,2026-09-09,,"No es un caracter visible: la regla no aplica. Texto oculto visualmente, de tamano cero o desplazado fuera de pantalla.",sin CMP detectada
96,ecuador,IAEN,https://www.iaen.edu.ec/,1.4.3,afw4f7,Text has minimum contrast,70,div.elementor-element > div.elementor-widget-container > div.elementor-counter > div.elementor-counter-title,no,,,,R04,2026-09-09,,"No es un caracter visible: la regla no aplica. Texto oculto visualmente, de tamano cero o desplazado fuera de pantalla.",sin CMP detectada
96,ecuador,IAEN,https://www.iaen.edu.ec/,1.4.3,afw4f7,Text has minimum contrast,71,div.elementor-widget-container > div.elementor-counter > div.elementor-counter-number-wrapper > span.elementor-counter-number,no,,,,R04,2026-09-09,,"No es un caracter visible: la regla no aplica. Texto oculto visualmente, de tamano cero o desplazado fuera de pantalla.",sin CMP detectada
96,ecuador,IAEN,https://www.iaen.edu.ec/,1.4.3,afw4f7,Text has minimum contrast,72,div.elementor-element > div.elementor-widget-container > div.elementor-counter > div.elementor-counter-title,no,,,,R04,2026-09-09,,"No es un caracter visible: la regla no aplica. Texto oculto visualmente, de tamano cero o desplazado fuera de pantalla.",sin CMP detectada
96,ecuador,IAEN,https://www.iaen.edu.ec/,1.4.3,afw4f7,Text has minimum contrast,73,div.elementor-widget-container > div.elementor-counter > div.elementor-counter-number-wrapper > span.elementor-counter-number,no,,,,R04,2026-09-09,,"No es un caracter visible: la regla no aplica. Texto oculto visualmente, de tamano cero o desplazado fuera de pantalla.",sin CMP detectada
96,ecuador,IAEN,https://www.iaen.edu.ec/,1.4.3,afw4f7,Text has minimum contrast,74,div.elementor-element > div.elementor-widget-container > div.elementor-counter > div.elementor-counter-title,no,,,,R04,2026-09-09,,"No es un caracter visible: la regla no aplica. Texto oculto visualmente, de tamano cero o desplazado fuera de pantalla.",sin CMP detectada
96,ecuador,IAEN,https://www.iaen.edu.ec/,1.4.3,afw4f7,Text has minimum contrast,75,div.elementor-widget-container > div.elementor-counter > div.elementor-counter-number-wrapper > span.elementor-counter-number,no,,,,R04,2026-09-09,,"No es un caracter visible: la regla no aplica. Texto oculto visualmente, de tamano cero o desplazado fuera de pantalla.",sin CMP detectada
96,ecuador,IAEN,https://www.iaen.edu.ec/,1.4.3,afw4f7,Text has minimum contrast,76,div.e-con-inner > div.elementor-element > div.elementor-widget-container > h2.elementor-heading-title,si,falla,2.02:1,,R04,2026-09-09,,"umbral 3:1 (texto grande, 28.4px); texto: ""Videos Institucionales""",sin CMP detectada
96,ecuador,IAEN,https://www.iaen.edu.ec/,1.4.3,afw4f7,Text has minimum contrast,77,div.e-con-inner > div.elementor-element > div.elementor-widget-container > h2.elementor-heading-title,si,falla,2.02:1,,R04,2026-09-09,,"umbral 3:1 (texto grande, 28.4px); texto: ""Noticias destacadas""",sin CMP detectada
96,ecuador,IAEN,https://www.iaen.edu.ec/,1.4.3,afw4f7,Text has minimum contrast,78,article.elementor-post > div.elementor-post__text > h3.elementor-post__title > a,si,cumple,7.07:1,,R04,2026-09-09,,"umbral 4.5:1 (texto normal, 18.0px); texto: ""LA UNIVERSIDAD DE POSGRADO DEL ESTADO IAEN Y LA DEFENSORÍA P""",sin CMP detectada
96,ecuador,IAEN,https://www.iaen.edu.ec/,1.4.3,afw4f7,Text has minimum contrast,79,article.elementor-post > div.elementor-post__text > div.elementor-post__meta-data > span.elementor-post-date,si,falla,2.24:1,,R04,2026-09-09,,"umbral 4.5:1 (texto normal, 12.0px); texto: ""27 de agosto de 2026""",sin CMP detectada
96,ecuador,IAEN,https://www.iaen.edu.ec/,1.4.3,afw4f7,Text has minimum contrast,80,article.elementor-post > div.elementor-post__text > div.elementor-post__meta-data > span.elementor-post-avatar,si,falla,2.24:1,,R04,2026-09-09,,"umbral 4.5:1 (texto normal, 12.0px); texto: ""No hay comentarios""",sin CMP detectada
96,ecuador,IAEN,https://www.iaen.edu.ec/,1.4.3,afw4f7,Text has minimum contrast,81,article.elementor-post > div.elementor-post__text > div.elementor-post__excerpt > p,si,falla,4.48:1,,R04,2026-09-09,,"umbral 4.5:1 (texto normal, 14.0px); texto: ""La Universidad de Posgrado del Estado IAEN y la Defensoría P""",sin CMP detectada
96,ecuador,IAEN,https://www.iaen.edu.ec/,1.4.3,afw4f7,Text has minimum contrast,82,div.elementor-posts-container > article.elementor-post > div.elementor-post__text > a.elementor-post__read-more,si,cumple,8.02:1,,R04,2026-09-09,,"umbral 4.5:1 (texto normal, 12.0px); texto: ""Leer más»""",sin CMP detectada
96,ecuador,IAEN,https://www.iaen.edu.ec/,1.4.3,afw4f7,Text has minimum contrast,83,article.elementor-post > div.elementor-post__text > h3.elementor-post__title > a,si,cumple,7.07:1,,R04,2026-09-09,,"umbral 4.5:1 (texto normal, 18.0px); texto: ""IAEN PRESENTÓ LA NUEVA EDICIÓN DE LA REVISTA ESTADO & COMUNE""",sin CMP detectada
96,ecuador,IAEN,https://www.iaen.edu.ec/,1.4.3,afw4f7,Text has minimum contrast,84,article.elementor-post > div.elementor-post__text > div.elementor-post__meta-data > span.elementor-post-date,si,falla,2.24:1,,R04,2026-09-09,,"umbral 4.5:1 (texto normal, 12.0px); texto: ""21 de agosto de 2026""",sin CMP detectada
96,ecuador,IAEN,https://www.iaen.edu.ec/,1.4.3,afw4f7,Text has minimum contrast,85,article.elementor-post > div.elementor-post__text > div.elementor-post__meta-data > span.elementor-post-avatar,si,falla,2.24:1,,R04,2026-09-09,,"umbral 4.5:1 (texto normal, 12.0px); texto: ""No hay comentarios""",sin CMP detectada
96,ecuador,IAEN,https://www.iaen.edu.ec/,1.4.3,afw4f7,Text has minimum contrast,86,article.elementor-post > div.elementor-post__text > div.elementor-post__excerpt > p,si,falla,4.48:1,,R04,2026-09-09,,"umbral 4.5:1 (texto normal, 14.0px); texto: ""IAEN Universidad de Posgrado del Estado realizó la presentac""",sin CMP detectada
96,ecuador,IAEN,https://www.iaen.edu.ec/,1.4.3,afw4f7,Text has minimum contrast,87,div.elementor-posts-container > article.elementor-post > div.elementor-post__text > a.elementor-post__read-more,si,cumple,8.02:1,,R04,2026-09-09,,"umbral 4.5:1 (texto normal, 12.0px); texto: ""Leer más»""",sin CMP detectada
96,ecuador,IAEN,https://www.iaen.edu.ec/,1.4.3,afw4f7,Text has minimum contrast,88,article.elementor-post > div.elementor-post__text > h3.elementor-post__title > a,si,cumple,7.07:1,,R04,2026-09-09,,"umbral 4.5:1 (texto normal, 18.0px); texto: ""IAEN UNIVERSIDAD DE POSGRADO DEL ESTADO FORTALECE LA CULTURA""",sin CMP detectada
96,ecuador,IAEN,https://www.iaen.edu.ec/,1.4.3,afw4f7,Text has minimum contrast,89,article.elementor-post > div.elementor-post__text > div.elementor-post__meta-data > span.elementor-post-date,si,falla,2.24:1,,R04,2026-09-09,,"umbral 4.5:1 (texto normal, 12.0px); texto: ""10 de agosto de 2026""",sin CMP detectada
96,ecuador,IAEN,https://www.iaen.edu.ec/,1.4.3,afw4f7,Text has minimum contrast,90,article.elementor-post > div.elementor-post__text > div.elementor-post__meta-data > span.elementor-post-avatar,si,falla,2.24:1,,R04,2026-09-09,,"umbral 4.5:1 (texto normal, 12.0px); texto: ""No hay comentarios""",sin CMP detectada
96,ecuador,IAEN,https://www.iaen.edu.ec/,1.4.3,afw4f7,Text has minimum contrast,91,article.elementor-post > div.elementor-post__text > div.elementor-post__excerpt > p,si,falla,4.48:1,,R04,2026-09-09,,"umbral 4.5:1 (texto normal, 14.0px); texto: ""El IAEN, a través de la Coordinación General de Investigació""",sin CMP detectada
96,ecuador,IAEN,https://www.iaen.edu.ec/,1.4.3,afw4f7,Text has minimum contrast,92,div.elementor-posts-container > article.elementor-post > div.elementor-post__text > a.elementor-post__read-more,si,cumple,8.02:1,,R04,2026-09-09,,"umbral 4.5:1 (texto normal, 12.0px); texto: ""Leer más»""",sin CMP detectada
96,ecuador,IAEN,https://www.iaen.edu.ec/,1.4.3,afw4f7,Text has minimum contrast,93,div.elementor-element > div.elementor-element > div.elementor-widget-container > h2.elementor-heading-title,no,,,,R04,2026-09-09,,"No es un caracter visible: la regla no aplica. Texto oculto visualmente, de tamano cero o desplazado fuera de pantalla.",sin CMP detectada
96,ecuador,IAEN,https://www.iaen.edu.ec/,1.4.3,afw4f7,Text has minimum contrast,94,div.elementor-element > div.elementor-element > div.elementor-widget-container > h3,no,,,,R04,2026-09-09,,"No es un caracter visible: la regla no aplica. Texto oculto visualmente, de tamano cero o desplazado fuera de pantalla.",sin CMP detectada
96,ecuador,IAEN,https://www.iaen.edu.ec/,1.4.3,afw4f7,Text has minimum contrast,95,div.elementor-element > div.elementor-element > div.elementor-widget-container > p,no,,,,R04,2026-09-09,,"No es un caracter visible: la regla no aplica. Texto oculto visualmente, de tamano cero o desplazado fuera de pantalla.",sin CMP detectada
96,ecuador,IAEN,https://www.iaen.edu.ec/,1.4.3,afw4f7,Text has minimum contrast,96,div.elementor-element > div.elementor-element > div.elementor-widget-container > p,no,,,,R04,2026-09-09,,"No es un caracter visible: la regla no aplica. Texto oculto visualmente, de tamano cero o desplazado fuera de pantalla.",sin CMP detectada
96,ecuador,IAEN,https://www.iaen.edu.ec/,1.4.3,afw4f7,Text has minimum contrast,97,div.elementor-element > div.elementor-widget-container > p > strong,no,,,,R04,2026-09-09,,"No es un caracter visible: la regla no aplica. Texto oculto visualmente, de tamano cero o desplazado fuera de pantalla.",sin CMP detectada
96,ecuador,IAEN,https://www.iaen.edu.ec/,1.4.3,afw4f7,Text has minimum contrast,98,div.elementor-element > div.elementor-element > div.elementor-widget-container > p,no,,,,R04,2026-09-09,,"No es un caracter visible: la regla no aplica. Texto oculto visualmente, de tamano cero o desplazado fuera de pantalla.",sin CMP detectada
96,ecuador,IAEN,https://www.iaen.edu.ec/,1.4.3,afw4f7,Text has minimum contrast,99,div.elementor-element > div.elementor-element > div.elementor-widget-container > p,no,,,,R04,2026-09-09,,"No es un caracter visible: la regla no aplica. Texto oculto visualmente, de tamano cero o desplazado fuera de pantalla.",sin CMP detectada
96,ecuador,IAEN,https://www.iaen.edu.ec/,1.4.3,afw4f7,Text has minimum contrast,100,div.elementor-element > div.elementor-widget-container > p > a,no,,,,R04,2026-09-09,,"No es un caracter visible: la regla no aplica. Texto oculto visualmente, de tamano cero o desplazado fuera de pantalla.",sin CMP detectada
96,ecuador,IAEN,https://www.iaen.edu.ec/,1.4.3,afw4f7,Text has minimum contrast,101,div.e-con-inner > div.elementor-element > div.elementor-widget-container > h2.elementor-heading-title,no,,,,R04,2026-09-09,,"No es un caracter visible: la regla no aplica. Texto oculto visualmente, de tamano cero o desplazado fuera de pantalla.",sin CMP detectada
96,ecuador,IAEN,https://www.iaen.edu.ec/,1.4.3,afw4f7,Text has minimum contrast,102,div.elementor-icon-box-wrapper > div.elementor-icon-box-content > h3.elementor-icon-box-title > span,no,,,,R04,2026-09-09,,"No es un caracter visible: la regla no aplica. Texto oculto visualmente, de tamano cero o desplazado fuera de pantalla.",sin CMP detectada
96,ecuador,IAEN,https://www.iaen.edu.ec/,1.4.3,afw4f7,Text has minimum contrast,103,div.elementor-widget-container > div.elementor-icon-box-wrapper > div.elementor-icon-box-content > p.elementor-icon-box-description,no,,,,R04,2026-09-09,,"No es un caracter visible: la regla no aplica. Texto oculto visualmente, de tamano cero o desplazado fuera de pantalla.",sin CMP detectada
96,ecuador,IAEN,https://www.iaen.edu.ec/,1.4.3,afw4f7,Text has minimum contrast,104,div.elementor-button-wrapper > a.elementor-button > span.elementor-button-content-wrapper > span.elementor-button-text,no,,,,R04,2026-09-09,,"No es un caracter visible: la regla no aplica. Texto oculto visualmente, de tamano cero o desplazado fuera de pantalla.",sin CMP detectada
96,ecuador,IAEN,https://www.iaen.edu.ec/,1.4.3,afw4f7,Text has minimum contrast,105,div.elementor-icon-box-wrapper > div.elementor-icon-box-content > h3.elementor-icon-box-title > span,no,,,,R04,2026-09-09,,"No es un caracter visible: la regla no aplica. Texto oculto visualmente, de tamano cero o desplazado fuera de pantalla.",sin CMP detectada
96,ecuador,IAEN,https://www.iaen.edu.ec/,1.4.3,afw4f7,Text has minimum contrast,106,div.elementor-widget-container > div.elementor-icon-box-wrapper > div.elementor-icon-box-content > p.elementor-icon-box-description,no,,,,R04,2026-09-09,,"No es un caracter visible: la regla no aplica. Texto oculto visualmente, de tamano cero o desplazado fuera de pantalla.",sin CMP detectada
96,ecuador,IAEN,https://www.iaen.edu.ec/,1.4.3,afw4f7,Text has minimum contrast,107,div.elementor-button-wrapper > a.elementor-button > span.elementor-button-content-wrapper > span.elementor-button-text,no,,,,R04,2026-09-09,,"No es un caracter visible: la regla no aplica. Texto oculto visualmente, de tamano cero o desplazado fuera de pantalla.",sin CMP detectada
96,ecuador,IAEN,https://www.iaen.edu.ec/,1.4.3,afw4f7,Text has minimum contrast,108,div.elementor-icon-box-wrapper > div.elementor-icon-box-content > h3.elementor-icon-box-title > span,no,,,,R04,2026-09-09,,"No es un caracter visible: la regla no aplica. Texto oculto visualmente, de tamano cero o desplazado fuera de pantalla.",sin CMP detectada
96,ecuador,IAEN,https://www.iaen.edu.ec/,1.4.3,afw4f7,Text has minimum contrast,109,div.elementor-widget-container > div.elementor-icon-box-wrapper > div.elementor-icon-box-content > p.elementor-icon-box-description,no,,,,R04,2026-09-09,,"No es un caracter visible: la regla no aplica. Texto oculto visualmente, de tamano cero o desplazado fuera de pantalla.",sin CMP detectada
96,ecuador,IAEN,https://www.iaen.edu.ec/,1.4.3,afw4f7,Text has minimum contrast,110,div.elementor-button-wrapper > a.elementor-button > span.elementor-button-content-wrapper > span.elementor-button-text,no,,,,R04,2026-09-09,,"No es un caracter visible: la regla no aplica. Texto oculto visualmente, de tamano cero o desplazado fuera de pantalla.",sin CMP detectada
96,ecuador,IAEN,https://www.iaen.edu.ec/,1.4.3,afw4f7,Text has minimum contrast,111,span.elementor-icon > svg > defs > style,no,,,,R04,2026-09-09,,"No es un caracter visible: la regla no aplica. Texto oculto visualmente, de tamano cero o desplazado fuera de pantalla.",sin CMP detectada
96,ecuador,IAEN,https://www.iaen.edu.ec/,1.4.3,afw4f7,Text has minimum contrast,112,div.elementor-icon-box-wrapper > div.elementor-icon-box-content > h3.elementor-icon-box-title > span,no,,,,R04,2026-09-09,,"No es un caracter visible: la regla no aplica. Texto oculto visualmente, de tamano cero o desplazado fuera de pantalla.",sin CMP detectada
96,ecuador,IAEN,https://www.iaen.edu.ec/,1.4.3,afw4f7,Text has minimum contrast,113,div.elementor-widget-container > div.elementor-icon-box-wrapper > div.elementor-icon-box-content > p.elementor-icon-box-description,no,,,,R04,2026-09-09,,"No es un caracter visible: la regla no aplica. Texto oculto visualmente, de tamano cero o desplazado fuera de pantalla.",sin CMP detectada
96,ecuador,IAEN,https://www.iaen.edu.ec/,1.4.3,afw4f7,Text has minimum contrast,114,div.elementor-button-wrapper > a.elementor-button > span.elementor-button-content-wrapper > span.elementor-button-text,no,,,,R04,2026-09-09,,"No es un caracter visible: la regla no aplica. Texto oculto visualmente, de tamano cero o desplazado fuera de pantalla.",sin CMP detectada
96,ecuador,IAEN,https://www.iaen.edu.ec/,1.4.3,afw4f7,Text has minimum contrast,115,div.elementor-icon-box-wrapper > div.elementor-icon-box-content > h3.elementor-icon-box-title > span,no,,,,R04,2026-09-09,,"No es un caracter visible: la regla no aplica. Texto oculto visualmente, de tamano cero o desplazado fuera de pantalla.",sin CMP detectada
96,ecuador,IAEN,https://www.iaen.edu.ec/,1.4.3,afw4f7,Text has minimum contrast,116,div.elementor-widget-container > div.elementor-icon-box-wrapper > div.elementor-icon-box-content > p.elementor-icon-box-description,no,,,,R04,2026-09-09,,"No es un caracter visible: la regla no aplica. Texto oculto visualmente, de tamano cero o desplazado fuera de pantalla.",sin CMP detectada
96,ecuador,IAEN,https://www.iaen.edu.ec/,1.4.3,afw4f7,Text has minimum contrast,117,div.elementor-button-wrapper > a.elementor-button > span.elementor-button-content-wrapper > span.elementor-button-text,no,,,,R04,2026-09-09,,"No es un caracter visible: la regla no aplica. Texto oculto visualmente, de tamano cero o desplazado fuera de pantalla.",sin CMP detectada
96,ecuador,IAEN,https://www.iaen.edu.ec/,1.4.3,afw4f7,Text has minimum contrast,118,div.elementor-icon-box-icon > span.elementor-icon > svg > style,no,,,,R04,2026-09-09,,"No es un caracter visible: la regla no aplica. Texto oculto visualmente, de tamano cero o desplazado fuera de pantalla.",sin CMP detectada
96,ecuador,IAEN,https://www.iaen.edu.ec/,1.4.3,afw4f7,Text has minimum contrast,119,div.elementor-icon-box-wrapper > div.elementor-icon-box-content > h3.elementor-icon-box-title > span,no,,,,R04,2026-09-09,,"No es un caracter visible: la regla no aplica. Texto oculto visualmente, de tamano cero o desplazado fuera de pantalla.",sin CMP detectada
96,ecuador,IAEN,https://www.iaen.edu.ec/,1.4.3,afw4f7,Text has minimum contrast,120,div.elementor-widget-container > div.elementor-icon-box-wrapper > div.elementor-icon-box-content > p.elementor-icon-box-description,no,,,,R04,2026-09-09,,"No es un caracter visible: la regla no aplica. Texto oculto visualmente, de tamano cero o desplazado fuera de pantalla.",sin CMP detectada
96,ecuador,IAEN,https://www.iaen.edu.ec/,1.4.3,afw4f7,Text has minimum contrast,121,div.elementor-button-wrapper > a.elementor-button > span.elementor-button-content-wrapper > span.elementor-button-text,no,,,,R04,2026-09-09,,"No es un caracter visible: la regla no aplica. Texto oculto visualmente, de tamano cero o desplazado fuera de pantalla.",sin CMP detectada
96,ecuador,IAEN,https://www.iaen.edu.ec/,1.4.3,afw4f7,Text has minimum contrast,122,div.e-con-inner > div.elementor-element > div.elementor-widget-container > h2.elementor-heading-title,si,falla,2.02:1,,R04,2026-09-09,,"umbral 3:1 (texto grande, 28.4px); texto: ""Redes""",sin CMP detectada
96,ecuador,IAEN,https://www.iaen.edu.ec/,1.4.3,afw4f7,Text has minimum contrast,123,div.e-con-inner > div.elementor-element > div.elementor-widget-container > h2.elementor-heading-title,no,,,,R04,2026-09-09,,"No es un caracter visible: la regla no aplica. Texto oculto visualmente, de tamano cero o desplazado fuera de pantalla.",sin CMP detectada
96,ecuador,IAEN,https://www.iaen.edu.ec/,1.4.3,afw4f7,Text has minimum contrast,124,div.e-con-inner > div.elementor-element > div.elementor-widget-container > p,no,,,,R04,2026-09-09,,"No es un caracter visible: la regla no aplica. Texto oculto visualmente, de tamano cero o desplazado fuera de pantalla.",sin CMP detectada
96,ecuador,IAEN,https://www.iaen.edu.ec/,1.4.3,afw4f7,Text has minimum contrast,125,div.elementor-social-icons-wrapper > span.elementor-grid-item > a.elementor-icon > span.elementor-screen-only,no,,,,R04,2026-09-09,,"No es un caracter visible: la regla no aplica. Texto oculto visualmente, de tamano cero o desplazado fuera de pantalla.",sin CMP detectada
96,ecuador,IAEN,https://www.iaen.edu.ec/,1.4.3,afw4f7,Text has minimum contrast,126,div.elementor-social-icons-wrapper > span.elementor-grid-item > a.elementor-icon > span.elementor-screen-only,no,,,,R04,2026-09-09,,"No es un caracter visible: la regla no aplica. Texto oculto visualmente, de tamano cero o desplazado fuera de pantalla.",sin CMP detectada
96,ecuador,IAEN,https://www.iaen.edu.ec/,1.4.3,afw4f7,Text has minimum contrast,127,div.elementor-social-icons-wrapper > span.elementor-grid-item > a.elementor-icon > span.elementor-screen-only,no,,,,R04,2026-09-09,,"No es un caracter visible: la regla no aplica. Texto oculto visualmente, de tamano cero o desplazado fuera de pantalla.",sin CMP detectada
96,ecuador,IAEN,https://www.iaen.edu.ec/,1.4.3,afw4f7,Text has minimum contrast,128,div.elementor-social-icons-wrapper > span.elementor-grid-item > a.elementor-icon > span.elementor-screen-only,no,,,,R04,2026-09-09,,"No es un caracter visible: la regla no aplica. Texto oculto visualmente, de tamano cero o desplazado fuera de pantalla.",sin CMP detectada
96,ecuador,IAEN,https://www.iaen.edu.ec/,1.4.3,afw4f7,Text has minimum contrast,129,div.elementor-social-icons-wrapper > span.elementor-grid-item > a.elementor-icon > span.elementor-screen-only,no,,,,R04,2026-09-09,,"No es un caracter visible: la regla no aplica. Texto oculto visualmente, de tamano cero o desplazado fuera de pantalla.",sin CMP detectada
96,ecuador,IAEN,https://www.iaen.edu.ec/,1.4.3,afw4f7,Text has minimum contrast,130,div.e-con-inner > div.elementor-element > div.elementor-widget-container > p,no,,,,R04,2026-09-09,,"No es un caracter visible: la regla no aplica. Texto oculto visualmente, de tamano cero o desplazado fuera de pantalla.",sin CMP detectada
96,ecuador,IAEN,https://www.iaen.edu.ec/,1.4.3,afw4f7,Text has minimum contrast,131,div.acwp-toolbar > div > div.acwp-heading > p.acwp-title,no,,,,R04,2026-09-09,,"No es un caracter visible: la regla no aplica. Texto oculto visualmente, de tamano cero o desplazado fuera de pantalla.",sin CMP detectada
96,ecuador,IAEN,https://www.iaen.edu.ec/,1.4.3,afw4f7,Text has minimum contrast,132,div > div.acwp-heading > button > i.material-icons,no,,,,R04,2026-09-09,,"No es un caracter visible: la regla no aplica. Texto oculto visualmente, de tamano cero o desplazado fuera de pantalla.",sin CMP detectada
96,ecuador,IAEN,https://www.iaen.edu.ec/,1.4.3,afw4f7,Text has minimum contrast,133,div > div.acwp-heading > button > span.sr-only,no,,,,R04,2026-09-09,,"No es un caracter visible: la regla no aplica. Texto oculto visualmente, de tamano cero o desplazado fuera de pantalla.",sin CMP detectada
96,ecuador,IAEN,https://www.iaen.edu.ec/,1.4.3,afw4f7,Text has minimum contrast,134,div.acwp-togglers > div.acwp-toggler > label > i.material-icons,no,,,,R04,2026-09-09,,"No es un caracter visible: la regla no aplica. Texto oculto visualmente, de tamano cero o desplazado fuera de pantalla.",sin CMP detectada
96,ecuador,IAEN,https://www.iaen.edu.ec/,1.4.3,afw4f7,Text has minimum contrast,135,div.acwp-togglers > div.acwp-toggler > label > span,no,,,,R04,2026-09-09,,"No es un caracter visible: la regla no aplica. Texto oculto visualmente, de tamano cero o desplazado fuera de pantalla.",sin CMP detectada
96,ecuador,IAEN,https://www.iaen.edu.ec/,1.4.3,afw4f7,Text has minimum contrast,136,div.acwp-togglers > div.acwp-toggler > label > i.material-icons,no,,,,R04,2026-09-09,,"No es un caracter visible: la regla no aplica. Texto oculto visualmente, de tamano cero o desplazado fuera de pantalla.",sin CMP detectada
96,ecuador,IAEN,https://www.iaen.edu.ec/,1.4.3,afw4f7,Text has minimum contrast,137,div.acwp-togglers > div.acwp-toggler > label > span,no,,,,R04,2026-09-09,,"No es un caracter visible: la regla no aplica. Texto oculto visualmente, de tamano cero o desplazado fuera de pantalla.",sin CMP detectada
96,ecuador,IAEN,https://www.iaen.edu.ec/,1.4.3,afw4f7,Text has minimum contrast,138,div.acwp-togglers > div.acwp-toggler > label > i.material-icons,no,,,,R04,2026-09-09,,"No es un caracter visible: la regla no aplica. Texto oculto visualmente, de tamano cero o desplazado fuera de pantalla.",sin CMP detectada
96,ecuador,IAEN,https://www.iaen.edu.ec/,1.4.3,afw4f7,Text has minimum contrast,139,div.acwp-togglers > div.acwp-toggler > label > span,no,,,,R04,2026-09-09,,"No es un caracter visible: la regla no aplica. Texto oculto visualmente, de tamano cero o desplazado fuera de pantalla.",sin CMP detectada
96,ecuador,IAEN,https://www.iaen.edu.ec/,1.4.3,afw4f7,Text has minimum contrast,140,div.acwp-togglers > div.acwp-toggler > label > i.material-icons,no,,,,R04,2026-09-09,,"No es un caracter visible: la regla no aplica. Texto oculto visualmente, de tamano cero o desplazado fuera de pantalla.",sin CMP detectada
96,ecuador,IAEN,https://www.iaen.edu.ec/,1.4.3,afw4f7,Text has minimum contrast,141,div.acwp-togglers > div.acwp-toggler > label > span,no,,,,R04,2026-09-09,,"No es un caracter visible: la regla no aplica. Texto oculto visualmente, de tamano cero o desplazado fuera de pantalla.",sin CMP detectada
96,ecuador,IAEN,https://www.iaen.edu.ec/,1.4.3,afw4f7,Text has minimum contrast,142,div.acwp-togglers > div.acwp-toggler > label > i.material-icons,no,,,,R04,2026-09-09,,"No es un caracter visible: la regla no aplica. Texto oculto visualmente, de tamano cero o desplazado fuera de pantalla.",sin CMP detectada
96,ecuador,IAEN,https://www.iaen.edu.ec/,1.4.3,afw4f7,Text has minimum contrast,143,div.acwp-togglers > div.acwp-toggler > label > span,no,,,,R04,2026-09-09,,"No es un caracter visible: la regla no aplica. Texto oculto visualmente, de tamano cero o desplazado fuera de pantalla.",sin CMP detectada
96,ecuador,IAEN,https://www.iaen.edu.ec/,1.4.3,afw4f7,Text has minimum contrast,144,div.acwp-togglers > div.acwp-toggler > label > i.material-icons,no,,,,R04,2026-09-09,,"No es un caracter visible: la regla no aplica. Texto oculto visualmente, de tamano cero o desplazado fuera de pantalla.",sin CMP detectada
96,ecuador,IAEN,https://www.iaen.edu.ec/,1.4.3,afw4f7,Text has minimum contrast,145,div.acwp-togglers > div.acwp-toggler > label > span,no,,,,R04,2026-09-09,,"No es un caracter visible: la regla no aplica. Texto oculto visualmente, de tamano cero o desplazado fuera de pantalla.",sin CMP detectada
96,ecuador,IAEN,https://www.iaen.edu.ec/,1.4.3,afw4f7,Text has minimum contrast,146,div.acwp-togglers > div.acwp-toggler > label > i.material-icons,no,,,,R04,2026-09-09,,"No es un caracter visible: la regla no aplica. Texto oculto visualmente, de tamano cero o desplazado fuera de pantalla.",sin CMP detectada
96,ecuador,IAEN,https://www.iaen.edu.ec/,1.4.3,afw4f7,Text has minimum contrast,147,div.acwp-togglers > div.acwp-toggler > label > span,no,,,,R04,2026-09-09,,"No es un caracter visible: la regla no aplica. Texto oculto visualmente, de tamano cero o desplazado fuera de pantalla.",sin CMP detectada
96,ecuador,IAEN,https://www.iaen.edu.ec/,1.4.3,afw4f7,Text has minimum contrast,148,div.acwp-togglers > div.acwp-toggler > label > i.material-icons,no,,,,R04,2026-09-09,,"No es un caracter visible: la regla no aplica. Texto oculto visualmente, de tamano cero o desplazado fuera de pantalla.",sin CMP detectada
96,ecuador,IAEN,https://www.iaen.edu.ec/,1.4.3,afw4f7,Text has minimum contrast,149,div.acwp-togglers > div.acwp-toggler > label > span,no,,,,R04,2026-09-09,,"No es un caracter visible: la regla no aplica. Texto oculto visualmente, de tamano cero o desplazado fuera de pantalla.",sin CMP detectada
96,ecuador,IAEN,https://www.iaen.edu.ec/,1.4.3,afw4f7,Text has minimum contrast,150,div > div.acwp-footer > ul > li,no,,,,R04,2026-09-09,,"No es un caracter visible: la regla no aplica. Texto oculto visualmente, de tamano cero o desplazado fuera de pantalla.",sin CMP detectada
96,ecuador,IAEN,https://www.iaen.edu.ec/,1.4.3,afw4f7,Text has minimum contrast,151,div.acwp-footer > ul > li > i.material-icons,no,,,,R04,2026-09-09,,"No es un caracter visible: la regla no aplica. Texto oculto visualmente, de tamano cero o desplazado fuera de pantalla.",sin CMP detectada
96,ecuador,IAEN,https://www.iaen.edu.ec/,1.4.3,afw4f7,Text has minimum contrast,152,div.acwp-footer > ul > li > span.sr-only,no,,,,R04,2026-09-09,,"No es un caracter visible: la regla no aplica. Texto oculto visualmente, de tamano cero o desplazado fuera de pantalla.",sin CMP detectada
96,ecuador,IAEN,https://www.iaen.edu.ec/,1.4.3,afw4f7,Text has minimum contrast,153,div.acwp-footer > ul > li > a,no,,,,R04,2026-09-09,,"No es un caracter visible: la regla no aplica. Texto oculto visualmente, de tamano cero o desplazado fuera de pantalla.",sin CMP detectada
96,ecuador,IAEN,https://www.iaen.edu.ec/,1.4.3,afw4f7,Text has minimum contrast,154,div.gt_float_switcher > div.gt-selected > div.gt-current-lang > span.gt-lang-code,si,cumple,12.63:1,,R04,2026-09-09,,"umbral 3:1 (texto grande, 20.0px negrita); texto: ""es""",sin CMP detectada
96,ecuador,IAEN,https://www.iaen.edu.ec/,1.4.3,afw4f7,Text has minimum contrast,155,div > div.gt_float_switcher > div.gt_options > a.nturl,no,,,,R04,2026-09-09,,"No es un caracter visible: la regla no aplica. Texto oculto visualmente, de tamano cero o desplazado fuera de pantalla.",sin CMP detectada
96,ecuador,IAEN,https://www.iaen.edu.ec/,1.4.3,afw4f7,Text has minimum contrast,156,div > div.gt_float_switcher > div.gt_options > a.nturl,no,,,,R04,2026-09-09,,"No es un caracter visible: la regla no aplica. Texto oculto visualmente, de tamano cero o desplazado fuera de pantalla.",sin CMP detectada
96,ecuador,IAEN,https://www.iaen.edu.ec/,1.4.3,afw4f7,Text has minimum contrast,157,div.moove-gdpr-info-bar-container > div.moove-gdpr-info-bar-content > div.moove-gdpr-cookie-notice > p,no,,,,R04,2026-09-09,,"No es un caracter visible: la regla no aplica. Texto oculto visualmente, de tamano cero o desplazado fuera de pantalla.",sin CMP detectada
96,ecuador,IAEN,https://www.iaen.edu.ec/,1.4.3,afw4f7,Text has minimum contrast,158,div.moove-gdpr-info-bar-content > div.moove-gdpr-cookie-notice > p > a,no,,,,R04,2026-09-09,,"No es un caracter visible: la regla no aplica. Texto oculto visualmente, de tamano cero o desplazado fuera de pantalla.",sin CMP detectada
96,ecuador,IAEN,https://www.iaen.edu.ec/,1.4.3,afw4f7,Text has minimum contrast,159,div.moove-gdpr-info-bar-content > div.moove-gdpr-cookie-notice > p > button.change-settings-button,no,,,,R04,2026-09-09,,"No es un caracter visible: la regla no aplica. Texto oculto visualmente, de tamano cero o desplazado fuera de pantalla.",sin CMP detectada
96,ecuador,IAEN,https://www.iaen.edu.ec/,1.4.3,afw4f7,Text has minimum contrast,160,div.moove-gdpr-info-bar-container > div.moove-gdpr-info-bar-content > div.moove-gdpr-cookie-notice > p,no,,,,R04,2026-09-09,,"No es un caracter visible: la regla no aplica. Texto oculto visualmente, de tamano cero o desplazado fuera de pantalla.",sin CMP detectada
96,ecuador,IAEN,https://www.iaen.edu.ec/,1.4.3,afw4f7,Text has minimum contrast,161,div.moove-gdpr-info-bar-container > div.moove-gdpr-info-bar-content > div.moove-gdpr-button-holder > button.mgbutton,no,,,,R04,2026-09-09,,"No es un caracter visible: la regla no aplica. Texto oculto visualmente, de tamano cero o desplazado fuera de pantalla.",sin CMP detectada
96,ecuador,IAEN,https://www.iaen.edu.ec/,1.4.3,afw4f7,Text has minimum contrast,162,div.wa__widget_container > div.wa__btn_popup > div.wa__btn_popup_txt > span,si,cumple,8.69:1,,R04,2026-09-09,,"umbral 4.5:1 (texto normal, 12.0px); texto: ""Chatea con nosotros""",sin CMP detectada
96,ecuador,IAEN,https://www.iaen.edu.ec/,1.4.3,afw4f7,Text has minimum contrast,163,div.wa__widget_container > div.wa__popup_chat_box > div.wa__popup_heading > div.wa__popup_title,no,,,,R04,2026-09-09,,"No es un caracter visible: la regla no aplica. Texto oculto visualmente, de tamano cero o desplazado fuera de pantalla.",sin CMP detectada
96,ecuador,IAEN,https://www.iaen.edu.ec/,1.4.3,afw4f7,Text has minimum contrast,164,div.wa__widget_container > div.wa__popup_chat_box > div.wa__popup_heading > div.wa__popup_intro,no,,,,R04,2026-09-09,,"No es un caracter visible: la regla no aplica. Texto oculto visualmente, de tamano cero o desplazado fuera de pantalla.",sin CMP detectada
96,ecuador,IAEN,https://www.iaen.edu.ec/,1.4.3,afw4f7,Text has minimum contrast,165,div.wa__popup_chat_box > div.wa__popup_heading > div.wa__popup_intro > strong,no,,,,R04,2026-09-09,,"No es un caracter visible: la regla no aplica. Texto oculto visualmente, de tamano cero o desplazado fuera de pantalla.",sin CMP detectada
96,ecuador,IAEN,https://www.iaen.edu.ec/,1.4.3,afw4f7,Text has minimum contrast,166,div.wa__widget_container > div.wa__popup_chat_box > div.wa__popup_content > div.wa__popup_notice,no,,,,R04,2026-09-09,,"No es un caracter visible: la regla no aplica. Texto oculto visualmente, de tamano cero o desplazado fuera de pantalla.",sin CMP detectada
96,ecuador,IAEN,https://www.iaen.edu.ec/,1.4.3,afw4f7,Text has minimum contrast,167,div.wa__popup_content_item > a.wa__stt > div.wa__popup_txt > div.wa__member_name,no,,,,R04,2026-09-09,,"No es un caracter visible: la regla no aplica. Texto oculto visualmente, de tamano cero o desplazado fuera de pantalla.",sin CMP detectada
96,ecuador,IAEN,https://www.iaen.edu.ec/,1.4.3,afw4f7,Text has minimum contrast,168,div.wa__popup_content_item > a.wa__stt > div.wa__popup_txt > div.wa__member_duty,no,,,,R04,2026-09-09,,"No es un caracter visible: la regla no aplica. Texto oculto visualmente, de tamano cero o desplazado fuera de pantalla.",sin CMP detectada
96,ecuador,IAEN,https://www.iaen.edu.ec/,1.4.3,afw4f7,Text has minimum contrast,169,dialog.gdpr_lightbox-hide > div.moove-gdpr-modal-content > button.moove-gdpr-modal-close > span.gdpr-sr-only,no,,,,R04,2026-09-09,,"No es un caracter visible: la regla no aplica. Texto oculto visualmente, de tamano cero o desplazado fuera de pantalla.",sin CMP detectada
96,ecuador,IAEN,https://www.iaen.edu.ec/,1.4.3,afw4f7,Text has minimum contrast,170,ul > li.menu-item-on > button.moove-gdpr-tab-nav > span.gdpr-nav-tab-title,no,,,,R04,2026-09-09,,"No es un caracter visible: la regla no aplica. Texto oculto visualmente, de tamano cero o desplazado fuera de pantalla.",sin CMP detectada
96,ecuador,IAEN,https://www.iaen.edu.ec/,1.4.3,afw4f7,Text has minimum contrast,171,ul > li.menu-item-strict-necessary-cookies > button.moove-gdpr-tab-nav > span.gdpr-nav-tab-title,no,,,,R04,2026-09-09,,"No es un caracter visible: la regla no aplica. Texto oculto visualmente, de tamano cero o desplazado fuera de pantalla.",sin CMP detectada
96,ecuador,IAEN,https://www.iaen.edu.ec/,1.4.3,afw4f7,Text has minimum contrast,172,div.moove-gdpr-modal-content > div.moove-gdpr-modal-left-content > div.moove-gdpr-branding-cnt > a.moove-gdpr-branding,no,,,,R04,2026-09-09,,"No es un caracter visible: la regla no aplica. Texto oculto visualmente, de tamano cero o desplazado fuera de pantalla.",sin CMP detectada
96,ecuador,IAEN,https://www.iaen.edu.ec/,1.4.3,afw4f7,Text has minimum contrast,173,div.moove-gdpr-modal-left-content > div.moove-gdpr-branding-cnt > a.moove-gdpr-branding > span,no,,,,R04,2026-09-09,,"No es un caracter visible: la regla no aplica. Texto oculto visualmente, de tamano cero o desplazado fuera de pantalla.",sin CMP detectada
96,ecuador,IAEN,https://www.iaen.edu.ec/,1.4.3,afw4f7,Text has minimum contrast,174,div.main-modal-content > div.moove-gdpr-tab-content > div.moove-gdpr-tab-main > span.tab-title,no,,,,R04,2026-09-09,,"No es un caracter visible: la regla no aplica. Texto oculto visualmente, de tamano cero o desplazado fuera de pantalla.",sin CMP detectada
96,ecuador,IAEN,https://www.iaen.edu.ec/,1.4.3,afw4f7,Text has minimum contrast,175,div.moove-gdpr-tab-content > div.moove-gdpr-tab-main > div.moove-gdpr-tab-main-content > p,no,,,,R04,2026-09-09,,"No es un caracter visible: la regla no aplica. Texto oculto visualmente, de tamano cero o desplazado fuera de pantalla.",sin CMP detectada
96,ecuador,IAEN,https://www.iaen.edu.ec/,1.4.3,afw4f7,Text has minimum contrast,176,div.moove-gdpr-tab-main > div.moove-gdpr-tab-main-content > p > a,no,,,,R04,2026-09-09,,"No es un caracter visible: la regla no aplica. Texto oculto visualmente, de tamano cero o desplazado fuera de pantalla.",sin CMP detectada
96,ecuador,IAEN,https://www.iaen.edu.ec/,1.4.3,afw4f7,Text has minimum contrast,177,div.main-modal-content > div.moove-gdpr-tab-content > div.moove-gdpr-tab-main > span.tab-title,no,,,,R04,2026-09-09,,"No es un caracter visible: la regla no aplica. Texto oculto visualmente, de tamano cero o desplazado fuera de pantalla.",sin CMP detectada
96,ecuador,IAEN,https://www.iaen.edu.ec/,1.4.3,afw4f7,Text has minimum contrast,178,div.moove-gdpr-tab-content > div.moove-gdpr-tab-main > div.moove-gdpr-tab-main-content > p,no,,,,R04,2026-09-09,,"No es un caracter visible: la regla no aplica. Texto oculto visualmente, de tamano cero o desplazado fuera de pantalla.",sin CMP detectada
96,ecuador,IAEN,https://www.iaen.edu.ec/,1.4.3,afw4f7,Text has minimum contrast,179,div.gdpr-cc-form-wrap > div.gdpr-cc-form-fieldset > label.cookie-switch > span.gdpr-sr-only,no,,,,R04,2026-09-09,,"No es un caracter visible: la regla no aplica. Texto oculto visualmente, de tamano cero o desplazado fuera de pantalla.",sin CMP detectada
96,ecuador,IAEN,https://www.iaen.edu.ec/,1.4.3,afw4f7,Text has minimum contrast,180,label.cookie-switch > span.cookie-slider > span.gdpr-sr-label > span.gdpr-sr-enable,no,,,,R04,2026-09-09,,"No es un caracter visible: la regla no aplica. Texto oculto visualmente, de tamano cero o desplazado fuera de pantalla.",sin CMP detectada
96,ecuador,IAEN,https://www.iaen.edu.ec/,1.4.3,afw4f7,Text has minimum contrast,181,label.cookie-switch > span.cookie-slider > span.gdpr-sr-label > span.gdpr-sr-disable,no,,,,R04,2026-09-09,,"No es un caracter visible: la regla no aplica. Texto oculto visualmente, de tamano cero o desplazado fuera de pantalla.",sin CMP detectada
96,ecuador,IAEN,https://www.iaen.edu.ec/,1.4.3,afw4f7,Text has minimum contrast,182,div.moove-gdpr-modal-right-content > div.moove-gdpr-modal-footer-content > div.moove-gdpr-button-holder > button.mgbutton,no,,,,R04,2026-09-09,,"No es un caracter visible: la regla no aplica. Texto oculto visualmente, de tamano cero o desplazado fuera de pantalla.",sin CMP detectada
96,ecuador,IAEN,https://www.iaen.edu.ec/,1.4.3,afw4f7,Text has minimum contrast,183,div.moove-gdpr-modal-right-content > div.moove-gdpr-modal-footer-content > div.moove-gdpr-button-holder > button.mgbutton,no,,,,R04,2026-09-09,,"No es un caracter visible: la regla no aplica. Texto oculto visualmente, de tamano cero o desplazado fuera de pantalla.",sin CMP detectada
96,ecuador,IAEN,https://www.iaen.edu.ec/,1.1.1,23a2a8,Image has non-empty accessible name,1,div.elementor-element > div.elementor-element > div.elementor-widget-container > img.attachment-medium,si,cumple,,,R04,2026-09-09,,Marcada como decorativa: alt vacio o rol none/presentation. La expectativa lo admite.,sin CMP detectada
96,ecuador,IAEN,https://www.iaen.edu.ec/,1.1.1,e88epe,Image not in the accessibility tree is decorative,2,div.elementor-social-icons-wrapper > span.elementor-grid-item > a.elementor-icon > svg,no,,,,R04,2026-09-09,,Fuera del arbol de accesibilidad: se trata como decorativa.,sin CMP detectada
96,ecuador,IAEN,https://www.iaen.edu.ec/,1.1.1,e88epe,Image not in the accessibility tree is decorative,3,div.elementor-social-icons-wrapper > span.elementor-grid-item > a.elementor-icon > svg,no,,,,R04,2026-09-09,,Fuera del arbol de accesibilidad: se trata como decorativa.,sin CMP detectada
96,ecuador,IAEN,https://www.iaen.edu.ec/,1.1.1,e88epe,Image not in the accessibility tree is decorative,4,div.elementor-social-icons-wrapper > span.elementor-grid-item > a.elementor-icon > svg,no,,,,R04,2026-09-09,,Fuera del arbol de accesibilidad: se trata como decorativa.,sin CMP detectada
96,ecuador,IAEN,https://www.iaen.edu.ec/,1.1.1,e88epe,Image not in the accessibility tree is decorative,5,div.elementor-social-icons-wrapper > span.elementor-grid-item > a.elementor-icon > svg,no,,,,R04,2026-09-09,,Fuera del arbol de accesibilidad: se trata como decorativa.,sin CMP detectada
96,ecuador,IAEN,https://www.iaen.edu.ec/,1.1.1,e88epe,Image not in the accessibility tree is decorative,6,div.elementor-social-icons-wrapper > span.elementor-grid-item > a.elementor-icon > svg,no,,,,R04,2026-09-09,,Fuera del arbol de accesibilidad: se trata como decorativa.,sin CMP detectada
96,ecuador,IAEN,https://www.iaen.edu.ec/,1.1.1,e88epe,Image not in the accessibility tree is decorative,7,div.elementor-social-icons-wrapper > span.elementor-grid-item > a.elementor-icon > svg,no,,,,R04,2026-09-09,,Fuera del arbol de accesibilidad: se trata como decorativa.,sin CMP detectada
96,ecuador,IAEN,https://www.iaen.edu.ec/,1.1.1,e88epe,Image not in the accessibility tree is decorative,8,li.menu-item > a.elementor-item > span.sub-arrow > svg,no,,,,R04,2026-09-09,,Fuera del arbol de accesibilidad: se trata como decorativa.,sin CMP detectada
96,ecuador,IAEN,https://www.iaen.edu.ec/,1.1.1,e88epe,Image not in the accessibility tree is decorative,9,li.menu-item > a.elementor-item > span.sub-arrow > svg,no,,,,R04,2026-09-09,,Fuera del arbol de accesibilidad: se trata como decorativa.,sin CMP detectada
96,ecuador,IAEN,https://www.iaen.edu.ec/,1.1.1,e88epe,Image not in the accessibility tree is decorative,10,li.menu-item > a.elementor-item > span.sub-arrow > svg,no,,,,R04,2026-09-09,,Fuera del arbol de accesibilidad: se trata como decorativa.,sin CMP detectada
96,ecuador,IAEN,https://www.iaen.edu.ec/,1.1.1,e88epe,Image not in the accessibility tree is decorative,11,li.menu-item > a.elementor-item > span.sub-arrow > svg,no,,,,R04,2026-09-09,,Fuera del arbol de accesibilidad: se trata como decorativa.,sin CMP detectada
96,ecuador,IAEN,https://www.iaen.edu.ec/,1.1.1,e88epe,Image not in the accessibility tree is decorative,12,li.menu-item > a.elementor-item > span.sub-arrow > svg,no,,,,R04,2026-09-09,,Fuera del arbol de accesibilidad: se trata como decorativa.,sin CMP detectada
96,ecuador,IAEN,https://www.iaen.edu.ec/,1.1.1,e88epe,Image not in the accessibility tree is decorative,13,div.elementor-element > div.elementor-widget-container > div.elementor-menu-toggle > svg,no,,,,R04,2026-09-09,,Fuera del arbol de accesibilidad: se trata como decorativa.,sin CMP detectada
96,ecuador,IAEN,https://www.iaen.edu.ec/,1.1.1,e88epe,Image not in the accessibility tree is decorative,14,div.elementor-element > div.elementor-widget-container > div.elementor-menu-toggle > svg,no,,,,R04,2026-09-09,,Fuera del arbol de accesibilidad: se trata como decorativa.,sin CMP detectada
96,ecuador,IAEN,https://www.iaen.edu.ec/,1.1.1,e88epe,Image not in the accessibility tree is decorative,15,li.menu-item > a.elementor-item > span.sub-arrow > svg,no,,,,R04,2026-09-09,,Fuera del arbol de accesibilidad: se trata como decorativa.,sin CMP detectada
96,ecuador,IAEN,https://www.iaen.edu.ec/,1.1.1,e88epe,Image not in the accessibility tree is decorative,16,li.menu-item > a.elementor-item > span.sub-arrow > svg,no,,,,R04,2026-09-09,,Fuera del arbol de accesibilidad: se trata como decorativa.,sin CMP detectada
96,ecuador,IAEN,https://www.iaen.edu.ec/,1.1.1,e88epe,Image not in the accessibility tree is decorative,17,li.menu-item > a.elementor-item > span.sub-arrow > svg,no,,,,R04,2026-09-09,,Fuera del arbol de accesibilidad: se trata como decorativa.,sin CMP detectada
96,ecuador,IAEN,https://www.iaen.edu.ec/,1.1.1,e88epe,Image not in the accessibility tree is decorative,18,li.menu-item > a.elementor-item > span.sub-arrow > svg,no,,,,R04,2026-09-09,,Fuera del arbol de accesibilidad: se trata como decorativa.,sin CMP detectada
96,ecuador,IAEN,https://www.iaen.edu.ec/,1.1.1,e88epe,Image not in the accessibility tree is decorative,19,li.menu-item > a.elementor-item > span.sub-arrow > svg,no,,,,R04,2026-09-09,,Fuera del arbol de accesibilidad: se trata como decorativa.,sin CMP detectada
96,ecuador,IAEN,https://www.iaen.edu.ec/,1.1.1,23a2a8,Image has non-empty accessible name,20,div.elementor-slides-wrapper > div.swiper-wrapper > div.elementor-repeater-item-09d4f9d > div.swiper-slide-bg,si,cumple,,,R04,2026-09-09,,"nombre accesible: ""banners web 2026 (1)""",sin CMP detectada
96,ecuador,IAEN,https://www.iaen.edu.ec/,1.1.1,qt1vmo,Image accessible name is descriptive,20,div.elementor-slides-wrapper > div.swiper-wrapper > div.elementor-repeater-item-09d4f9d > div.swiper-slide-bg,si,REVISAR,,,R04,2026-09-09,,"JUICIO HUMANO. ¿El nombre sirve un proposito equivalente al contenido no textual? nombre: ""banners web 2026 (1)"" | src: ",sin CMP detectada
96,ecuador,IAEN,https://www.iaen.edu.ec/,1.1.1,23a2a8,Image has non-empty accessible name,21,div.elementor-slides-wrapper > div.swiper-wrapper > div.elementor-repeater-item-7348986 > div.swiper-slide-bg,si,cumple,,,R04,2026-09-09,,"nombre accesible: ""1""",sin CMP detectada
96,ecuador,IAEN,https://www.iaen.edu.ec/,1.1.1,qt1vmo,Image accessible name is descriptive,21,div.elementor-slides-wrapper > div.swiper-wrapper > div.elementor-repeater-item-7348986 > div.swiper-slide-bg,si,REVISAR,,,R04,2026-09-09,,"JUICIO HUMANO. ¿El nombre sirve un proposito equivalente al contenido no textual? nombre: ""1"" | src: ",sin CMP detectada
96,ecuador,IAEN,https://www.iaen.edu.ec/,1.1.1,23a2a8,Image has non-empty accessible name,22,div.elementor-slides-wrapper > div.swiper-wrapper > div.elementor-repeater-item-28e30bd > div.swiper-slide-bg,si,cumple,,,R04,2026-09-09,,"nombre accesible: ""Firefly_Gemini Flash_el pesanador un poco mas pequeño 140699""",sin CMP detectada
96,ecuador,IAEN,https://www.iaen.edu.ec/,1.1.1,qt1vmo,Image accessible name is descriptive,22,div.elementor-slides-wrapper > div.swiper-wrapper > div.elementor-repeater-item-28e30bd > div.swiper-slide-bg,si,REVISAR,,,R04,2026-09-09,,"JUICIO HUMANO. ¿El nombre sirve un proposito equivalente al contenido no textual? nombre: ""Firefly_Gemini Flash_el pesanador un poco mas pequeño 140699"" | src: ",sin CMP detectada
96,ecuador,IAEN,https://www.iaen.edu.ec/,1.1.1,23a2a8,Image has non-empty accessible name,23,div.elementor-slides-wrapper > div.swiper-wrapper > div.elementor-repeater-item-66e72d1 > div.swiper-slide-bg,si,cumple,,,R04,2026-09-09,,"nombre accesible: ""banners web 2026""",sin CMP detectada
96,ecuador,IAEN,https://www.iaen.edu.ec/,1.1.1,qt1vmo,Image accessible name is descriptive,23,div.elementor-slides-wrapper > div.swiper-wrapper > div.elementor-repeater-item-66e72d1 > div.swiper-slide-bg,si,REVISAR,,,R04,2026-09-09,,"JUICIO HUMANO. ¿El nombre sirve un proposito equivalente al contenido no textual? nombre: ""banners web 2026"" | src: ",sin CMP detectada
96,ecuador,IAEN,https://www.iaen.edu.ec/,1.1.1,23a2a8,Image has non-empty accessible name,24,div.elementor-slides-wrapper > div.swiper-wrapper > div.elementor-repeater-item-9f409f8 > div.swiper-slide-bg,si,cumple,,,R04,2026-09-09,,"nombre accesible: ""ChatGPT Image 24 jun 2026, 10_44_26 a.m.""",sin CMP detectada
96,ecuador,IAEN,https://www.iaen.edu.ec/,1.1.1,qt1vmo,Image accessible name is descriptive,24,div.elementor-slides-wrapper > div.swiper-wrapper > div.elementor-repeater-item-9f409f8 > div.swiper-slide-bg,si,REVISAR,,,R04,2026-09-09,,"JUICIO HUMANO. ¿El nombre sirve un proposito equivalente al contenido no textual? nombre: ""ChatGPT Image 24 jun 2026, 10_44_26 a.m."" | src: ",sin CMP detectada
96,ecuador,IAEN,https://www.iaen.edu.ec/,1.1.1,23a2a8,Image has non-empty accessible name,25,div.elementor-slides-wrapper > div.swiper-wrapper > div.elementor-repeater-item-fa9fe69 > div.swiper-slide-bg,si,cumple,,,R04,2026-09-09,,"nombre accesible: ""bienestar""",sin CMP detectada
96,ecuador,IAEN,https://www.iaen.edu.ec/,1.1.1,qt1vmo,Image accessible name is descriptive,25,div.elementor-slides-wrapper > div.swiper-wrapper > div.elementor-repeater-item-fa9fe69 > div.swiper-slide-bg,si,REVISAR,,,R04,2026-09-09,,"JUICIO HUMANO. ¿El nombre sirve un proposito equivalente al contenido no textual? nombre: ""bienestar"" | src: ",sin CMP detectada
96,ecuador,IAEN,https://www.iaen.edu.ec/,1.1.1,23a2a8,Image has non-empty accessible name,26,div.elementor-slides-wrapper > div.swiper-wrapper > div.elementor-repeater-item-734851f > div.swiper-slide-bg,si,cumple,,,R04,2026-09-09,,"nombre accesible: ""ChatGPT Image 9 jun 2026, 10_45_00""",sin CMP detectada
96,ecuador,IAEN,https://www.iaen.edu.ec/,1.1.1,qt1vmo,Image accessible name is descriptive,26,div.elementor-slides-wrapper > div.swiper-wrapper > div.elementor-repeater-item-734851f > div.swiper-slide-bg,si,REVISAR,,,R04,2026-09-09,,"JUICIO HUMANO. ¿El nombre sirve un proposito equivalente al contenido no textual? nombre: ""ChatGPT Image 9 jun 2026, 10_45_00"" | src: ",sin CMP detectada
96,ecuador,IAEN,https://www.iaen.edu.ec/,1.1.1,e88epe,Image not in the accessibility tree is decorative,27,div.elementor-swiper > div.elementor-slides-wrapper > div.elementor-swiper-button > svg,no,,,,R04,2026-09-09,,Fuera del arbol de accesibilidad: se trata como decorativa.,sin CMP detectada
96,ecuador,IAEN,https://www.iaen.edu.ec/,1.1.1,e88epe,Image not in the accessibility tree is decorative,28,div.elementor-swiper > div.elementor-slides-wrapper > div.elementor-swiper-button > svg,no,,,,R04,2026-09-09,,Fuera del arbol de accesibilidad: se trata como decorativa.,sin CMP detectada
96,ecuador,IAEN,https://www.iaen.edu.ec/,1.1.1,23a2a8,Image has non-empty accessible name,29,article.elementor-post > a.elementor-post__thumbnail__link > div.elementor-post__thumbnail > img.attachment-medium,si,cumple,,,R04,2026-09-09,,Marcada como decorativa: alt vacio o rol none/presentation. La expectativa lo admite.,sin CMP detectada
96,ecuador,IAEN,https://www.iaen.edu.ec/,1.1.1,23a2a8,Image has non-empty accessible name,30,article.elementor-post > a.elementor-post__thumbnail__link > div.elementor-post__thumbnail > img.attachment-medium,si,cumple,,,R04,2026-09-09,,Marcada como decorativa: alt vacio o rol none/presentation. La expectativa lo admite.,sin CMP detectada
96,ecuador,IAEN,https://www.iaen.edu.ec/,1.1.1,23a2a8,Image has non-empty accessible name,31,article.elementor-post > a.elementor-post__thumbnail__link > div.elementor-post__thumbnail > img.attachment-medium,si,cumple,,,R04,2026-09-09,,Marcada como decorativa: alt vacio o rol none/presentation. La expectativa lo admite.,sin CMP detectada
96,ecuador,IAEN,https://www.iaen.edu.ec/,1.1.1,e88epe,Image not in the accessibility tree is decorative,32,div.elementor-element > div.elementor-element > div.elementor-widget-container > img.attachment-full,no,,,,R04,2026-09-09,,Fuera del arbol de accesibilidad: se trata como decorativa.,sin CMP detectada
96,ecuador,IAEN,https://www.iaen.edu.ec/,1.1.1,e88epe,Image not in the accessibility tree is decorative,33,div.elementor-element > div.elementor-widget-container > h3 > img.emoji,no,,,,R04,2026-09-09,,Fuera del arbol de accesibilidad: se trata como decorativa.,sin CMP detectada
96,ecuador,IAEN,https://www.iaen.edu.ec/,1.1.1,e88epe,Image not in the accessibility tree is decorative,34,div.elementor-element > div.elementor-widget-container > p > img.emoji,no,,,,R04,2026-09-09,,Fuera del arbol de accesibilidad: se trata como decorativa.,sin CMP detectada
96,ecuador,IAEN,https://www.iaen.edu.ec/,1.1.1,e88epe,Image not in the accessibility tree is decorative,35,div.elementor-element > div.elementor-widget-container > p > img.emoji,no,,,,R04,2026-09-09,,Fuera del arbol de accesibilidad: se trata como decorativa.,sin CMP detectada
96,ecuador,IAEN,https://www.iaen.edu.ec/,1.1.1,e88epe,Image not in the accessibility tree is decorative,36,div.elementor-element > div.elementor-widget-container > p > img.emoji,no,,,,R04,2026-09-09,,Fuera del arbol de accesibilidad: se trata como decorativa.,sin CMP detectada
96,ecuador,IAEN,https://www.iaen.edu.ec/,1.1.1,e88epe,Image not in the accessibility tree is decorative,37,div.elementor-element > div.elementor-widget-container > p > img.emoji,no,,,,R04,2026-09-09,,Fuera del arbol de accesibilidad: se trata como decorativa.,sin CMP detectada
96,ecuador,IAEN,https://www.iaen.edu.ec/,1.1.1,e88epe,Image not in the accessibility tree is decorative,38,div.elementor-widget-container > p > strong > img.emoji,no,,,,R04,2026-09-09,,Fuera del arbol de accesibilidad: se trata como decorativa.,sin CMP detectada
96,ecuador,IAEN,https://www.iaen.edu.ec/,1.1.1,e88epe,Image not in the accessibility tree is decorative,39,div.elementor-element > div.elementor-widget-container > p > img.emoji,no,,,,R04,2026-09-09,,Fuera del arbol de accesibilidad: se trata como decorativa.,sin CMP detectada
96,ecuador,IAEN,https://www.iaen.edu.ec/,1.1.1,e88epe,Image not in the accessibility tree is decorative,40,div.elementor-element > div.elementor-widget-container > p > img.emoji,no,,,,R04,2026-09-09,,Fuera del arbol de accesibilidad: se trata como decorativa.,sin CMP detectada
96,ecuador,IAEN,https://www.iaen.edu.ec/,1.1.1,e88epe,Image not in the accessibility tree is decorative,41,div.elementor-element > div.elementor-widget-container > p > img.emoji,no,,,,R04,2026-09-09,,Fuera del arbol de accesibilidad: se trata como decorativa.,sin CMP detectada
96,ecuador,IAEN,https://www.iaen.edu.ec/,1.1.1,e88epe,Image not in the accessibility tree is decorative,42,div.elementor-element > div.elementor-widget-container > p > img.emoji,no,,,,R04,2026-09-09,,Fuera del arbol de accesibilidad: se trata como decorativa.,sin CMP detectada
96,ecuador,IAEN,https://www.iaen.edu.ec/,1.1.1,e88epe,Image not in the accessibility tree is decorative,43,div.elementor-icon-box-wrapper > div.elementor-icon-box-icon > span.elementor-icon > svg,no,,,,R04,2026-09-09,,Fuera del arbol de accesibilidad: se trata como decorativa.,sin CMP detectada
96,ecuador,IAEN,https://www.iaen.edu.ec/,1.1.1,e88epe,Image not in the accessibility tree is decorative,44,div.elementor-icon-box-wrapper > div.elementor-icon-box-icon > span.elementor-icon > svg,no,,,,R04,2026-09-09,,Fuera del arbol de accesibilidad: se trata como decorativa.,sin CMP detectada
96,ecuador,IAEN,https://www.iaen.edu.ec/,1.1.1,e88epe,Image not in the accessibility tree is decorative,45,div.elementor-icon-box-wrapper > div.elementor-icon-box-icon > span.elementor-icon > svg,no,,,,R04,2026-09-09,,Fuera del arbol de accesibilidad: se trata como decorativa.,sin CMP detectada
96,ecuador,IAEN,https://www.iaen.edu.ec/,1.1.1,e88epe,Image not in the accessibility tree is decorative,46,#Capa_1,no,,,,R04,2026-09-09,,Fuera del arbol de accesibilidad: se trata como decorativa.,sin CMP detectada
96,ecuador,IAEN,https://www.iaen.edu.ec/,1.1.1,e88epe,Image not in the accessibility tree is decorative,47,div.elementor-icon-box-wrapper > div.elementor-icon-box-icon > span.elementor-icon > svg,no,,,,R04,2026-09-09,,Fuera del arbol de accesibilidad: se trata como decorativa.,sin CMP detectada
96,ecuador,IAEN,https://www.iaen.edu.ec/,1.1.1,e88epe,Image not in the accessibility tree is decorative,48,#Capa_1,no,,,,R04,2026-09-09,,Fuera del arbol de accesibilidad: se trata como decorativa.,sin CMP detectada
96,ecuador,IAEN,https://www.iaen.edu.ec/,1.1.1,23a2a8,Image has non-empty accessible name,49,div.elementor-element > div.elementor-element > div.elementor-widget-container > img.attachment-large,si,cumple,,,R04,2026-09-09,,Marcada como decorativa: alt vacio o rol none/presentation. La expectativa lo admite.,sin CMP detectada
96,ecuador,IAEN,https://www.iaen.edu.ec/,1.1.1,23a2a8,Image has non-empty accessible name,50,div.elementor-element > div.elementor-element > div.elementor-widget-container > img.attachment-thumbnail,si,cumple,,,R04,2026-09-09,,Marcada como decorativa: alt vacio o rol none/presentation. La expectativa lo admite.,sin CMP detectada
96,ecuador,IAEN,https://www.iaen.edu.ec/,1.1.1,23a2a8,Image has non-empty accessible name,51,div.elementor-element > div.elementor-element > div.elementor-widget-container > img.attachment-large,si,cumple,,,R04,2026-09-09,,Marcada como decorativa: alt vacio o rol none/presentation. La expectativa lo admite.,sin CMP detectada
96,ecuador,IAEN,https://www.iaen.edu.ec/,1.1.1,e88epe,Image not in the accessibility tree is decorative,52,div.elementor-element > div.elementor-widget-container > a > img.attachment-full,no,,,,R04,2026-09-09,,Fuera del arbol de accesibilidad: se trata como decorativa.,sin CMP detectada
96,ecuador,IAEN,https://www.iaen.edu.ec/,1.1.1,e88epe,Image not in the accessibility tree is decorative,53,div.elementor-social-icons-wrapper > span.elementor-grid-item > a.elementor-icon > svg,no,,,,R04,2026-09-09,,Fuera del arbol de accesibilidad: se trata como decorativa.,sin CMP detectada
96,ecuador,IAEN,https://www.iaen.edu.ec/,1.1.1,e88epe,Image not in the accessibility tree is decorative,54,div.elementor-social-icons-wrapper > span.elementor-grid-item > a.elementor-icon > svg,no,,,,R04,2026-09-09,,Fuera del arbol de accesibilidad: se trata como decorativa.,sin CMP detectada
96,ecuador,IAEN,https://www.iaen.edu.ec/,1.1.1,e88epe,Image not in the accessibility tree is decorative,55,div.elementor-social-icons-wrapper > span.elementor-grid-item > a.elementor-icon > svg,no,,,,R04,2026-09-09,,Fuera del arbol de accesibilidad: se trata como decorativa.,sin CMP detectada
96,ecuador,IAEN,https://www.iaen.edu.ec/,1.1.1,e88epe,Image not in the accessibility tree is decorative,56,div.elementor-social-icons-wrapper > span.elementor-grid-item > a.elementor-icon > svg,no,,,,R04,2026-09-09,,Fuera del arbol de accesibilidad: se trata como decorativa.,sin CMP detectada
96,ecuador,IAEN,https://www.iaen.edu.ec/,1.1.1,e88epe,Image not in the accessibility tree is decorative,57,div.elementor-social-icons-wrapper > span.elementor-grid-item > a.elementor-icon > svg,no,,,,R04,2026-09-09,,Fuera del arbol de accesibilidad: se trata como decorativa.,sin CMP detectada
96,ecuador,IAEN,https://www.iaen.edu.ec/,1.1.1,23a2a8,Image has non-empty accessible name,58,body.home > div.show > button > svg,si,falla,,,R04,2026-09-09,,Sin nombre accesible y sin rol none/presentation.,sin CMP detectada
96,ecuador,IAEN,https://www.iaen.edu.ec/,1.1.1,23a2a8,Image has non-empty accessible name,59,div.gt_float_switcher > div.gt-selected > div.gt-current-lang > img,si,cumple,,,R04,2026-09-09,,"nombre accesible: ""es""",sin CMP detectada
96,ecuador,IAEN,https://www.iaen.edu.ec/,1.1.1,qt1vmo,Image accessible name is descriptive,59,div.gt_float_switcher > div.gt-selected > div.gt-current-lang > img,si,REVISAR,,,R04,2026-09-09,,"JUICIO HUMANO. ¿El nombre sirve un proposito equivalente al contenido no textual? nombre: ""es"" | src: ps://www.iaen.edu.ec/wp-content/plugins/gtranslate/flags/svg/es-co.svg",sin CMP detectada
96,ecuador,IAEN,https://www.iaen.edu.ec/,1.1.1,e88epe,Image not in the accessibility tree is decorative,60,div.gt_float_switcher > div.gt_options > a.nturl > img,no,,,,R04,2026-09-09,,Fuera del arbol de accesibilidad: se trata como decorativa.,sin CMP detectada
96,ecuador,IAEN,https://www.iaen.edu.ec/,1.1.1,e88epe,Image not in the accessibility tree is decorative,61,div.gt_float_switcher > div.gt_options > a.nturl > img,no,,,,R04,2026-09-09,,Fuera del arbol de accesibilidad: se trata como decorativa.,sin CMP detectada
96,ecuador,IAEN,https://www.iaen.edu.ec/,1.1.1,e88epe,Image not in the accessibility tree is decorative,62,#Layer_1,no,,,,R04,2026-09-09,,Fuera del arbol de accesibilidad: se trata como decorativa.,sin CMP detectada
96,ecuador,IAEN,https://www.iaen.edu.ec/,1.1.1,e88epe,Image not in the accessibility tree is decorative,63,html > body.home > svg,no,,,,R04,2026-09-09,,Fuera del arbol de accesibilidad: se trata como decorativa.,sin CMP detectada
96,ecuador,IAEN,https://www.iaen.edu.ec/,1.1.1,e88epe,Image not in the accessibility tree is decorative,64,div.moove-gdpr-modal-content > div.moove-gdpr-modal-left-content > div.moove-gdpr-company-logo-holder > img.img-responsive,no,,,,R04,2026-09-09,,Fuera del arbol de accesibilidad: se trata como decorativa.,sin CMP detectada
96,ecuador,IAEN,https://www.iaen.edu.ec/,2.4.4,c487ae,Link has non-empty accessible name,1,html > body.home > a.hfe-skip-link,si,cumple,,,R04,2026-09-09,,"nombre: ""Ir al contenido principal""",sin CMP detectada
96,ecuador,IAEN,https://www.iaen.edu.ec/,2.4.4,5effbb,Link in context is descriptive,1,html > body.home > a.hfe-skip-link,si,REVISAR,,SIN CONTEXTO PROGRAMATICO,R04,2026-09-09,,"JUICIO HUMANO. ¿Nombre + contexto describen el proposito? nombre: ""Ir al contenido principal"" | href: #content | AVISO: no hay parrafo, elemento de lista ni celda que lo contenga. Un div o article envolvente NO es contexto programatico.",sin CMP detectada
96,ecuador,IAEN,https://www.iaen.edu.ec/,2.4.4,c487ae,Link has non-empty accessible name,2,div.elementor-widget-container > div.elementor-social-icons-wrapper > span.elementor-grid-item > a.elementor-icon,si,cumple,,,R04,2026-09-09,,"nombre: ""Facebook""",sin CMP detectada
96,ecuador,IAEN,https://www.iaen.edu.ec/,2.4.4,5effbb,Link in context is descriptive,2,div.elementor-widget-container > div.elementor-social-icons-wrapper > span.elementor-grid-item > a.elementor-icon,si,REVISAR,,SIN CONTEXTO PROGRAMATICO,R04,2026-09-09,,"JUICIO HUMANO. ¿Nombre + contexto describen el proposito? nombre: ""Facebook"" | href: https://www.facebook.com/IAENUniversidad | AVISO: no hay parrafo, elemento de lista ni celda que lo contenga. Un div o article envolvente NO es contexto programatico.",sin CMP detectada
96,ecuador,IAEN,https://www.iaen.edu.ec/,2.4.4,c487ae,Link has non-empty accessible name,3,div.elementor-widget-container > div.elementor-social-icons-wrapper > span.elementor-grid-item > a.elementor-icon,si,cumple,,,R04,2026-09-09,,"nombre: ""Youtube""",sin CMP detectada
96,ecuador,IAEN,https://www.iaen.edu.ec/,2.4.4,5effbb,Link in context is descriptive,3,div.elementor-widget-container > div.elementor-social-icons-wrapper > span.elementor-grid-item > a.elementor-icon,si,REVISAR,,SIN CONTEXTO PROGRAMATICO,R04,2026-09-09,,"JUICIO HUMANO. ¿Nombre + contexto describen el proposito? nombre: ""Youtube"" | href: https://www.youtube.com/channel/UCKTEbUe5uui3uPa2T86g2Og | AVISO: no hay parrafo, elemento de lista ni celda que lo contenga. Un div o article envolvente NO es contexto programatico.",sin CMP detectada
96,ecuador,IAEN,https://www.iaen.edu.ec/,2.4.4,c487ae,Link has non-empty accessible name,4,div.elementor-widget-container > div.elementor-social-icons-wrapper > span.elementor-grid-item > a.elementor-icon,si,cumple,,,R04,2026-09-09,,"nombre: ""Tiktok""",sin CMP detectada
96,ecuador,IAEN,https://www.iaen.edu.ec/,2.4.4,5effbb,Link in context is descriptive,4,div.elementor-widget-container > div.elementor-social-icons-wrapper > span.elementor-grid-item > a.elementor-icon,si,REVISAR,,SIN CONTEXTO PROGRAMATICO,R04,2026-09-09,,"JUICIO HUMANO. ¿Nombre + contexto describen el proposito? nombre: ""Tiktok"" | href: https://www.tiktok.com/@iaenuniversidad?_t=zm-8te1jfqcfjm&_r | AVISO: no hay parrafo, elemento de lista ni celda que lo contenga. Un div o article envolvente NO es contexto programatico.",sin CMP detectada
96,ecuador,IAEN,https://www.iaen.edu.ec/,2.4.4,c487ae,Link has non-empty accessible name,5,div.elementor-widget-container > div.elementor-social-icons-wrapper > span.elementor-grid-item > a.elementor-icon,si,cumple,,,R04,2026-09-09,,"nombre: ""X-twitter""",sin CMP detectada
96,ecuador,IAEN,https://www.iaen.edu.ec/,2.4.4,5effbb,Link in context is descriptive,5,div.elementor-widget-container > div.elementor-social-icons-wrapper > span.elementor-grid-item > a.elementor-icon,si,REVISAR,,SIN CONTEXTO PROGRAMATICO,R04,2026-09-09,,"JUICIO HUMANO. ¿Nombre + contexto describen el proposito? nombre: ""X-twitter"" | href: https://x.com/IAENUniversidad | AVISO: no hay parrafo, elemento de lista ni celda que lo contenga. Un div o article envolvente NO es contexto programatico.",sin CMP detectada
96,ecuador,IAEN,https://www.iaen.edu.ec/,2.4.4,c487ae,Link has non-empty accessible name,6,div.elementor-widget-container > div.elementor-social-icons-wrapper > span.elementor-grid-item > a.elementor-icon,si,cumple,,,R04,2026-09-09,,"nombre: ""Instagram""",sin CMP detectada
96,ecuador,IAEN,https://www.iaen.edu.ec/,2.4.4,5effbb,Link in context is descriptive,6,div.elementor-widget-container > div.elementor-social-icons-wrapper > span.elementor-grid-item > a.elementor-icon,si,REVISAR,,SIN CONTEXTO PROGRAMATICO,R04,2026-09-09,,"JUICIO HUMANO. ¿Nombre + contexto describen el proposito? nombre: ""Instagram"" | href: https://www.instagram.com/iaenuniversidad/ | AVISO: no hay parrafo, elemento de lista ni celda que lo contenga. Un div o article envolvente NO es contexto programatico.",sin CMP detectada
96,ecuador,IAEN,https://www.iaen.edu.ec/,2.4.4,c487ae,Link has non-empty accessible name,7,div.elementor-widget-container > div.elementor-social-icons-wrapper > span.elementor-grid-item > a.elementor-icon,si,cumple,,,R04,2026-09-09,,"nombre: ""Linkedin""",sin CMP detectada
96,ecuador,IAEN,https://www.iaen.edu.ec/,2.4.4,5effbb,Link in context is descriptive,7,div.elementor-widget-container > div.elementor-social-icons-wrapper > span.elementor-grid-item > a.elementor-icon,si,REVISAR,,SIN CONTEXTO PROGRAMATICO,R04,2026-09-09,,"JUICIO HUMANO. ¿Nombre + contexto describen el proposito? nombre: ""Linkedin"" | href: https://ec.linkedin.com/company/iaenuniversidad | AVISO: no hay parrafo, elemento de lista ni celda que lo contenga. Un div o article envolvente NO es contexto programatico.",sin CMP detectada
96,ecuador,IAEN,https://www.iaen.edu.ec/,2.4.4,c487ae,Link has non-empty accessible name,8,div.elementor-slides-wrapper > div.swiper-wrapper > div.elementor-repeater-item-09d4f9d > a.swiper-slide-inner,si,cumple,,,R04,2026-09-09,,"nombre: ""Clic aquí""",sin CMP detectada
96,ecuador,IAEN,https://www.iaen.edu.ec/,2.4.4,5effbb,Link in context is descriptive,8,div.elementor-slides-wrapper > div.swiper-wrapper > div.elementor-repeater-item-09d4f9d > a.swiper-slide-inner,si,REVISAR,,SIN CONTEXTO PROGRAMATICO,R04,2026-09-09,,"JUICIO HUMANO. ¿Nombre + contexto describen el proposito? nombre: ""Clic aquí"" | href: https://www.iaen.edu.ec/oferta/ | AVISO: no hay parrafo, elemento de lista ni celda que lo contenga. Un div o article envolvente NO es contexto programatico.",sin CMP detectada
96,ecuador,IAEN,https://www.iaen.edu.ec/,2.4.4,c487ae,Link has non-empty accessible name,9,div.elementor-slides-wrapper > div.swiper-wrapper > div.elementor-repeater-item-7348986 > a.swiper-slide-inner,si,cumple,,,R04,2026-09-09,,"nombre: ""Clic aquí""",sin CMP detectada
96,ecuador,IAEN,https://www.iaen.edu.ec/,2.4.4,5effbb,Link in context is descriptive,9,div.elementor-slides-wrapper > div.swiper-wrapper > div.elementor-repeater-item-7348986 > a.swiper-slide-inner,si,REVISAR,,SIN CONTEXTO PROGRAMATICO,R04,2026-09-09,,"JUICIO HUMANO. ¿Nombre + contexto describen el proposito? nombre: ""Clic aquí"" | href: https://www.iaen.edu.ec/salud-publica/ | AVISO: no hay parrafo, elemento de lista ni celda que lo contenga. Un div o article envolvente NO es contexto programatico.",sin CMP detectada
96,ecuador,IAEN,https://www.iaen.edu.ec/,2.4.4,c487ae,Link has non-empty accessible name,10,div.elementor-slides-wrapper > div.swiper-wrapper > div.elementor-repeater-item-28e30bd > a.swiper-slide-inner,si,cumple,,,R04,2026-09-09,,"nombre: ""Oferta Académica 2026Conoce en profundidad nuestros programas de formaciónClic a""",sin CMP detectada
96,ecuador,IAEN,https://www.iaen.edu.ec/,2.4.4,5effbb,Link in context is descriptive,10,div.elementor-slides-wrapper > div.swiper-wrapper > div.elementor-repeater-item-28e30bd > a.swiper-slide-inner,si,REVISAR,,SIN CONTEXTO PROGRAMATICO,R04,2026-09-09,,"JUICIO HUMANO. ¿Nombre + contexto describen el proposito? nombre: ""Oferta Académica 2026Conoce en profundidad nuestros programas de formaciónClic a"" | href: https://www.iaen.edu.ec/oferta/ | AVISO: no hay parrafo, elemento de lista ni celda que lo contenga. Un div o article envolvente NO es contexto programatico.",sin CMP detectada
96,ecuador,IAEN,https://www.iaen.edu.ec/,2.4.4,c487ae,Link has non-empty accessible name,11,div.elementor-slides-wrapper > div.swiper-wrapper > div.elementor-repeater-item-66e72d1 > a.swiper-slide-inner,si,cumple,,,R04,2026-09-09,,"nombre: ""Clic aquí""",sin CMP detectada
96,ecuador,IAEN,https://www.iaen.edu.ec/,2.4.4,5effbb,Link in context is descriptive,11,div.elementor-slides-wrapper > div.swiper-wrapper > div.elementor-repeater-item-66e72d1 > a.swiper-slide-inner,si,REVISAR,,SIN CONTEXTO PROGRAMATICO,R04,2026-09-09,,"JUICIO HUMANO. ¿Nombre + contexto describen el proposito? nombre: ""Clic aquí"" | href: https://revistas.iaen.edu.ec/index.php/estado_comunes | AVISO: no hay parrafo, elemento de lista ni celda que lo contenga. Un div o article envolvente NO es contexto programatico.",sin CMP detectada
96,ecuador,IAEN,https://www.iaen.edu.ec/,2.4.4,c487ae,Link has non-empty accessible name,12,div.elementor-slides-wrapper > div.swiper-wrapper > div.elementor-repeater-item-9f409f8 > a.swiper-slide-inner,si,cumple,,,R04,2026-09-09,,"nombre: ""Clic aquí""",sin CMP detectada
96,ecuador,IAEN,https://www.iaen.edu.ec/,2.4.4,5effbb,Link in context is descriptive,12,div.elementor-slides-wrapper > div.swiper-wrapper > div.elementor-repeater-item-9f409f8 > a.swiper-slide-inner,si,REVISAR,,SIN CONTEXTO PROGRAMATICO,R04,2026-09-09,,"JUICIO HUMANO. ¿Nombre + contexto describen el proposito? nombre: ""Clic aquí"" | href: https://www.iaen.edu.ec/investigacion/ | AVISO: no hay parrafo, elemento de lista ni celda que lo contenga. Un div o article envolvente NO es contexto programatico.",sin CMP detectada
96,ecuador,IAEN,https://www.iaen.edu.ec/,2.4.4,c487ae,Link has non-empty accessible name,13,div.elementor-slides-wrapper > div.swiper-wrapper > div.elementor-repeater-item-fa9fe69 > a.swiper-slide-inner,si,cumple,,,R04,2026-09-09,,"nombre: ""Clic aquí""",sin CMP detectada
96,ecuador,IAEN,https://www.iaen.edu.ec/,2.4.4,5effbb,Link in context is descriptive,13,div.elementor-slides-wrapper > div.swiper-wrapper > div.elementor-repeater-item-fa9fe69 > a.swiper-slide-inner,si,REVISAR,,SIN CONTEXTO PROGRAMATICO,R04,2026-09-09,,"JUICIO HUMANO. ¿Nombre + contexto describen el proposito? nombre: ""Clic aquí"" | href: https://www.iaen.edu.ec/servicios-de-bienestar-universitario | AVISO: no hay parrafo, elemento de lista ni celda que lo contenga. Un div o article envolvente NO es contexto programatico.",sin CMP detectada
96,ecuador,IAEN,https://www.iaen.edu.ec/,2.4.4,c487ae,Link has non-empty accessible name,14,div.elementor-slides-wrapper > div.swiper-wrapper > div.elementor-repeater-item-734851f > a.swiper-slide-inner,si,cumple,,,R04,2026-09-09,,"nombre: ""Clic aquí""",sin CMP detectada
96,ecuador,IAEN,https://www.iaen.edu.ec/,2.4.4,5effbb,Link in context is descriptive,14,div.elementor-slides-wrapper > div.swiper-wrapper > div.elementor-repeater-item-734851f > a.swiper-slide-inner,si,REVISAR,,SIN CONTEXTO PROGRAMATICO,R04,2026-09-09,,"JUICIO HUMANO. ¿Nombre + contexto describen el proposito? nombre: ""Clic aquí"" | href: https://www.iaen.edu.ec/iaen-en-medios/ | AVISO: no hay parrafo, elemento de lista ni celda que lo contenga. Un div o article envolvente NO es contexto programatico.",sin CMP detectada
96,ecuador,IAEN,https://www.iaen.edu.ec/,2.4.4,c487ae,Link has non-empty accessible name,15,div.elementor-widget-container > div.elementor-posts-container > article.elementor-post > a.elementor-post__thumbnail__link,si,falla,,,R04,2026-09-09,,href: https://www.iaen.edu.ec/2026/08/27/lineamientos-copy-copy-copy-2/,sin CMP detectada
96,ecuador,IAEN,https://www.iaen.edu.ec/,2.4.4,c487ae,Link has non-empty accessible name,16,article.elementor-post > div.elementor-post__text > h3.elementor-post__title > a,si,cumple,,,R04,2026-09-09,,"nombre: ""LA UNIVERSIDAD DE POSGRADO DEL ESTADO IAEN Y LA DEFENSORÍA PÚBLICA COORDINAN ACC""",sin CMP detectada
96,ecuador,IAEN,https://www.iaen.edu.ec/,2.4.4,5effbb,Link in context is descriptive,16,article.elementor-post > div.elementor-post__text > h3.elementor-post__title > a,si,REVISAR,,SIN CONTEXTO PROGRAMATICO,R04,2026-09-09,,"JUICIO HUMANO. ¿Nombre + contexto describen el proposito? nombre: ""LA UNIVERSIDAD DE POSGRADO DEL ESTADO IAEN Y LA DEFENSORÍA PÚBLICA COORDINAN ACC"" | href: https://www.iaen.edu.ec/2026/08/27/lineamientos-copy-copy-co | AVISO: no hay parrafo, elemento de lista ni celda que lo contenga. Un div o article envolvente NO es contexto programatico.",sin CMP detectada
96,ecuador,IAEN,https://www.iaen.edu.ec/,2.4.4,c487ae,Link has non-empty accessible name,17,div.elementor-posts-container > article.elementor-post > div.elementor-post__text > a.elementor-post__read-more,si,cumple,,,R04,2026-09-09,,"nombre: ""Read more about LA UNIVERSIDAD DE POSGRADO DEL ESTADO IAEN Y LA DEFENSORÍA PÚBLI""",sin CMP detectada
96,ecuador,IAEN,https://www.iaen.edu.ec/,2.4.4,5effbb,Link in context is descriptive,17,div.elementor-posts-container > article.elementor-post > div.elementor-post__text > a.elementor-post__read-more,si,REVISAR,,SIN CONTEXTO PROGRAMATICO,R04,2026-09-09,,"JUICIO HUMANO. ¿Nombre + contexto describen el proposito? nombre: ""Read more about LA UNIVERSIDAD DE POSGRADO DEL ESTADO IAEN Y LA DEFENSORÍA PÚBLI"" | href: https://www.iaen.edu.ec/2026/08/27/lineamientos-copy-copy-co | AVISO: no hay parrafo, elemento de lista ni celda que lo contenga. Un div o article envolvente NO es contexto programatico.",sin CMP detectada
96,ecuador,IAEN,https://www.iaen.edu.ec/,2.4.4,c487ae,Link has non-empty accessible name,18,div.elementor-widget-container > div.elementor-posts-container > article.elementor-post > a.elementor-post__thumbnail__link,si,falla,,,R04,2026-09-09,,href: https://www.iaen.edu.ec/2026/08/21/lineamientos-copy-copy-copy/,sin CMP detectada
96,ecuador,IAEN,https://www.iaen.edu.ec/,2.4.4,c487ae,Link has non-empty accessible name,19,article.elementor-post > div.elementor-post__text > h3.elementor-post__title > a,si,cumple,,,R04,2026-09-09,,"nombre: ""IAEN PRESENTÓ LA NUEVA EDICIÓN DE LA REVISTA ESTADO & COMUNES SOBRE MIGRACIONES""",sin CMP detectada
96,ecuador,IAEN,https://www.iaen.edu.ec/,2.4.4,5effbb,Link in context is descriptive,19,article.elementor-post > div.elementor-post__text > h3.elementor-post__title > a,si,REVISAR,,SIN CONTEXTO PROGRAMATICO,R04,2026-09-09,,"JUICIO HUMANO. ¿Nombre + contexto describen el proposito? nombre: ""IAEN PRESENTÓ LA NUEVA EDICIÓN DE LA REVISTA ESTADO & COMUNES SOBRE MIGRACIONES"" | href: https://www.iaen.edu.ec/2026/08/21/lineamientos-copy-copy-co | AVISO: no hay parrafo, elemento de lista ni celda que lo contenga. Un div o article envolvente NO es contexto programatico.",sin CMP detectada
96,ecuador,IAEN,https://www.iaen.edu.ec/,2.4.4,c487ae,Link has non-empty accessible name,20,div.elementor-posts-container > article.elementor-post > div.elementor-post__text > a.elementor-post__read-more,si,cumple,,,R04,2026-09-09,,"nombre: ""Read more about IAEN PRESENTÓ LA NUEVA EDICIÓN DE LA REVISTA ESTADO & COMUNES SO""",sin CMP detectada
96,ecuador,IAEN,https://www.iaen.edu.ec/,2.4.4,5effbb,Link in context is descriptive,20,div.elementor-posts-container > article.elementor-post > div.elementor-post__text > a.elementor-post__read-more,si,REVISAR,,SIN CONTEXTO PROGRAMATICO,R04,2026-09-09,,"JUICIO HUMANO. ¿Nombre + contexto describen el proposito? nombre: ""Read more about IAEN PRESENTÓ LA NUEVA EDICIÓN DE LA REVISTA ESTADO & COMUNES SO"" | href: https://www.iaen.edu.ec/2026/08/21/lineamientos-copy-copy-co | AVISO: no hay parrafo, elemento de lista ni celda que lo contenga. Un div o article envolvente NO es contexto programatico.",sin CMP detectada
96,ecuador,IAEN,https://www.iaen.edu.ec/,2.4.4,c487ae,Link has non-empty accessible name,21,div.elementor-widget-container > div.elementor-posts-container > article.elementor-post > a.elementor-post__thumbnail__link,si,falla,,,R04,2026-09-09,,href: https://www.iaen.edu.ec/2026/08/10/lineamientos/,sin CMP detectada
96,ecuador,IAEN,https://www.iaen.edu.ec/,2.4.4,c487ae,Link has non-empty accessible name,22,article.elementor-post > div.elementor-post__text > h3.elementor-post__title > a,si,cumple,,,R04,2026-09-09,,"nombre: ""IAEN UNIVERSIDAD DE POSGRADO DEL ESTADO FORTALECE LA CULTURA INVESTIGATIVA CON E""",sin CMP detectada
96,ecuador,IAEN,https://www.iaen.edu.ec/,2.4.4,5effbb,Link in context is descriptive,22,article.elementor-post > div.elementor-post__text > h3.elementor-post__title > a,si,REVISAR,,SIN CONTEXTO PROGRAMATICO,R04,2026-09-09,,"JUICIO HUMANO. ¿Nombre + contexto describen el proposito? nombre: ""IAEN UNIVERSIDAD DE POSGRADO DEL ESTADO FORTALECE LA CULTURA INVESTIGATIVA CON E"" | href: https://www.iaen.edu.ec/2026/08/10/lineamientos/ | AVISO: no hay parrafo, elemento de lista ni celda que lo contenga. Un div o article envolvente NO es contexto programatico.",sin CMP detectada
96,ecuador,IAEN,https://www.iaen.edu.ec/,2.4.4,c487ae,Link has non-empty accessible name,23,div.elementor-posts-container > article.elementor-post > div.elementor-post__text > a.elementor-post__read-more,si,cumple,,,R04,2026-09-09,,"nombre: ""Read more about IAEN UNIVERSIDAD DE POSGRADO DEL ESTADO FORTALECE LA CULTURA INV""",sin CMP detectada
96,ecuador,IAEN,https://www.iaen.edu.ec/,2.4.4,5effbb,Link in context is descriptive,23,div.elementor-posts-container > article.elementor-post > div.elementor-post__text > a.elementor-post__read-more,si,REVISAR,,SIN CONTEXTO PROGRAMATICO,R04,2026-09-09,,"JUICIO HUMANO. ¿Nombre + contexto describen el proposito? nombre: ""Read more about IAEN UNIVERSIDAD DE POSGRADO DEL ESTADO FORTALECE LA CULTURA INV"" | href: https://www.iaen.edu.ec/2026/08/10/lineamientos/ | AVISO: no hay parrafo, elemento de lista ni celda que lo contenga. Un div o article envolvente NO es contexto programatico.",sin CMP detectada
96,ecuador,IAEN,https://www.iaen.edu.ec/,2.4.4,fd3a94,Links with identical accessible names and same context serve equivalent purpose,8+9+11+12+13+14,div.elementor-slides-wrapper > div.swiper-wrapper > div.elementor-repeater-item-09d4f9d > a.swiper-slide-inner ; div.elementor-slides-wrapper > div.swiper-wrapper > div.elementor-repeater-item-7348986 > a.swiper-slide-inner ; div.elementor-slides-wrapper > div.swiper-wrapper > div.elementor-repeater-item-66e72d1 > a.swiper-slide-inner ; div.elementor-slides-wrapper > div.swiper-wrapper > div.elementor-repeater-item-9f409f8 > a.swiper-slide-inner ; div.elementor-slides-wrapper > div.swiper-wrapper > div.elementor-repeater-item-fa9fe69 > a.swiper-slide-inner ; div.elementor-slides-wrapper > div.swiper-wrapper > div.elementor-repeater-item-734851f > a.swiper-slide-inner,si,REVISAR,,,R04,2026-09-09,,JUICIO HUMANO. 6 enlaces con el mismo nombre accesible y el mismo contexto apuntan a 6 destinos distintos. ¿Sirven un proposito equivalente? destinos: https://www.iaen.edu.ec/oferta/ | https://www.iaen.edu.ec/salud-publica/ | ps://revistas.iaen.edu.ec/index.php/estado_comunes | https://www.iaen.edu.ec/investigacion/ | .iaen.edu.ec/servicios-de-bienestar-universitario/ | https://www.iaen.edu.ec/iaen-en-medios/,sin CMP detectada
