id,vantage,run,red,grupo,sigla,pais,url,ok,error,title,lang,viewport,https,cookies_pre,rastreo_pre,rastreo_pre_ext,nombres_rastreo_ext,cmp,banner,consent_default,consent_default_region,regiones,uet_consent,clarity_consent,ax_violaciones,ax_nodos,elementos,nodos_totales,nodos_por_mil_elementos,nivelA_nodos,nivelAA_nodos,nivelAAA_nodos,Perceptible,Operable,Comprensible,Robusto,max_nivel_sin_fallo_auto,incompletos,incompletos_nodos,n_dominios_terceros,prov_emitida_sin_cookie,prov_no_emitida,servidor,cdn,cms,fecha
1,EC,1,residencial,mundo,MIT,US,https://www.mit.edu,true,,MIT - Massachusetts Institute of Technology,en,1,1,0,0,0,,,0,0,0,,0,0,3,8,380,950,21.05,1,6,1,1,6,0,1,ninguno,4,24,3,Google Tag Manager,,Apache,,Drupal,2026-08-16T04:00:23.870Z
2,EC,1,residencial,mundo,Stanford,US,https://www.stanford.edu,true,,Stanford University,en,1,1,10,4,8,YSC VISITOR_INFO1_LIVE VISITOR_PRIVACY_METADATA _ga_Q0JD4PHRZ7 _ga _cs_id __Secure-YNID __Secure-ROLLOUT_TOKEN,,0,0,0,,0,0,1,11,1370,1820,8.03,0,0,11,11,0,0,0,AA,1,2,12,Google Ads ContentSquare Google Tag Manager Google Analytics,,Netlify,,,2026-08-16T04:00:31.397Z
3,EC,1,residencial,mundo,Harvard,US,https://www.harvard.edu,true,,Harvard University,en-US,1,1,8,5,5,_gid _gat_UA-2923555-1 _ga_KBLBYHG5EP _ga _fbp,,0,0,0,,0,0,2,13,1139,2834,11.41,0,3,10,13,0,0,0,A,2,42,18,Google Ads Google Analytics Meta Google Tag Manager,,nginx,,WordPress,2026-08-16T04:00:38.113Z
4,EC,1,residencial,mundo,Oxford,GB,https://www.ox.ac.uk,true,,University of Oxford,en,1,1,6,2,5,__Secure-YNID YSC VISITOR_INFO1_LIVE VISITOR_PRIVACY_METADATA __Secure-ROLLOUT_TOKEN,,1,0,0,,0,0,0,0,2165,5830,0,0,0,0,0,0,0,0,AAA,4,8,9,Google Tag Manager Google Analytics Google Ads,,cloudflare,Cloudflare,generator: Drupal 11 (https://www.drupal.org) Drupal,2026-08-16T04:00:44.582Z
5,EC,1,residencial,mundo,Cambridge,GB,https://www.cam.ac.uk,true,,University of Cambridge,en,1,1,0,0,0,,,1,0,0,,0,0,2,6,529,1356,11.34,5,0,1,6,0,0,0,ninguno,2,8,9,Google Tag Manager Google Analytics,,nginx,Fastly/Varnish,generator: Drupal 10 (https://www.drupal.org) Drupal,2026-08-16T04:00:51.889Z
6,EC,1,residencial,mundo,Caltech,US,https://www.caltech.edu,true,,Home - www.caltech.edu,en,1,1,4,2,2,_ga_7RL83EX4D4 _ga,,0,0,0,,0,0,4,30,4319,10084,6.95,5,0,25,28,0,0,2,ninguno,3,42,9,Google Tag Manager Google Analytics,,cloudflare,Cloudflare,Joomla,2026-08-16T04:01:00.270Z
7,EC,1,residencial,mundo,UC Berkeley,US,https://www.berkeley.edu,true,,"University of California, Berkeley: Home",en-US,1,1,10,5,8,__Secure-YNID YSC VISITOR_INFO1_LIVE VISITOR_PRIVACY_METADATA __Secure-ROLLOUT_TOKEN nmstat _ga_JD06GX6S4V _ga,,0,0,0,,0,0,0,0,585,1599,0,0,0,0,0,0,0,0,AAA,2,2,11,Siteimprove Google Tag Manager Google Analytics Google Ads,,cloudflare,Cloudflare,WordPress,2026-08-16T04:01:07.017Z
8,EC,1,residencial,mundo,Princeton,US,https://www.princeton.edu,true,,Home | Princeton University,en,1,1,2,2,2,_ga_92L6B9PQCG _ga,,0,0,0,,0,0,0,0,1092,2347,0,0,0,0,0,0,0,0,AAA,2,29,4,Google Tag Manager Google Analytics,,cloudflare,Cloudflare Fastly/Varnish,generator: Drupal 10 (https://www.drupal.org) Drupal,2026-08-16T04:01:13.911Z
9,EC,1,residencial,mundo,Imperial,GB,https://www.imperial.ac.uk,true,,Imperial College London,en-GB,1,1,6,0,0,,OneTrust,1,0,0,,0,0,2,19,797,1718,23.84,0,15,4,4,15,0,0,A,3,27,9,Google Ads Google Tag Manager Google Analytics,,Microsoft-IIS/10.0,CloudFront,,2026-08-16T04:01:22.964Z
10,EC,1,residencial,mundo,U Chicago,US,https://www.uchicago.edu,true,,The University of Chicago,en,1,1,19,9,9,_gid _gat_UA-373360-31 _gat_UA-3572058-26 _ga_2V4M4Z833J _ga _ga_DBDWJCS0JR nmstat _hjSessionUser_3545609 _hjSession_3545609,,0,0,0,,0,0,1,1,934,1232,1.07,1,0,0,0,0,0,1,ninguno,6,26,15,Google Analytics Google Tag Manager Hotjar Siteimprove,,,Azure,,2026-08-16T04:01:32.166Z
11,EC,1,residencial,mundo,ETH Zurich,CH,https://ethz.ch,true,,ETH Zürich - Homepage | ETH Zürich,de,1,1,1,0,0,,OneTrust,1,1,0,,0,0,2,2,1644,3121,1.22,1,0,1,2,0,0,0,ninguno,1,5,3,Google Tag Manager,,,,,2026-08-16T04:01:42.117Z
12,EC,1,residencial,mundo,Yale,US,https://www.yale.edu,true,,Yale University,en,1,1,7,6,6,nmstat _ga _gid _gat_gtag_UA_991898_23 _ga_D491W728G4 _ga,,0,0,0,,0,0,3,19,723,2018,26.28,5,0,14,17,0,0,2,ninguno,3,49,8,Google Tag Manager Siteimprove Google Analytics,,nginx,Fastly/Varnish,generator: Drupal 7 (https://www.drupal.org) Drupal,2026-08-16T04:01:48.687Z
13,EC,1,residencial,mundo,UPenn,US,https://www.upenn.edu,true,,University of Pennsylvania,en,1,1,4,4,4,_gid _gat_UA-78054-1 _ga _ga_LL85393RFV,,0,0,0,,0,0,2,4,1099,2938,3.64,1,0,3,4,0,0,0,ninguno,4,40,5,Google Analytics Google Tag Manager,,nginx,Fastly/Varnish,generator: Drupal 11 (https://www.drupal.org) Drupal,2026-08-16T04:01:55.392Z
14,EC,1,residencial,mundo,UCL,GB,https://www.ucl.ac.uk,true,,Welcome to UCL | University College London,en,1,1,2,0,0,,,1,0,0,,0,0,0,0,1158,2997,0,0,0,0,0,0,0,0,AAA,3,302,3,YouTube,,cloudflare,Cloudflare,Drupal Moodle,2026-08-16T04:02:03.137Z
15,EC,1,residencial,mundo,Cornell,US,https://www.cornell.edu,true,,Cornell University,en,1,1,9,9,9,__utma __utmc __utmz __utmt __utmb _ga_PMZ19X3F8W _ga _ga_XJK3YSJ0LV nmstat,,0,0,0,,0,0,1,4,689,1815,5.81,0,0,4,4,0,0,0,AA,5,70,12,Google Tag Manager Google Analytics Siteimprove,,,Azure,,2026-08-16T04:02:12.322Z
16,EC,1,residencial,mundo,Tsinghua,CN,https://www.tsinghua.edu.cn/en/,true,,Tsinghua University,,1,1,1,0,0,,,0,0,0,,0,0,10,49,538,1178,91.08,39,6,4,11,32,1,5,ninguno,5,84,1,,,,,,2026-08-16T04:02:22.286Z
17,EC,1,residencial,mundo,Peking,CN,https://english.pku.edu.cn,true,,Peking University,,1,1,4,3,3,Hm_lvt_6d2ad9d99c9136dab46c5f969e3bc9ed Hm_lpvt_6d2ad9d99c9136dab46c5f969e3bc9ed HMACCOUNT,,0,0,0,,0,0,5,19,715,1572,26.57,18,1,0,2,14,1,2,ninguno,3,19,2,,,nginx,,,2026-08-16T04:02:32.183Z
18,EC,1,residencial,mundo,Johns Hopkins,US,https://www.jhu.edu,true,,Johns Hopkins University,en,1,1,12,5,7,nmstat _twpid _ga_8031WYVC9V _ga personalization_id muc_ads _ga_TSX9K66082,,0,0,0,,0,0,3,8,898,1986,8.91,6,0,2,3,5,0,0,ninguno,4,118,19,Google Ads Google Tag Manager Meta Siteimprove Google Analytics,,cloudflare,Cloudflare,WordPress Drupal,2026-08-16T04:02:39.415Z
19,EC,1,residencial,mundo,Columbia,US,https://www.columbia.edu,true,,Columbia University in the City of New York,en,1,1,15,6,9,_gid _gat_gtag_UA_18290390_1 __Secure-YNID YSC __Secure-ROLLOUT_TOKEN VISITOR_INFO1_LIVE VISITOR_PRIVACY_METADATA _ga_09H1KYXPLX _ga,,1,0,0,,0,0,4,52,1656,4458,31.4,2,6,44,51,0,0,1,ninguno,1,80,15,Google Tag Manager Google Analytics Google Ads,,cloudflare,Cloudflare,generator: Drupal 10 (https://www.drupal.org) Drupal,2026-08-16T04:02:46.980Z
20,EC,1,residencial,mundo,Toronto,CA,https://www.utoronto.ca,true,,University of Toronto,en,1,1,12,8,12,_gcl_au _ga _ga_0X74MN6XS3 CLID IDE _clck _clsk SM MUID MUID MR SRM_B,,0,0,0,,0,0,1,19,597,1622,31.83,0,0,19,19,0,0,0,AA,3,11,18,Google Tag Manager Google Analytics,,nginx,Fastly/Varnish,generator: Drupal 10 (https://www.drupal.org) Drupal,2026-08-16T04:02:53.617Z
21,EC,1,residencial,mundo,UCLA,US,https://www.ucla.edu,true,,A World Leader in Education and Research Excellence | UCLA,en,1,1,9,4,7,__Secure-YNID YSC __Secure-ROLLOUT_TOKEN VISITOR_INFO1_LIVE VISITOR_PRIVACY_METADATA _ga_6BMZK7EYHE _ga,,0,0,0,,0,0,1,64,1126,2746,56.84,0,0,64,64,0,0,0,AA,3,13,26,Google Ads Meta Google Tag Manager Google Analytics,,Apache/2.4.68 (Amazon Linux),CloudFront,,2026-08-16T04:03:00.933Z
22,EC,1,residencial,mundo,NUS,SG,https://nus.edu.sg,true,,NUS - National University of Singapore,,1,1,7,2,2,_ga_2T8KTSDET6 _ga,,1,0,0,,0,0,7,60,808,1763,74.26,24,21,15,36,23,1,0,ninguno,2,13,10,Google Tag Manager Google Analytics Google Ads,,,,,2026-08-16T04:03:10.249Z
23,EC,1,residencial,mundo,U Tokyo,JP,https://www.u-tokyo.ac.jp/en/,true,,The University of Tokyo,en,1,1,2,2,2,_ga_DWSZ09TFCH _ga,,0,0,0,,0,0,8,28,1003,2346,27.92,11,6,11,15,3,0,10,ninguno,3,22,7,Google Tag Manager Google Analytics Google Ads,,Apache,,,2026-08-16T04:03:22.906Z
24,EC,1,residencial,mundo,TUM,DE,https://www.tum.de/en/,true,,Technical University of Munich: The Entrepreneurial University - TUM,en-US,1,1,0,0,0,,,0,0,0,,0,0,1,23,4348,12384,5.29,0,0,23,23,0,0,0,AA,5,14,2,,,Apache/2,,generator: TYPO3 CMS TYPO3,2026-08-16T04:03:32.521Z
25,EC,1,residencial,mundo,Melbourne,AU,https://www.unimelb.edu.au,true,,The University of Melbourne - Australia's #1 Ranked University,en,1,1,37,16,16,utag_main__ss utag_main__st utag_main_ses_id s_nr30 s_tslv s_inv s_ips utag_main_v_id _ga_YE8SEG9T0S AMCV_0BFB1E5866E1D2E70A495C3B%40AdobeOrg _ga _ga_J6RRCK6F9V _ga_L55G410M0Q s_tp s_ppv s_plt,,1,0,0,,0,0,1,1,117,302,8.55,1,0,0,1,0,0,0,ninguno,4,9,18,Google Tag Manager Google Analytics Google Ads,,cloudflare,Cloudflare,,2026-08-16T04:03:39.986Z
26,EC,1,residencial,mundo,Edinburgh,GB,https://www.ed.ac.uk,true,,The University of Edinburgh,en,1,1,0,0,0,,,0,0,0,,0,0,2,37,621,1398,59.58,1,0,36,37,0,0,0,ninguno,3,27,3,Google Tag Manager,,nginx,Fastly/Varnish,generator: Drupal 10 (https://www.drupal.org) Drupal,2026-08-16T04:03:50.813Z
27,EC,1,residencial,mundo,EPFL,CH,https://www.epfl.ch/en/,true,,EPFL,en-GB,1,1,2,2,2,_ga_N6BF9H5G73 _ga,,1,0,0,,0,0,3,101,1968,3078,51.32,1,85,15,100,1,0,0,ninguno,4,15,8,Google Tag Manager Google Analytics,,cloudflare,Cloudflare,generator: WordPress 6.9.7 WordPress,2026-08-16T04:04:00.501Z
28,EC,1,residencial,mundo,Michigan,US,https://umich.edu,true,,University of Michigan,en,1,1,2,0,0,,,0,1,0,,0,0,2,13,557,1350,23.34,0,5,8,8,5,0,0,A,3,19,5,Google Tag Manager Google Analytics Google Ads,,cloudflare,Cloudflare,,2026-08-16T04:04:06.865Z
29,EC,1,residencial,mundo,Northwestern,US,https://www.northwestern.edu,true,,Northwestern University,en,1,1,3,0,0,,CookieYes,1,0,0,,0,0,0,0,3581,6046,0,0,0,0,0,0,0,0,AAA,3,7,8,Google Tag Manager Google Analytics,,Apache,,,2026-08-16T04:04:14.720Z
30,EC,1,residencial,mundo,Fudan,CN,https://www.fudan.edu.cn/en/,true,,Fudan University,,1,1,5,3,3,Hm_lvt_829a28d038f7cea73ca2728904e244bc Hm_lpvt_829a28d038f7cea73ca2728904e244bc HMACCOUNT,,0,0,0,,0,0,6,44,593,1208,74.2,18,3,23,40,3,1,0,ninguno,3,27,3,,,******,,,2026-08-16T04:04:27.266Z
31,EC,1,residencial,mundo,PSL,FR,https://www.psl.eu/en,true,,PSL University | PSL,en,1,1,1,0,0,,,1,0,0,,0,0,5,25,1710,4278,14.62,8,12,5,16,8,0,1,ninguno,4,51,4,,,Apache/2.4.67 (Debian) OpenSSL/3.5.5,,generator: Drupal 10 (https://www.drupal.org) Drupal,2026-08-16T04:04:38.698Z
32,EC,1,residencial,mundo,HKU,HK,https://www.hku.hk,true,,The University of Hong Kong (HKU),en,1,1,11,10,10,__utma __utmc __utmz __utmt __utmb _fbp _ga_ZHLLDTLTMG _ga _hjSessionUser_1966860 _hjSession_1966860,,0,0,0,,0,0,8,27,2485,3918,10.87,13,14,0,15,1,0,11,ninguno,4,32,9,Google Analytics Meta Google Tag Manager Hotjar Google Ads,,Apache,,,2026-08-16T04:04:48.624Z
33,EC,1,residencial,mundo,Zhejiang,CN,https://www.zju.edu.cn/english/,true,,Zhejiang University (ZJU),en,1,1,1,0,0,,,0,0,0,,0,0,3,14,717,1355,19.53,13,1,0,2,12,0,0,ninguno,3,67,0,,,Tengine,,,2026-08-16T04:05:01.923Z
34,EC,1,residencial,mundo,NYU,US,https://www.nyu.edu,true,,New York University,en,1,1,12,10,10,_gcl_au test_cookie _ga_9CWXCZX89G _ga _ga_S194DLZYBD _ga_YKLBDQJ61W _ga_H4KKXQKFSM _ga_S4TP6272FF _ga_VR2BFTJ92R _ga_8Y5XM9YCFW,Osano,1,0,0,,0,0,1,2,764,2144,2.62,0,0,2,2,0,0,0,AA,3,43,11,Google Tag Manager Google Analytics,,Apache,CloudFront,,2026-08-16T04:05:08.605Z
35,EC,1,residencial,mundo,SJTU,CN,https://www.sjtu.edu.cn,true,,上海交通大学中文主页门户网站,zh-Hans,1,1,3,3,3,_pk_testcookie.299.e5ac _pk_id.299.e5ac _pk_ses.299.e5ac,,0,0,0,,0,0,5,48,1823,4335,26.33,5,5,38,47,0,0,1,ninguno,2,20,1,,,nginx,,,2026-08-16T04:05:24.542Z
36,EC,1,residencial,mundo,KCL,GB,https://www.kcl.ac.uk,true,,King's College London,en-GB,1,1,2,0,0,,OneTrust,1,0,0,,0,0,2,41,739,2062,55.48,1,0,40,40,0,0,1,ninguno,3,37,7,Google Tag Manager X/Twitter Google Ads Google Analytics,,,,generator: Contensis CMS Version 17.1,2026-08-16T04:05:32.408Z
37,EC,1,residencial,mundo,UCSD,US,https://www.ucsd.edu,true,,University of California San Diego,en,1,1,26,11,22,li_sugr bcookie lidc UserMatchHistory AnalyticsSyncHistory __Secure-YNID YSC VISITOR_INFO1_LIVE VISITOR_PRIVACY_METADATA __Secure-ROLLOUT_TOKEN _ttp _gcl_au _tt_enable_cookie _ttp _ga_ZBPHLZYTS4 _ga _hjSessionUser_3662797 _hjSession_3662797 bscookie test_cookie ttcsid ttcsid_D3NTPGRC77UELR3N1AFG,,0,0,0,,0,0,3,44,833,2017,52.82,2,7,35,35,7,0,2,ninguno,4,29,23,Google Tag Manager Hotjar Google Analytics,,Apache/2.4.62 (Red Hat Enterprise Linux),,,2026-08-16T04:05:40.442Z
38,EC,1,residencial,mundo,LMU,DE,https://www.lmu.de,true,,Startseite - LMU München,de,1,1,0,0,0,,,0,0,0,,0,0,1,9,481,1254,18.71,0,0,9,9,0,0,0,AA,4,47,2,,,Apache,,,2026-08-16T04:05:50.769Z
39,EC,1,residencial,mundo,Duke,US,https://www.duke.edu,true,,"Duke University - Fueled by creativity, informed by scholarship",en-US,1,1,24,13,22,YSC VISITOR_INFO1_LIVE VISITOR_PRIVACY_METADATA __utma __utmc __utmz __utmt_UA-3896341-5 __utmb __Secure-YNID __Secure-ROLLOUT_TOKEN _ga _ga_EFHNRXCSHV CLID _clck _clsk MUID MR SRM_B SM MUID MR ANONCHK,,1,0,0,,0,0,1,7,1150,2400,6.09,0,0,7,7,0,0,0,AA,3,71,24,Google Ads Google Analytics Google Tag Manager,,Apache,,WordPress,2026-08-16T04:05:59.400Z
40,EC,1,residencial,mundo,Manchester,GB,https://www.manchester.ac.uk,true,,The University of Manchester,en,1,1,58,24,46,_gcl_au UserMatchHistory AnalyticsSyncHistory li_sugr bcookie lidc _gid _gat_UA-4619980-2 __Secure-YNID YSC __Secure-ROLLOUT_TOKEN VISITOR_INFO1_LIVE VISITOR_PRIVACY_METADATA _gat_UA-3161158-1 _ttp bscookie _ga_1ET7C6PX1B _ga sa-user-id sa-user-id sa-user-id-v2 sa-user-id-v2 _ga_WL8VVSMZQ2 _ga_Z9M4Y77VXZ sa-user-id sa-user-id-v2 sa-user-id-v3 _tt_enable_cookie _ttp _twpid _fbp nmstat _uetsid _uetvid _hjSessionUser_2148424 _hjSession_2148424 personalization_id muc_ads MUID MR ttcsid ttcsid_CJ8D08BC77U3K5NQQDNG ttcsid_CDFTTMRC77U4B2URJ40G IDE _clck _clsk,OneTrust,0,0,0,,0,1,0,0,941,2119,0,0,0,0,0,0,0,0,AAA,1,27,48,Meta Google Tag Manager Google Analytics Hotjar Microsoft Clarity Siteimprove,,Apache,CloudFront,,2026-08-16T04:06:08.155Z
41,EC,1,residencial,mundo,UBC,CA,https://www.ubc.ca,true,,The University of British Columbia,en-ca,1,1,12,4,10,_gcl_au _scid _scid_r _ga_Q74JQJCYJK _ga sc_at IDE TapAd_TS TapAd_DID TapAd_3WAY_SYNCS,,0,0,0,,0,0,2,18,403,972,44.67,0,5,13,13,5,0,0,A,4,8,16,Google Tag Manager Google Analytics,,Apache/2.4.59 (),CloudFront,,2026-08-16T04:06:15.139Z
42,EC,1,residencial,mundo,Sydney,AU,https://www.sydney.edu.au,true,,One of Australia’s top universities - The University of Sydney,en-US,1,1,62,22,39,_gcl_au _ga_KXYY9PEVLH _ga s_ecid AMCV_35B46472540D9EE20A4C98A6%40AdobeOrg IDE _hjSessionUser_550296 _hjSession_550296 _scid _scid_r _ttp li_sugr bcookie lidc _tt_enable_cookie _ttp mbox UserMatchHistory AnalyticsSyncHistory s_ips s_tp s_ppv _fbp ttcsid ttcsid_CQHKB7RC77U6M4ETUDB0 bscookie s_cc TapAd_TS TapAd_DID TapAd_3WAY_SYNCS sc_at Hm_lvt_1426d6da699eb30a7515d65930a0dbff Hm_lpvt_1426d6da699eb30a7515d65930a0dbff HMACCOUNT __Secure-YNID YSC __Secure-ROLLOUT_TOKEN VISITOR_INFO1_LIVE VISITOR_PRIVACY_METADATA,,0,0,0,,0,0,3,15,1142,3452,13.13,1,1,13,14,1,0,0,ninguno,2,5,52,Meta Google Tag Manager Hotjar Google Analytics,,Apache,CloudFront,,2026-08-16T04:06:23.156Z
43,EC,1,residencial,mundo,Paris-Saclay,FR,https://www.universite-paris-saclay.fr/en,true,,Université Paris-Saclay,en,1,1,2,0,0,,Tarteaucitron,1,0,0,,0,0,2,8,1242,3305,6.44,1,0,7,7,0,0,1,ninguno,3,39,2,,,,,Drupal,2026-08-16T04:06:32.082Z
44,EC,1,residencial,mundo,Kyoto,JP,https://www.kyoto-u.ac.jp/en,true,,KYOTO UNIVERSITY,en,1,1,2,2,2,_ga_P51JW1MC7Y _ga,,0,0,0,,0,0,2,5,801,2159,6.24,0,5,0,1,4,0,0,A,3,20,6,Google Tag Manager Google Analytics Google Ads,,nginx,Fastly/Varnish,generator: Drupal 11 (https://www.drupal.org) Drupal,2026-08-16T04:06:40.385Z
45,EC,1,residencial,mundo,Illinois,US,https://illinois.edu,true,,Illinois,en-US,1,1,4,2,2,_ga_TWFEJJKL35 _ga,OneTrust,1,0,0,,0,0,1,9,805,1815,11.18,0,0,9,9,0,0,0,AA,4,33,11,Google Tag Manager Google Analytics Google Ads,,nginx/1.22.1,,generator: WordPress 6.8.6 WordPress,2026-08-16T04:06:49.239Z
46,EC,1,residencial,mundo,UT Austin,US,https://www.utexas.edu,true,,The University of Texas at Austin,en,1,1,25,12,24,_gid _gat_UA-11887171-8 _gat_UA-11887171-2 _ga_PTWC4TZX3W _ga _ga_EVFNF1Z4Q4 li_sugr bcookie lidc UserMatchHistory AnalyticsSyncHistory _ga_X3HZEK54PC CLID _ga_4W6P6NJBBS bscookie _clck _clsk MUID MR SRM_B SM MUID MR ANONCHK,,0,0,0,,0,0,1,25,536,1361,46.64,0,0,25,25,0,0,0,AA,3,24,18,Google Tag Manager Google Analytics Google Ads,,nginx,Fastly/Varnish,generator: Drupal 11 (https://www.drupal.org) Drupal,2026-08-16T04:06:55.952Z
47,EC,1,residencial,mundo,UW,US,https://www.washington.edu,true,,UW Homepage,en,1,1,48,9,19,nmstat _gcl_au li_sugr bcookie lidc _ga _ga_3T65WK0BM8 CLID _ga_JLHM9WH4JV UserMatchHistory AnalyticsSyncHistory IDE _fbp bscookie _clck _clsk TapAd_TS TapAd_DID TapAd_3WAY_SYNCS,,0,0,0,,0,0,3,11,615,1292,17.89,1,7,3,3,7,0,1,ninguno,3,51,49,Google Tag Manager Meta Siteimprove Google Analytics,,Apache,,generator: WordPress 6.9.6 WordPress,2026-08-16T04:07:03.365Z
48,EC,1,residencial,mundo,NTU,SG,https://www.ntu.edu.sg,true,,Nanyang Technological University - NTU Singapore,en,1,1,44,12,25,_ttp _ga _ga_8LPDJ1LB78 bcookie lidc _gcl_au _ga_DWDBVB5J8J _ga_PWNJKZG9MN _ga_DX9Q4KPWT3 _ga_NP4QFYPSX6 _tt_enable_cookie _ttp IDE _fbp ttcsid ttcsid_CG8HH23C77U77CS2DKOG ttcsid_D38A8JJC77U5QJRHU6EG ttcsid_D4RSFNBC77UET7S4GMLG ttcsid_D6IJSH3C77UCPJEO1NC0 sa-user-id sa-user-id sa-user-id-v2 sa-user-id-v2 sa-user-id-v3 sa-user-id-v3,,1,0,0,,0,0,4,15,2087,4285,7.19,5,3,7,8,7,0,0,ninguno,2,14,31,Meta Google Tag Manager Google Analytics,,cloudflare,Cloudflare,,2026-08-16T04:07:11.461Z
49,EC,1,residencial,mundo,McGill,CA,https://www.mcgill.ca,true,,McGill University,,1,1,1,0,0,,,1,0,0,,0,0,3,7,479,1034,14.61,6,0,1,6,0,1,0,ninguno,1,3,0,,,,Azure,generator: Drupal 7 (http://drupal.org) Drupal,2026-08-16T04:07:19.996Z
50,EC,1,residencial,mundo,CUHK,HK,https://www.cuhk.edu.hk/english/index.html,true,,The Chinese University of Hong Kong,en,1,1,19,10,17,__utma __utmc __utmz __utmt __utmb _fbp _ga li_sugr bcookie lidc UserMatchHistory AnalyticsSyncHistory CLID bscookie _clck _clsk _ga_3VWFFZCDJ6,,0,0,0,,0,0,6,46,687,1392,66.96,6,10,30,33,11,0,2,ninguno,2,9,15,Meta Google Tag Manager Google Ads Google Analytics,,nginx,CloudFront,,2026-08-16T04:07:31.198Z
51,EC,1,residencial,mundo,CMU,US,https://www.cmu.edu,true,,Carnegie Mellon University | CMU,en,1,1,18,8,14,CLID _ga _gcl_au test_cookie _clck _ga_1XQYSMEBVE _clsk MUID MR SRM_B SM MUID MR ANONCHK,OneTrust,1,0,0,,0,0,2,3,973,2205,3.08,1,0,2,2,1,0,0,ninguno,5,140,28,Google Tag Manager Google Analytics,,nginx,Fastly/Varnish,generator: Drupal 11 (https://www.drupal.org) Drupal,2026-08-16T04:07:43.536Z
52,EC,1,residencial,mundo,Wisconsin,US,https://www.wisc.edu,true,,University of Wisconsin–Madison,en,1,1,6,4,4,_ga_D04HXCEERG _ga _ga _ga_PLJ9E3ZY82,,1,0,0,,0,0,1,45,599,802,75.13,0,0,45,45,0,0,0,AA,2,18,6,Google Tag Manager Google Analytics,,AmazonS3,CloudFront,,2026-08-16T04:07:50.096Z
53,EC,1,residencial,mundo,USTC,CN,https://en.ustc.edu.cn,true,,University of Science and Technology of China,,1,1,5,3,3,Hm_lvt_1c599d6edf63923fd73ae82fd7293a24 Hm_lpvt_1c599d6edf63923fd73ae82fd7293a24 HMACCOUNT,,0,0,0,,0,0,5,12,238,640,50.42,11,1,0,3,7,1,1,ninguno,2,33,1,,,nginx,,,2026-08-16T04:08:00.360Z
54,EC,1,residencial,mundo,WUSTL,US,https://washu.edu,true,,Home | WashU,en-US,1,1,14,12,12,_ga_T94ZQ4ENLH _ga utag_main__sn utag_main__se utag_main__ss utag_main__st utag_main_ses_id utag_main__pn utag_main_v_id utag_main_dc_visit utag_main_dc_event utag_main_dc_region,,0,0,0,,0,0,3,25,1168,2421,21.4,5,0,20,20,4,0,1,ninguno,5,24,15,Google Tag Manager Google Analytics,,nginx,Fastly/Varnish,generator: Site Kit by Google 1.185.0 WordPress,2026-08-16T04:08:09.078Z
55,EC,1,residencial,mundo,Monash,AU,https://www.monash.edu,true,,Monash University | Study at Monash Uni | Melbourne,en,1,1,12,3,6,__Secure-YNID YSC VISITOR_INFO1_LIVE VISITOR_PRIVACY_METADATA __Secure-ROLLOUT_TOKEN utag_main,,1,0,0,,0,0,2,18,2164,6416,8.32,0,1,17,18,0,0,0,A,3,32,9,Google Tag Manager,,cloudflare,Cloudflare,,2026-08-16T04:08:16.844Z
56,EC,1,residencial,mundo,SNU,KR,https://en.snu.ac.kr,true,,Seoul National University,en,1,1,3,2,2,_ga_PVQ4G3Z4TR _ga,,0,0,0,,0,0,3,22,901,2433,24.42,0,14,8,22,0,0,0,A,3,35,2,Google Tag Manager Google Analytics,,,,,2026-08-16T04:08:28.518Z
57,EC,1,residencial,mundo,Heidelberg,DE,https://www.uni-heidelberg.de/en,true,,Heidelberg University,en,1,1,2,0,0,,,0,0,0,,0,0,2,68,1355,1603,50.18,1,0,67,67,0,0,1,ninguno,2,20,2,,,nginx,Fastly/Varnish,Drupal,2026-08-16T04:08:36.911Z
58,EC,1,residencial,mundo,HKUST,HK,https://hkust.edu.hk/,true,,The Hong Kong University of Science and Technology ｜World's Top 50 Universities｜Leading Research Excellence,en,1,1,4,4,4,_gid _gat_UA-126519042-1 _ga_472DPMG63L _ga,,0,0,0,,0,0,6,19,1559,4163,12.19,14,5,0,12,5,0,2,ninguno,4,128,8,Google Analytics Google Tag Manager Google Ads,,nginx,,generator: Drupal 10 (https://www.drupal.org) Drupal,2026-08-16T04:08:46.653Z
59,EC,1,residencial,mundo,Karolinska,SE,https://ki.se/en,true,,Karolinska Institutet - a medical university,en,1,1,2,0,0,,,0,0,0,,0,0,5,7,633,1168,11.06,4,2,1,2,2,0,3,ninguno,2,25,4,Google Tag Manager Google Analytics,,,,generator: Drupal 10 (https://www.drupal.org) Drupal,2026-08-16T04:08:57.459Z
60,EC,1,residencial,mundo,TU Delft,NL,https://www.tudelft.nl/en/,true,,Delft University of Technology | TU Delft | Challenge. Change. Impact!,en,1,1,1,0,0,,Cookiebot,1,0,0,,0,0,3,23,3735,7015,6.16,0,22,1,18,5,0,0,A,2,36,8,Siteimprove,,,CloudFront,generator: TYPO3 CMS TYPO3,2026-08-16T04:09:06.070Z
61,EC,1,residencial,mundo,ANU,AU,https://www.anu.edu.au/,true,,The Australian National University,en,1,1,10,4,6,_twpid _fbp personalization_id muc_ads _ga_E1GV4NJHV2 _ga,OneTrust,1,0,0,,0,0,1,1,1083,1415,0.92,0,0,1,1,0,0,0,AA,4,53,19,Google Tag Manager Meta Google Ads Google Analytics,,nginx,,Drupal,2026-08-16T04:09:14.449Z
62,EC,1,residencial,mundo,KU Leuven,BE,https://www.kuleuven.be/english/,true,,KU Leuven,en,1,1,6,0,0,,OneTrust,1,1,0,,0,0,3,5,560,1257,8.93,1,3,1,5,0,0,0,ninguno,2,13,8,Google Tag Manager Google Ads Google Analytics,,Apache/2.4.62,,,2026-08-16T04:09:23.247Z
63,EC,1,residencial,mundo,Queensland,AU,https://www.uq.edu.au/,true,,The University of Queensland,en,1,1,28,13,26,_gcl_au li_sugr bcookie lidc UserMatchHistory AnalyticsSyncHistory CLID IDE bscookie _uetsid _uetvid MUID MR _ga_QG0JXDMRML _ga _clck _fbp _hjSessionUser_2849117 _hjSession_2849117 _clsk MR SRM_B SM MUID MR ANONCHK,,0,0,0,,0,0,2,13,1005,2363,12.94,1,0,12,13,0,0,0,ninguno,2,15,25,Google Tag Manager Meta Hotjar Google Analytics,,nginx,Fastly/Varnish,generator: Drupal 11 (https://www.drupal.org) Drupal SharePoint,2026-08-16T04:09:33.672Z
64,EC,1,residencial,ecuador,EPN,EC,https://www.epn.edu.ec,true,,,es,1,1,3,0,0,,,0,0,0,,0,0,3,4,1205,2697,3.32,2,2,0,2,2,0,0,ninguno,1,1,2,,,cloudflare,Cloudflare,generator: WordPress 7.0.2 WordPress,2026-08-16T04:09:42.087Z
65,EC,1,residencial,ecuador,ESPOL,EC,https://www.espol.edu.ec,true,,Escuela Superior Politécnica del Litoral,es,1,1,5,4,4,_ga_2QNGYSJLK4 _ga _gid _gat_gtag_UA_5343888_2,CookieYes,1,0,0,,0,0,4,79,3270,8950,24.16,2,70,7,65,12,0,2,ninguno,4,86,9,Google Tag Manager Google Analytics,,,,generator: Drupal 9 (https://www.drupal.org) Drupal,2026-08-16T04:09:49.693Z
66,EC,1,residencial,ecuador,ESPOCH,EC,https://www.espoch.edu.ec,true,,Inicio - ESPOCH｜ESCUELA SUPERIOR POLITECNICA DE CHIMBORAZO,es,1,1,2,0,0,,CookieYes,1,0,0,,0,0,3,70,1573,3686,44.5,16,4,50,54,16,0,0,ninguno,4,20,2,,,Apache,,"generator: Elementor 4.2.2; settings: css_print_method-external, google_font-enabled, font_ WordPress",2026-08-16T04:09:58.144Z
67,EC,1,residencial,ecuador,ESPAM MFL,EC,https://www.espam.edu.ec,true,,ESPAM MFL,es,1,1,0,0,0,,,0,0,0,,0,0,7,32,1027,2363,31.16,14,9,9,21,8,0,3,ninguno,2,14,3,,,Microsoft-IIS/10.0,,Moodle SharePoint,2026-08-16T04:10:05.386Z
68,EC,1,residencial,ecuador,ESPE,EC,https://www.espe.edu.ec,true,,ESPE | Universidad de las Fuerzas Armadas | Sangolquí,es,1,1,81,7,7,__utma __utmc __utmz __utmt __utmb _ga_DNYB2YPXC9 _ga,,0,0,0,,0,0,3,20,913,2042,21.91,11,9,0,0,18,0,2,ninguno,2,19,11,Google Analytics Google Tag Manager Google Ads,,Apache,,generator: Site Kit by Google 1.180.0 WordPress SharePoint,2026-08-16T04:10:13.383Z
69,EC,1,residencial,ecuador,UCE,EC,https://www.uce.edu.ec,true,,home - Universidad Central del Ecuador,es,1,1,13,7,10,__Secure-YNID YSC __Secure-ROLLOUT_TOKEN VISITOR_INFO1_LIVE VISITOR_PRIVACY_METADATA __utma __utmc __utmz __utmt __utmb,,0,0,0,,0,0,8,128,3688,6858,34.71,52,11,65,101,26,0,1,ninguno,4,9,10,Google Ads Google Analytics,,Apache,,Liferay,2026-08-16T04:10:20.402Z
70,EC,1,residencial,ecuador,UCuenca,EC,https://www.ucuenca.edu.ec,true,,Home - UCUENCA,es-ES,1,1,13,9,9,pys_session_limit pys_start_session pys_first_visit pysTrafficSource pys_landing_page _fbp _ga _ga_23BSZ91CCT _ga4wp_cid,,1,0,0,,0,0,5,61,876,2382,69.63,57,4,0,5,39,0,17,ninguno,4,24,6,Google Tag Manager Meta Google Analytics,,nginx/1.18.0 (Ubuntu),,generator: XXXXXXXXXXXXXXX WordPress,2026-08-16T04:10:27.418Z
71,EC,1,residencial,ecuador,UG,EC,https://www.ug.edu.ec,true,,"Universidad de Guayaquil – La universidad más grande, importante y gloriosa del país.",es,1,1,2,0,0,,,0,0,0,,0,0,1,22,2456,4259,8.96,0,0,22,22,0,0,0,AA,3,22,2,,,,,generator: WordPress 6.9.6 WordPress,2026-08-16T04:10:34.967Z
72,EC,1,residencial,ecuador,UNL,EC,https://www.unl.edu.ec,true,,Inicio Universidad Nacional de Loja,es,1,1,2,2,2,_ga_HCDKPL9C20 _ga,CookieYes,0,0,0,,0,0,4,122,1774,3868,68.77,115,6,1,14,108,0,0,ninguno,2,57,9,Google Tag Manager Google Analytics Google Ads,,nginx,,generator: XXXXXXXXXXXXXXXXXXXXXXXXXXXXXXXXX Drupal,2026-08-16T04:10:42.237Z
73,EC,1,residencial,ecuador,UAE,EC,https://www.uagraria.edu.ec,true,,UAE - La Nueva Universidad Agraria,es,1,1,4,4,4,_ga _gid _gat _ga_5PM2XSRM63,,0,0,0,,0,0,5,32,491,1342,65.17,6,14,12,26,0,0,6,ninguno,3,22,13,Google Analytics Google Ads Google Tag Manager,,cloudflare,Cloudflare,,2026-08-16T04:10:50.024Z
74,EC,1,residencial,ecuador,UTA,EC,https://uta.edu.ec,true,,UTA,es,1,1,0,0,0,,,0,0,0,,0,0,3,15,2341,3016,6.41,6,2,7,9,0,0,6,ninguno,4,15,3,,,Apache/2.4.62 (Rocky Linux) OpenSSL/3.5.5,,"generator: Elementor 4.2.2; features: e_font_icon_svg, additional_custom_breakpoints; setti WordPress SharePoint",2026-08-16T04:10:57.046Z
75,EC,1,residencial,ecuador,UTB,EC,https://utb.edu.ec,true,,Universidad Técnica de Babahoyo | Por ti UTB,es,1,1,9,6,9,_gid _gat_gtag_UA_68893477_2 _ga_WNXLYS2MLG _ga __Secure-YNID YSC VISITOR_INFO1_LIVE VISITOR_PRIVACY_METADATA __Secure-ROLLOUT_TOKEN,,0,0,0,,0,0,7,32,772,1803,41.45,23,9,0,6,21,0,5,ninguno,1,53,9,Google Ads Google Tag Manager Google Analytics,,Apache/2.4.62 (AlmaLinux) OpenSSL/3.5.5,,generator: Drupal 7 (https://www.drupal.org) Drupal Moodle,2026-08-16T04:11:03.969Z
76,EC,1,residencial,ecuador,UTC,EC,https://www.utc.edu.ec,true,,Universidad Técnica de Cotopaxi > Home,es-ES,1,1,10,2,5,__Secure-YNID YSC __Secure-ROLLOUT_TOKEN VISITOR_INFO1_LIVE VISITOR_PRIVACY_METADATA,,0,0,0,,0,0,5,40,1084,2507,36.9,39,1,0,19,19,0,2,ninguno,2,55,17,Google Ads,,nginx/1.29.4,,generator: DotNetNuke  Moodle,2026-08-16T04:11:16.033Z
77,EC,1,residencial,ecuador,UTMACH,EC,https://www.utmachala.edu.ec,true,,Universidad Técnica de Machala,es-ec,1,1,0,0,0,,,0,0,0,,0,0,4,8,60,168,133.33,2,6,0,7,1,0,0,ninguno,0,0,1,,,Apache,,,2026-08-16T04:11:22.033Z
78,EC,1,residencial,ecuador,UTM,EC,https://www.utm.edu.ec,true,,Universidad Técnica de Manabí - Inicio,es-es,1,1,2,0,0,,,0,0,0,,0,0,5,39,3315,6252,11.76,23,7,9,14,12,0,13,ninguno,2,6,2,,,Apache,,generator: Joomla! - Open Source Content Management Joomla,2026-08-16T04:11:31.209Z
79,EC,1,residencial,ecuador,UTN,EC,https://www.utn.edu.ec,true,,Universidad Técnica del Norte – Ciencia y Técnica al Servicio del Pueblo,es,1,1,3,2,2,_ga_SBC1J4DHX0 _ga,,0,0,0,,0,0,4,23,1320,2588,17.42,9,5,9,15,8,0,0,ninguno,1,37,9,Google Tag Manager Google Analytics,,Apache,,generator: WordPress 6.8.3 WordPress,2026-08-16T04:11:38.253Z
80,EC,1,residencial,ecuador,UTEQ,EC,https://www.uteq.edu.ec,true,,UTEQ - Universidad Técnica Estatal de Quevedo,es,1,1,3,3,3,_ga_WVWWZZ7544 _ga _ga_SSTPXREYGZ,,0,0,0,,0,0,5,110,1378,1733,79.83,109,0,1,7,0,0,103,ninguno,3,67,5,Google Analytics Google Tag Manager Google Ads,,nginx,,,2026-08-16T04:11:44.955Z
81,EC,1,residencial,ecuador,UTELVT,EC,https://www.utelvt.edu.ec,true,,Universidad Técnica Luis Vargas Torres – Universidad Técnica Luis Vargas Torres,es,1,1,0,0,0,,,0,0,0,,0,0,4,32,771,1673,41.5,6,9,17,27,5,0,0,ninguno,3,13,1,,,Apache,,generator: WordPress 7.0.4 WordPress Moodle,2026-08-16T04:11:55.504Z
82,EC,1,residencial,ecuador,UEB,EC,https://www.ueb.edu.ec,true,,Universidad Estatal de Bolívar,es,1,1,2,0,0,,CookieYes,0,0,0,,0,0,5,55,1122,2923,49.02,28,13,14,27,26,0,2,ninguno,3,6,4,Meta,,nginx,,WordPress,2026-08-16T04:12:03.663Z
83,EC,1,residencial,ecuador,UNESUM,EC,https://unesum.edu.ec,true,,UNIVERSIDAD ESTATAL DEL SUR DE MANABÍ – UNESUM,es,1,1,1,0,0,,,0,0,0,,0,0,2,8,1083,2831,7.39,8,0,0,1,7,0,0,ninguno,4,19,3,,,nginx,,"generator: Elementor 4.2.2; features: e_font_icon_svg, additional_custom_breakpoints; setti WordPress",2026-08-16T04:12:12.649Z
84,EC,1,residencial,ecuador,UNEMI,EC,https://www.unemi.edu.ec,true,,UNEMI - ¡La Universidad en línea del Ecuador!,es,1,1,2,2,2,_ga _ga_MQGK6RGL8F,,0,0,0,,0,0,5,34,1735,3106,19.6,28,6,0,6,23,0,5,ninguno,4,31,7,Google Tag Manager Google Analytics Google Ads Microsoft Clarity,,nginx,,generator: Site Kit by Google 1.185.0 WordPress,2026-08-16T04:12:19.722Z
85,EC,1,residencial,ecuador,UEA,EC,https://www.uea.edu.ec,true,,Universidad Estatal Amazónica – Educación con excelencia académica,es,1,1,2,2,2,_ga_450T1JQNMR _ga,,0,0,0,,0,0,1,17,2077,4688,8.18,0,17,0,17,0,0,0,A,4,44,12,Google Tag Manager Google Analytics Google Ads,,nginx,,,2026-08-16T04:12:27.271Z
86,EC,1,residencial,ecuador,UPSE,EC,https://www.upse.edu.ec,true,,UPSE,es-es,1,1,2,0,0,,,0,0,0,,0,0,3,7,2693,3633,2.6,1,6,0,4,2,0,1,ninguno,2,2,6,Google Ads,,nginx,,generator: Helix Ultimate - The Most Popular Joomla! Template Framework. Joomla,2026-08-16T04:12:35.376Z
87,EC,1,residencial,ecuador,ULEAM,EC,https://www.uleam.edu.ec,true,,ULEAM,es,1,1,4,4,4,_gid _gat_gtag_UA_81009815_1 _ga_12F9F68E6S _ga,,0,0,0,,0,0,8,38,925,2956,41.08,20,7,11,20,8,0,10,ninguno,2,2,15,Google Tag Manager Google Ads Google Analytics Meta,,Apache,,generator: WordPress 7.0.4 WordPress Moodle,2026-08-16T04:12:48.173Z
88,EC,1,residencial,ecuador,UNACH,EC,https://www.unach.edu.ec,true,,Inicio » Universidad Nacional de Chimborazo,es-CO,1,1,5,4,4,_gid _gat_gtag_UA_133447811_1 _ga_YQBSJ5PHNG _ga,,0,0,0,,0,0,6,30,1842,3557,16.29,10,18,2,9,21,0,0,ninguno,4,64,4,Google Tag Manager Google Analytics,,nginx/1.20.1,,generator: Elementor 3.32.3; features: additional_custom_breakpoints; settings: css_print_m WordPress,2026-08-16T04:12:56.154Z
89,EC,1,residencial,ecuador,UNAE,EC,https://unae.edu.ec,true,,UNAE,es-ES,1,1,12,7,10,_ga_5FWX93M6TG YSC VISITOR_INFO1_LIVE VISITOR_PRIVACY_METADATA _gid _gat_gtag_UA_154339291_1 _ga_R13W2764LB _ga __Secure-YNID __Secure-ROLLOUT_TOKEN,,0,0,0,,0,0,3,14,1283,2120,10.91,1,10,3,13,1,0,0,ninguno,2,37,15,Google Tag Manager Google Analytics,,nginx,,generator: All in One SEO (AIOSEO) 5.0.0.1 WordPress,2026-08-16T04:13:05.174Z
90,EC,1,residencial,ecuador,UPEC,EC,https://upec.edu.ec,true,,UPEC,es,1,1,16,2,12,sbjs_migrations sbjs_current_add sbjs_first_add sbjs_current sbjs_first sbjs_udata sbjs_session YSC VISITOR_INFO1_LIVE VISITOR_PRIVACY_METADATA __Secure-YNID __Secure-ROLLOUT_TOKEN,,0,0,0,,0,0,3,30,2808,5750,10.68,10,20,0,20,7,0,3,ninguno,5,24,14,Google Ads,,nginx,,generator: WordPress 7.0.4 WordPress Moodle,2026-08-16T04:13:13.378Z
91,EC,1,residencial,ecuador,Yachay Tech,EC,https://yachaytech.edu.ec,true,,Universidad YachayTech – Hacemos ciencia y tecnología,es-EC,1,1,1,0,0,,,0,0,0,,0,0,5,31,2901,5164,10.69,16,1,14,14,12,0,5,ninguno,2,32,6,,,Apache/2.4.62 (Debian),,generator: WordPress 7.0.4 WordPress,2026-08-16T04:13:22.505Z
92,EC,1,residencial,ecuador,Ikiam,EC,https://www.ikiam.edu.ec,true,,Universidad Regional Amazónica Ikiam,es,1,1,2,2,2,_ga_HFS94B3LXM _ga,,0,0,0,,0,0,3,41,1319,3167,31.08,14,24,3,27,14,0,0,ninguno,3,35,5,Google Tag Manager Google Analytics,,nginx/1.30.1,,generator: WordPress 6.8.2 WordPress,2026-08-16T04:13:29.623Z
93,EC,1,residencial,ecuador,UArtes,EC,https://www.uartes.edu.ec,true,,Universidad de las Artes - Universidad de las Artes,es-ES,1,1,2,2,2,_ga_8044E6TKJB _ga,CookieYes,0,0,0,,0,0,5,43,2416,4454,17.8,12,17,14,27,16,0,0,ninguno,3,12,6,Google Tag Manager Google Analytics,,Apache/2.4.37 (AlmaLinux) OpenSSL/1.1.1k mod_fcgid/2.3.9,,"generator: Elementor 4.2.2; features: e_font_icon_svg, additional_custom_breakpoints; setti WordPress",2026-08-16T04:13:37.000Z
94,EC,1,residencial,ecuador,Amawtay Wasi,EC,https://uaw.edu.ec,true,,Inicio UAW - Universidad Amawtay Wasi,es,1,1,2,0,0,,,0,0,0,,0,0,5,32,1394,3313,22.96,5,24,3,31,1,0,0,ninguno,4,26,3,,,cloudflare,Cloudflare,generator: WordPress 7.0.4 WordPress SharePoint,2026-08-16T04:13:44.762Z
95,EC,1,residencial,ecuador,USECIPOL,EC,https://usecipol.edu.ec,true,,USECIPOL | Universidad de Seguridad Ciudadana y Ciencias Policiales,es,1,1,0,0,0,,,0,0,0,,0,0,1,4,539,649,7.42,0,0,4,4,0,0,0,AA,2,8,10,Google Ads,,,,,2026-08-16T04:13:52.300Z
96,EC,1,residencial,ecuador,IAEN,EC,https://www.iaen.edu.ec,true,,INICIO - Universidad de Posgrado del Estado,es,1,1,6,2,5,YSC VISITOR_INFO1_LIVE VISITOR_PRIVACY_METADATA __Secure-YNID __Secure-ROLLOUT_TOKEN,,0,0,0,,0,0,3,5,1178,2791,4.24,2,1,2,3,0,0,2,ninguno,4,29,18,Google Ads,,nginx,,generator: WordPress 7.0.2 WordPress,2026-08-16T04:14:00.058Z
97,EC,1,residencial,ecuador,UASB,EC,https://www.uasb.edu.ec,true,,Universidad Andina Simón Bolívar - Bienvenidos al nuevo portal,es,1,1,79,17,33,_gcl_au _ga_8G7C03T250 _gid _gat_gtag_UA_64150728_1 pys_session_limit pys_start_session pys_first_visit pysTrafficSource pys_landing_page _fbp _ga_T68NNTWDMD _ga IDE _ttp _tt_enable_cookie _ttp _twpid li_sugr lidc ttcsid ttcsid_CHMIO1JC77UCDSLJ1P00 personalization_id UserMatchHistory AnalyticsSyncHistory bcookie muc_ads receive-cookie-deprecation receive-cookie-deprecation bscookie TapAd_TS TapAd_DID receive-cookie-deprecation TapAd_3WAY_SYNCS,IAB-TCF,1,0,0,,0,0,6,41,1095,2166,37.44,30,8,3,23,14,0,4,ninguno,2,56,48,Google Tag Manager Meta Google Analytics ContentSquare,,Apache,,generator: Powered by WPBakery Page Builder - drag and drop page builder for WordPress. WordPress,2026-08-16T04:14:07.471Z
98,EC,1,residencial,ecuador,FLACSO,EC,https://www.flacso.edu.ec,true,,Inicio | FLACSO Ecuador :: Universidad Latinoamericana de Postgrado Líder en Ciencias Sociales,es,1,1,5,4,4,_ga_KVZM8KVKWH _ga _gid _gat,CookieYes,0,0,0,,0,0,6,114,968,2231,117.77,30,69,15,90,22,0,2,ninguno,3,25,7,Google Analytics Google Tag Manager,,cloudflare,Cloudflare,generator: Drupal 8 (https://www.drupal.org) Drupal,2026-08-16T04:14:14.385Z
99,EC,1,residencial,ecuador,PUCE,EC,https://www.puce.edu.ec,true,,Pontificia Universidad Católica del Ecuador | PUCE - Quito,es,1,1,30,15,29,_ttp li_sugr lidc _ga bcookie _gcl_au _ga_1TG94HC9HF _tt_enable_cookie _ttp _fbp _ga_H8JQ0KWN0K UserMatchHistory AnalyticsSyncHistory test_cookie ttcsid ttcsid_D0MGCJBC77U2LS75RK60 CLID bscookie _clck _hjSessionUser_4991704 _hjSession_4991704 _clsk MUID MR SRM_B SM MUID MR ANONCHK,,0,0,0,,0,0,5,31,762,1682,40.68,12,12,7,15,16,0,0,ninguno,3,32,28,Hotjar Google Analytics Google Tag Manager Meta,,Apache/2.4.37 (Oracle Linux) OpenSSL/1.1.1g,,generator: WordPress 6.7.7 WordPress,2026-08-16T04:14:23.865Z
100,EC,1,residencial,ecuador,UCSG,EC,https://www.ucsg.edu.ec,true,,UCSG – Universidad Católica de Santiago de Guayaquil,es,1,1,14,3,10,sbjs_migrations sbjs_current_add sbjs_first_add sbjs_current sbjs_first sbjs_udata sbjs_session _fbp _ga_Z1DV026L7M _ga,Complianz,1,0,0,,0,0,4,10,5954,14745,1.68,7,2,1,2,8,0,0,ninguno,2,7,11,Meta Google Tag Manager Google Analytics,,nginx,,generator: WordPress 7.0.2 WordPress,2026-08-16T04:14:31.706Z
101,EC,1,residencial,ecuador,UCACUE,EC,https://www.ucacue.edu.ec,true,,Universidad Católica de Cuenca - UCACUE - Universidad Católica de Cuenca,es,1,1,28,15,23,_ttp _tt_enable_cookie _ttp _ga_MSV6X9XSF1 _ga pys_session_limit pys_start_session pys_first_visit pysTrafficSource pys_landing_page _fbp ttcsid ttcsid_CG9OMIBC77U573C8UFI0 CLID _clck _clsk MUID MR SRM_B SM MUID MR ANONCHK,,1,0,0,,0,0,6,38,1366,2715,27.82,16,5,17,17,10,0,11,ninguno,6,54,25,Meta Google Tag Manager Google Analytics,,nginx,,generator: Powered by WPBakery Page Builder - drag and drop page builder for WordPress. WordPress,2026-08-16T04:14:44.556Z
102,EC,1,residencial,ecuador,ULVR,EC,https://www.ulvr.edu.ec,true,,ULVR – Universidad Laica Vicente Rocafuerte de Guayaquil,es,1,1,1,0,0,,,0,0,0,,0,0,2,13,758,1306,17.15,11,2,0,2,11,0,0,ninguno,2,11,6,Google Ads,,cloudflare,Cloudflare,generator: WordPress 7.0.4 WordPress,2026-08-16T04:14:52.498Z
103,EC,1,residencial,ecuador,UTPL,EC,https://www.utpl.edu.ec,true,,¿Qué programas hay en la UTPL?,es,1,1,13,7,13,_fbp _ga _ga_5W6THEE90T CLID _clck _clsk MUID MR SRM_B SM MUID MR ANONCHK,,0,0,0,,0,0,6,35,947,1303,36.96,9,1,25,30,3,0,2,ninguno,4,13,12,Meta Google Tag Manager Google Analytics,,Apache,,,2026-08-16T04:14:59.852Z
104,EC,1,residencial,ecuador,UTE,EC,https://ute.edu.ec,true,,"Universidad UTE - La mejor Universidad del Ecuador | Posgrado, Grado, ...",es,1,1,0,0,0,,,0,0,0,,0,0,3,29,2710,6442,10.7,9,5,15,20,9,0,0,ninguno,3,44,4,,,Apache/2.4.64 (Ubuntu),,generator: WordPress 6.8.5 WordPress,2026-08-16T04:15:09.772Z
105,EC,1,residencial,ecuador,UDA,EC,https://www.uazuay.edu.ec,true,,Universidad del Azuay,es,1,1,2,2,2,_hjSessionUser_3811066 _hjSession_3811066,,1,0,0,,0,0,4,31,1303,3455,23.79,13,12,6,19,12,0,0,ninguno,5,64,10,Meta Hotjar,,nginx,,generator: Universidad del Azuay Drupal,2026-08-16T04:15:17.587Z
106,EC,1,residencial,ecuador,UPS,EC,https://www.ups.edu.ec,true,,Universidad Politécnica Salesiana | UPS Ecuador - UPS,es-ES,1,1,116,16,27,_gid _gat __Secure-YNID YSC __Secure-ROLLOUT_TOKEN VISITOR_INFO1_LIVE VISITOR_PRIVACY_METADATA _gcl_au _ttp _ga_G3SXTJRVXE _ga CLID _tt_enable_cookie _ttp _fbp ttcsid ttcsid_D3BC0N3C77U8DNM9Q7J0 IDE _clck _clsk MUID MR SRM_B SM MUID MR ANONCHK,,0,0,0,,0,0,4,10,2483,6312,4.03,10,0,0,5,2,0,3,ninguno,3,12,34,Google Tag Manager Google Analytics Meta,,nginx/1.16.1,,Liferay,2026-08-16T04:15:24.985Z
107,EC,1,residencial,ecuador,UISEK,EC,https://uisek.edu.ec,true,,UISEK - Ecuador,es,1,1,23,12,20,_ttp _tt_enable_cookie _ttp _gid _gat_gtag_UA_120295323_1 _gat_UA-27018080-1 _fbp li_sugr bcookie lidc UserMatchHistory AnalyticsSyncHistory bscookie _ga_ES4V2WR0X1 _gcl_au _ga_XJR5CJJLR4 _ga IDE ttcsid ttcsid_CITCNNJC77U9QO6OHPDG,,0,0,0,,0,0,5,28,1119,2052,25.02,18,10,0,11,11,0,6,ninguno,3,6,25,Google Tag Manager Google Analytics Meta,,,,generator: WordPress 6.8.8 WordPress,2026-08-16T04:16:53.892Z
108,EC,1,residencial,ecuador,UEES,EC,https://uees.edu.ec,true,,UEES - Universidad Espíritu Santo - Ecuador,es-EC,1,1,45,21,40,YSC VISITOR_INFO1_LIVE VISITOR_PRIVACY_METADATA _gcl_au _ttp _ga_RG4RVWE64Q _gid _gat_UA-172180399-2 _gat_UA-217409406-3 _fbp _ga_T4TERSTX4G _ga li_sugr bcookie lidc CLID _tt_enable_cookie _ttp __Secure-YNID __Secure-ROLLOUT_TOKEN _twpid IDE personalization_id muc_ads UserMatchHistory AnalyticsSyncHistory bscookie _ga_STV75W996F _ga_KMEPWM9403 _clck _clsk ttcsid_CLPOE1BC77U6SG2AL6P0 ttcsid MUID MR SRM_B SM MUID MR ANONCHK,,0,0,0,,0,0,4,31,891,1651,34.79,6,8,17,26,5,0,0,ninguno,0,0,39,Google Tag Manager Google Analytics Meta,,volt-adc,,"generator: Powered by Slider Revolution 6.6.20 - responsive, Mobile-Friendly Slider Plugin  WordPress",2026-08-16T04:17:08.006Z
109,EC,1,residencial,ecuador,USFQ,EC,https://www.usfq.edu.ec,true,,Inicio | Universidad San Francisco de Quito - Ecuador,es,1,1,3,3,3,_ga_G80CBJM3N2 _ga _fbp,,0,0,0,,0,0,6,54,2013,5344,26.83,4,16,34,51,2,0,1,ninguno,4,15,14,Meta Google Tag Manager Google Ads Google Analytics,,nginx,Fastly/Varnish,generator: Drupal 10 (https://www.drupal.org) Drupal,2026-08-16T04:17:16.928Z
110,EC,1,residencial,ecuador,UDLA,EC,https://www.udla.edu.ec,true,,"UDLA | Educación Superior de calidad en Quito, Ecuador | UDLA",es,1,1,11,0,0,,Cookiebot IAB-TCF,0,0,0,,0,0,6,50,1442,1887,34.67,14,7,29,37,6,0,7,ninguno,2,5,8,Google Tag Manager Google Ads,,nginx/1.18.0 (Ubuntu),,Drupal,2026-08-16T04:17:27.847Z
111,EC,1,residencial,ecuador,UIDE,EC,https://www.uide.edu.ec,true,,Universidad Internacional del Ecuador,es,1,1,24,7,20,_uetsid _uetvid li_sugr bcookie lidc MUID MR _pin_unauth UserMatchHistory AnalyticsSyncHistory bscookie CLID _clck _clsk MR SRM_B SM MUID MR ANONCHK,CookieYes,1,0,0,,0,0,10,44,3213,7808,13.69,30,11,3,7,21,0,16,ninguno,4,100,20,Pinterest Google Tag Manager Google Ads,,Apache/2.4.62 (AlmaLinux) OpenSSL/3.5.1,,generator: WordPress 6.8.3 WordPress,2026-08-16T04:17:36.460Z
112,EC,1,residencial,ecuador,UNIANDES,EC,https://www.uniandes.edu.ec,true,,Uniandes | Universidad Regional Autónoma de los Andes,es,1,1,0,0,0,,,0,0,0,,0,0,4,20,1471,3736,13.6,7,13,0,11,7,0,2,ninguno,4,68,2,,,Apache,,generator: WordPress 7.0.4 WordPress,2026-08-16T04:17:44.476Z
113,EC,1,residencial,ecuador,UPACÍFICO,EC,https://upacifico.edu.ec,true,,UPACIFICO Ecuador. Formación Universitaria de calidad,es,1,1,5,4,4,_gcl_au _ga_4DXVYNQP5Y _ga test_cookie,,0,0,0,,0,0,2,25,1444,2127,17.31,4,21,0,21,4,0,0,ninguno,4,69,13,Google Tag Manager Google Analytics,,HTTPd,,generator: WordPress 6.9 WordPress SharePoint,2026-08-16T04:17:53.483Z
114,EC,1,residencial,ecuador,UTI,EC,https://www.indoamerica.edu.ec,true,,"Universidad Indoamérica | Carreras, Posgrados e Innovación EducativaPostula a nuestras carreras de grado y programas de posgrado -",es,1,1,27,19,24,_ttp pys_session_limit pys_start_session pys_first_visit pysTrafficSource pys_landing_page _fbp _gcl_au _ga_0G8LBGW2QF _ga_TY4XSDKKNQ _ga_WHTF7DF7Q5 _cs_c _cs_id _cs_s _hjSessionUser_3201143 _hjSession_3201143 _ga _gid _gat_gtag_UA_245920016_1 test_cookie _tt_enable_cookie _ttp ttcsid ttcsid_CMJC33JC77UEKGPKFH10,,0,0,0,,0,0,5,20,1859,4968,10.76,9,10,1,8,12,0,0,ninguno,5,49,20,Google Tag Manager Meta Google Analytics Hotjar ContentSquare,,Apache,,generator: Site Kit by Google 1.176.0 WordPress,2026-08-16T04:18:01.490Z
115,EC,1,residencial,ecuador,Casa Grande,EC,https://www.casagrande.edu.ec,true,,Inicio | Universidad Casa Grande,es,1,1,6,5,5,_gcl_au _ga_9X04C12TB4 _ga _fbp test_cookie,,0,0,0,,0,0,1,10,992,1213,10.08,0,0,10,10,0,0,0,AA,2,5,14,Google Tag Manager Meta YouTube Google Analytics,,cloudflare,Cloudflare,Moodle,2026-08-16T04:18:09.541Z
116,EC,1,residencial,ecuador,UTEG,EC,https://www.uteg.edu.ec,true,,Universidad Tecnológica Empresarial de Guayaquil | UTEG,es-ES,1,1,33,16,27,li_sugr bcookie lidc UserMatchHistory AnalyticsSyncHistory pys_session_limit pys_start_session pys_first_visit pysTrafficSource pys_landing_page bscookie __Secure-YNID YSC __Secure-ROLLOUT_TOKEN VISITOR_INFO1_LIVE VISITOR_PRIVACY_METADATA _fbp _ttp _tt_enable_cookie _ttp ttcsid ttcsid_CMLB0CRC77UEKGPKHU00 _gcl_au _ga_EKSTCSW9KY _ga _ga_KFLDP9KP0S test_cookie,CookieScript,1,1,0,,0,0,7,32,3428,6554,9.33,16,9,7,22,9,0,1,ninguno,5,164,27,Meta Google Tag Manager Google Analytics,,cloudflare,Cloudflare,generator: WordPress 7.0.4 WordPress,2026-08-16T04:18:21.703Z
117,EC,1,residencial,ecuador,UISRAEL,EC,https://www.uisrael.edu.ec,true,,UISRAEL – Universidad Tecnológica Israel,es,1,1,15,10,10,_ga_V27RS2GGDQ _ga _gcl_au pys_session_limit pys_start_session pys_first_visit pysTrafficSource pys_landing_page _fbp test_cookie,Complianz,1,1,1,AT BE BG CH CY CZ DE DK EE ES FI FR GB GR HR HU IE IS IT LI LT LU LV MT NL NO PL PT RO SE SI SK,0,0,6,78,1708,2508,45.67,16,47,15,68,9,0,1,ninguno,5,12,15,Meta Google Tag Manager TikTok Google Analytics,,cloudflare,Cloudflare,generator: Site Kit by Google 1.174.0 WordPress SharePoint,2026-08-16T04:18:30.697Z
118,EC,1,residencial,ecuador,UDET,EC,https://www.udet.edu.ec,true,,INICIO - UDET,es,1,1,5,5,5,_ga_XNE2Q2CKBY _gid _gat_gtag_UA_214964925_1 _ga_EJ3V1JB3S2 _ga,,0,0,0,,0,0,6,36,790,1798,45.57,15,8,13,21,11,0,4,ninguno,3,34,7,Google Tag Manager Google Analytics Google Ads,,hcdn,,generator: All in One SEO (AIOSEO) 4.2.8  WordPress,2026-08-16T04:18:38.657Z
119,EC,1,residencial,ecuador,UMET,EC,https://umet.edu.ec,true,,Universidad Metropolitana • Universidad Metropolitana,es-EC,1,1,11,5,5,_ga _ga_2J1L9P1VMY _gcl_au _fbp test_cookie,,0,0,0,,0,0,3,20,2220,4840,9.01,2,12,6,18,2,0,0,ninguno,2,54,11,Meta Google Tag Manager Google Analytics,,Apache,,generator: WordPress 6.8.8 WordPress,2026-08-16T04:18:50.349Z
120,EC,1,residencial,ecuador,U. Otavalo,EC,https://www.uotavalo.edu.ec,true,,Universidad de Otavalo,es,1,1,2,0,0,,,1,0,0,,0,0,2,8,1287,3194,6.22,2,0,6,6,0,0,2,ninguno,4,16,5,,,Apache/2.4.62 (AlmaLinux) OpenSSL/3.5.5,,generator: WordPress 7.0.4 WordPress,2026-08-16T04:18:58.312Z
121,EC,1,residencial,ecuador,USGP,EC,https://www.sangregorio.edu.ec,true,,Universidad San Gregorio de Portoviejo,es,1,1,19,7,12,_ttp __Secure-YNID YSC __Secure-ROLLOUT_TOKEN VISITOR_INFO1_LIVE VISITOR_PRIVACY_METADATA _tt_enable_cookie _ttp _gcl_au ttcsid ttcsid_CPCA7BBC77U09VQADIEG test_cookie,,0,0,0,,0,0,9,34,816,2222,41.67,12,11,11,22,8,0,4,ninguno,2,54,21,Google Tag Manager,,nginx,,,2026-08-16T04:19:06.161Z
122,EC,1,residencial,ecuador,U. Hemisferios,EC,https://www.uhemisferios.edu.ec,true,,UHE | Carreras presenciales y online | Quito,es,1,1,24,9,12,_ga_ZFRLYLC1Y6 _ga _gid _gat_UA-134045233-1 _fbp _gcl_au test_cookie __Secure-YNID YSC __Secure-ROLLOUT_TOKEN VISITOR_INFO1_LIVE VISITOR_PRIVACY_METADATA,CookieYes,1,0,0,,0,0,5,77,5002,10056,15.39,54,12,11,23,53,0,1,ninguno,5,116,33,Meta Google Tag Manager Google Analytics,,cloudflare,Cloudflare,generator: All in One SEO Pro (AIOSEO) 5.0.0.1 WordPress,2026-08-16T04:19:16.911Z
123,EC,1,residencial,ecuador,UNIB.E,EC,https://unibe.edu.ec,true,,UNIB.E,es,1,1,0,0,0,,,0,0,0,,0,0,4,16,2192,3346,7.3,9,7,0,7,5,0,4,ninguno,1,517,6,,,nginx,,generator: WordPress 7.0.4 WordPress,2026-08-16T04:19:26.278Z
124,EC,1,residencial,ecuador,ECOTEC,EC,https://ecotec.edu.ec,true,,"Universidad en Ecuador — Grado, Posgrado y Online | ECOTEC",es-EC,1,1,5,4,4,_gcl_au test_cookie _ga_MFVR4S8MFR _ga,Complianz,1,0,0,,0,0,2,33,924,1683,35.71,0,6,27,33,0,0,0,A,4,58,16,ContentSquare Google Tag Manager Meta Google Analytics,,Apache/2.4.67 (Debian),,generator: WP Rocket 3.23.1.1 WordPress,2026-08-16T04:19:33.401Z
125,EC,1,residencial,ecuador,UDR,EC,https://udr.edu.ec,true,,Universidad Del Río,es-ES,1,1,4,4,4,_ga_5HXBYBZBNB _ga _ga_8F7QTS9R25 _ga_WQNLTBSK8V,,0,0,0,,0,0,2,24,458,1079,52.4,15,9,0,0,24,0,0,ninguno,3,40,5,Google Analytics Google Tag Manager,,Apache/2.4.58 (Ubuntu),,generator: WordPress 4.7.35 WordPress,2026-08-16T04:19:40.652Z
126,EC,1,residencial,ecuador,UBE,EC,https://ube.edu.ec,true,,Inicio - UBE,en,1,1,1,0,0,,,1,0,0,,0,0,5,35,1244,3184,28.14,10,10,15,29,5,0,1,ninguno,3,8,7,,,Apache/2.4.58 (Ubuntu),,,2026-08-16T04:19:54.443Z