id,group,abbr,criterion,act_rule,element_n,tag,selector,accessible_name,name_source,css_width,css_height,outcome,justification,evaluator_code,date
7,mundo,UC Berkeley,1.1.1,qt1vmo,2,img,div.title > h1 > a.logo > img,UC Berkeley home,alt,144,27,cumple,Verificado contra la imagen: el nombre sirve un proposito equivalente al contenido no textual.,R03,2026-09-08
7,mundo,UC Berkeley,1.1.1,qt1vmo,3,img,div.column > div.column__image > div.bg-image-wrap > img,A photo of a researcher in a white lab coat and hairnet sitting at a desk looking into a large microscope.,alt,718,479,cumple,Verificado contra la imagen: el nombre sirve un proposito equivalente al contenido no textual.,R03,2026-09-08
7,mundo,UC Berkeley,1.1.1,qt1vmo,4,img,div.column > div.column__image > div.bg-image-wrap > img,A scientist wearing a blue lab coat that reads,alt,718,479,falla,"El texto alternativo termina a mitad de frase (""...blue lab coat that reads ""), de modo que no entrega el dato que anuncia: lo que se lee en la bata. Verificado en el codigo fuente de la pagina.",R03,2026-09-08
7,mundo,UC Berkeley,1.1.1,qt1vmo,5,img,div.column > div.column__image > div.bg-image-wrap > img,"Jennifer Doudna, in a white lab coat, points at computer screen while speaking to a student in her biochemistry lab at the Innovative Genomics Institute",alt,718,479,cumple,Verificado contra la imagen: el nombre sirve un proposito equivalente al contenido no textual.,R03,2026-09-08
7,mundo,UC Berkeley,1.1.1,qt1vmo,14,img,div.column > div.column__image > div.bg-image-wrap > img,"students congregate on a lawn in groups and one holds a large flag that says Cal. The Campanile is in the background, along with other campus buildings",alt,718,479,cumple,Verificado contra la imagen: el nombre sirve un proposito equivalente al contenido no textual.,R03,2026-09-08
7,mundo,UC Berkeley,1.1.1,qt1vmo,15,img,div.column > div.column__image > div.bg-image-wrap > img,interior of a large law library with many books and large tables for studying,alt,718,479,cumple,Verificado contra la imagen: el nombre sirve un proposito equivalente al contenido no textual.,R03,2026-09-08
7,mundo,UC Berkeley,1.1.1,qt1vmo,16,img,div.column > div.column__image > div.bg-image-wrap > img,Long exposure image with a focused Sather Gate and blurred individuals walking through it,alt,718,479,cumple,Verificado contra la imagen: el nombre sirve un proposito equivalente al contenido no textual.,R03,2026-09-08
7,mundo,UC Berkeley,1.1.1,qt1vmo,21,img,div.content-container > div.component > a.logo > img,UC Berkeley,alt,200,37,cumple,Verificado contra la imagen: el nombre sirve un proposito equivalente al contenido no textual.,R03,2026-09-08
14,mundo,UCL,1.1.1,qt1vmo,1,img,div.header__top > div.header__top-container > a.header__link > img,UCL Logo,alt,144,64,cumple,Verificado contra la imagen: el nombre sirve un proposito equivalente al contenido no textual.,R03,2026-09-08
14,mundo,UCL,1.1.1,qt1vmo,21,img,div.homepage-hero__media > div.media > picture > img,Illuminated portico for UCL 200 event,alt,756,480,cumple,Verificado contra la imagen: el nombre sirve un proposito equivalente al contenido no textual.,R03,2026-09-08
14,mundo,UCL,1.1.1,qt1vmo,26,img,div.base-card__image > div.media > picture > img,UCL open days info stands,alt,330,221,cumple,Verificado contra la imagen: el nombre sirve un proposito equivalente al contenido no textual.,R03,2026-09-08
14,mundo,UCL,1.1.1,qt1vmo,28,img,div.base-card__image > div.media > picture > img,One-to-one meeting student and adviser,alt,330,221,cumple,Verificado contra la imagen: el nombre sirve un proposito equivalente al contenido no textual.,R03,2026-09-08
14,mundo,UCL,1.1.1,qt1vmo,30,img,div.base-card > div.base-card__container > div.base-card__image > img.funnelback-image,UK pupils’ performance bucks international decline,alt,330,220,cumple,Verificado contra la imagen: el nombre sirve un proposito equivalente al contenido no textual.,R03,2026-09-08
14,mundo,UCL,1.1.1,qt1vmo,32,img,div.base-card > div.base-card__container > div.base-card__image > img.funnelback-image,‘Super elastic’ springs used in world-first baby surgery,alt,330,220,cumple,Verificado contra la imagen: el nombre sirve un proposito equivalente al contenido no textual.,R03,2026-09-08
14,mundo,UCL,1.1.1,qt1vmo,34,img,div.base-card > div.base-card__container > div.base-card__image > img.funnelback-image,Breast cancer survivors could avoid lifelong heart medication,alt,330,220,cumple,Verificado contra la imagen: el nombre sirve un proposito equivalente al contenido no textual.,R03,2026-09-08
14,mundo,UCL,1.1.1,qt1vmo,37,img,div.spotlight__image > div.media > picture > img,UCL Portico Feb 26,alt,596,397,cumple,Verificado contra la imagen: el nombre sirve un proposito equivalente al contenido no textual.,R03,2026-09-08
14,mundo,UCL,1.1.1,qt1vmo,38,img,div.base-card > div.base-card__container > div.base-card__image > img.funnelback-image,First patient in live AI-assisted sight-saving brain surgery,alt,330,220,cumple,Verificado contra la imagen: el nombre sirve un proposito equivalente al contenido no textual.,R03,2026-09-08
14,mundo,UCL,1.1.1,qt1vmo,40,img,div.base-card > div.base-card__container > div.base-card__image > img.funnelback-image,Novel treatment for motor neurone disease to be trialled in humans,alt,330,220,cumple,Verificado contra la imagen: el nombre sirve un proposito equivalente al contenido no textual.,R03,2026-09-08
14,mundo,UCL,1.1.1,qt1vmo,42,img,div.base-card > div.base-card__container > div.base-card__image > img.funnelback-image,Solar windows could harvest energy from sun and indoor light,alt,330,220,cumple,Verificado contra la imagen: el nombre sirve un proposito equivalente al contenido no textual.,R03,2026-09-08
14,mundo,UCL,1.1.1,qt1vmo,45,img,div.spotlight__image > div.media > picture > img,UCL portico Bazaar and Fete 1909,alt,596,397,cumple,Verificado contra la imagen: el nombre sirve un proposito equivalente al contenido no textual.,R03,2026-09-08
14,mundo,UCL,1.1.1,qt1vmo,46,img,div.whats-on-item > div.whats-on-item__image-container > div.whats-on-item__image > img.funnelback-image,"Broken, Burnt, Buried: Ritual Lives of Objects in Ancient Egypt",alt,153,101,cumple,Verificado contra la imagen: el nombre sirve un proposito equivalente al contenido no textual.,R03,2026-09-08
14,mundo,UCL,1.1.1,qt1vmo,47,img,div.whats-on-item > div.whats-on-item__image-container > div.whats-on-item__image > img.funnelback-image,"Broken, Burnt, Buried: Ritual Lives of Objects in Ancient Egypt",alt,153,101,cumple,Verificado contra la imagen: el nombre sirve un proposito equivalente al contenido no textual.,R03,2026-09-08
14,mundo,UCL,1.1.1,qt1vmo,48,img,div.whats-on-item > div.whats-on-item__image-container > div.whats-on-item__image > img.funnelback-image,The Land Carries,alt,153,101,cumple,Verificado contra la imagen: el nombre sirve un proposito equivalente al contenido no textual.,R03,2026-09-08
14,mundo,UCL,1.1.1,qt1vmo,49,img,div.base-card > div.base-card__container > div.base-card__image > img.funnelback-image,UCL academics elected as Fellows of the Academy of Social Sciences,alt,330,220,falla,El nombre es un titular sobre academicos elegidos miembros de una academia; la imagen muestra una escultura del bicentenario. No hay correspondencia.,R03,2026-09-08
14,mundo,UCL,1.1.1,qt1vmo,51,img,div.base-card > div.base-card__container > div.base-card__image > img.funnelback-image,UCL academics awarded prestigious EU grants,alt,330,220,cumple,Verificado contra la imagen: el nombre sirve un proposito equivalente al contenido no textual.,R03,2026-09-08
14,mundo,UCL,1.1.1,qt1vmo,53,img,div.base-card > div.base-card__container > div.base-card__image > img.funnelback-image,UCL academics awarded Royal Society prizes,alt,330,220,cumple,Verificado contra la imagen: el nombre sirve un proposito equivalente al contenido no textual.,R03,2026-09-08
14,mundo,UCL,1.1.1,qt1vmo,56,img,div.base-card__image > div.media > picture > img,Faces of UCL visual,alt,330,220,cumple,Verificado contra la imagen: el nombre sirve un proposito equivalente al contenido no textual.,R03,2026-09-08
14,mundo,UCL,1.1.1,qt1vmo,58,img,div.base-card__image > div.media > picture > img,The Bridge podcast - visual (black),alt,330,220,cumple,Verificado contra la imagen: el nombre sirve un proposito equivalente al contenido no textual.,R03,2026-09-08
14,mundo,UCL,1.1.1,qt1vmo,60,img,div.base-card__image > div.media > picture > img,UCL Grand Challenges Disruptive Voices Podcast graphic,alt,330,220,cumple,Verificado contra la imagen: el nombre sirve un proposito equivalente al contenido no textual.,R03,2026-09-08
14,mundo,UCL,1.1.1,qt1vmo,62,img,div.base-card__image > div.media > picture > img,Bee on a flower,alt,330,220,cumple,Verificado contra la imagen: el nombre sirve un proposito equivalente al contenido no textual.,R03,2026-09-08
14,mundo,UCL,1.1.1,qt1vmo,72,img,div.pre-footer-card__image > div.media > picture > img,UCL top of Wilkins building with autumn leaves,alt,330,221,cumple,Verificado contra la imagen: el nombre sirve un proposito equivalente al contenido no textual.,R03,2026-09-08
14,mundo,UCL,1.1.1,qt1vmo,73,img,div.pre-footer-card__image > div.media > picture > img,QS World University Rankings Sustainability 2026 logo,alt,330,221,cumple,Verificado contra la imagen: el nombre sirve un proposito equivalente al contenido no textual.,R03,2026-09-08
14,mundo,UCL,1.1.1,qt1vmo,74,img,div.pre-footer-card__image > div.media > picture > img,UCL 2025 year in review collage,alt,330,221,cumple,Verificado contra la imagen: el nombre sirve un proposito equivalente al contenido no textual.,R03,2026-09-08
14,mundo,UCL,1.1.1,qt1vmo,75,img,div.footer__menu-container > div.footer__information > div.footer__logo > img,UCL Logo,alt,135,35,cumple,Verificado contra la imagen: el nombre sirve un proposito equivalente al contenido no textual.,R03,2026-09-08
15,mundo,Cornell,1.1.1,qt1vmo,10,img,div.marquee-mask > div.marquee > span.marquee-item > img.marquee-img,Matthew LeRoux talks with Bill Morse of Bottomland Farm at the East Hill Plaza Farmers’ Market.,alt,756,425,cumple,Verificado contra la imagen: el nombre sirve un proposito equivalente al contenido no textual.,R03,2026-09-08
15,mundo,Cornell,1.1.1,qt1vmo,11,img,div.slide-mask > div.slideshow > a.grid-box > img.image-replace,Gautam Hans and Laura Riley.,alt,395,222,cumple,Verificado contra la imagen: el nombre sirve un proposito equivalente al contenido no textual.,R03,2026-09-08
15,mundo,Cornell,1.1.1,qt1vmo,12,img,div.slide-mask > div.slideshow > a.grid-box > img.image-replace,Visitors learning about birds at Migration Celebration.,alt,395,222,cumple,Verificado contra la imagen: el nombre sirve un proposito equivalente al contenido no textual.,R03,2026-09-08
15,mundo,Cornell,1.1.1,qt1vmo,23,img,a.socialmedia-grid-link > div.socialmedia-grid > div.socialmedia-item > img,"Cornell's Song of the Vowels statue, as seen through leafty trees with students walking along a path on the Cornell Arts Quad behind it.",alt,345,345,cumple,Verificado contra la imagen: el nombre sirve un proposito equivalente al contenido no textual.,R03,2026-09-08
15,mundo,Cornell,1.1.1,qt1vmo,24,img,a.socialmedia-grid-link > div.socialmedia-grid > div.socialmedia-item > img,"A crowded lecture hall at Cornell University, with students paying close attention.",alt,170,170,cumple,Verificado contra la imagen: el nombre sirve un proposito equivalente al contenido no textual.,R03,2026-09-08
15,mundo,Cornell,1.1.1,qt1vmo,25,img,a.socialmedia-grid-link > div.socialmedia-grid > div.socialmedia-item > img,Cornellians attend class outside and are sitting in a circle. One individual in the middle is talking. A laptop can be seen in the foreground.,alt,170,170,cumple,Verificado contra la imagen: el nombre sirve un proposito equivalente al contenido no textual.,R03,2026-09-08
15,mundo,Cornell,1.1.1,qt1vmo,26,img,a.socialmedia-grid-link > div.socialmedia-grid > div.socialmedia-item > img,"Cornellians walk along a path near Cornell's Ho Plaza, with Cornell's McGraw Tower seen in the distance.",alt,345,170,cumple,Verificado contra la imagen: el nombre sirve un proposito equivalente al contenido no textual.,R03,2026-09-08
15,mundo,Cornell,1.1.1,qt1vmo,31,img,#campaignCoverImg,Ezra Cornell statue imposed over a red background in front of a large floating letter C (for Cornell). Text in the background says 'to do the greatest good' and is in Ezra Cornell's actual handwriting.,alt,756,324,cumple,Verificado contra la imagen: el nombre sirve un proposito equivalente al contenido no textual.,R03,2026-09-08
15,mundo,Cornell,1.1.1,qt1vmo,32,img,li.ftr-item > div.ftr-item-campaign > a > img,To do he greatest good: The Campaign for Cornell University,alt,291,106,cumple,Verificado contra la imagen: el nombre sirve un proposito equivalente al contenido no textual.,R03,2026-09-08
22,mundo,NUS,1.1.1,qt1vmo,1,img,div.row > div.col-6 > a.navbar-brand > img,NUS,alt,66,30,cumple,Verificado contra la imagen: el nombre sirve un proposito equivalente al contenido no textual.,R03,2026-09-08
22,mundo,NUS,1.1.1,qt1vmo,6,img,div.owl-item > div > a > img.img-responsive,University Awards: Recognising excellence,alt,756,709,cumple,Verificado contra la imagen: el nombre sirve un proposito equivalente al contenido no textual.,R03,2026-09-08
22,mundo,NUS,1.1.1,qt1vmo,7,img,div.item > div > a.hover > img.img-responsive,What the Straits of Malacca and Singapore can teach the world about international cooperation,alt,696,392,cumple,Verificado contra la imagen: el nombre sirve un proposito equivalente al contenido no textual.,R03,2026-09-08
22,mundo,NUS,1.1.1,qt1vmo,8,img,div.item > div > a.hover > img.img-responsive,Fostering an AI-fluent generation: NUS equips students to use AI well,alt,696,392,cumple,Verificado contra la imagen: el nombre sirve un proposito equivalente al contenido no textual.,R03,2026-09-08
22,mundo,NUS,1.1.1,qt1vmo,9,img,div.item > div > a.hover > img.img-responsive,Three NUS trailblazers honoured with nation’s top research accolades,alt,696,392,cumple,Verificado contra la imagen: el nombre sirve un proposito equivalente al contenido no textual.,R03,2026-09-08
22,mundo,NUS,1.1.1,qt1vmo,10,img,div.item > div > a.hover > img.img-responsive,STMicroelectronics and NUS launch Corporate Lab to power the future of Edge AI in Singapore,alt,696,392,cumple,Verificado contra la imagen: el nombre sirve un proposito equivalente al contenido no textual.,R03,2026-09-08
22,mundo,NUS,1.1.1,qt1vmo,15,img,div.container > div.row > div > img.img-responsive,NUS President,alt,696,263,cumple,Verificado contra la imagen: el nombre sirve un proposito equivalente al contenido no textual.,R03,2026-09-08
22,mundo,NUS,1.1.1,qt1vmo,17,img,div.owl-item > div > a.hover > img,Volunteering with TriGen,alt,244,244,cumple,Verificado contra la imagen: el nombre sirve un proposito equivalente al contenido no textual.,R03,2026-09-08
22,mundo,NUS,1.1.1,qt1vmo,18,img,div.owl-item > div > a.hover > img,NUS Law Bicentennial Lecture,alt,244,244,cumple,Verificado contra la imagen: el nombre sirve un proposito equivalente al contenido no textual.,R03,2026-09-08
22,mundo,NUS,1.1.1,qt1vmo,19,img,div.owl-item > div > a.hover > img,Sounds of NUS,alt,244,244,cumple,Verificado contra la imagen: el nombre sirve un proposito equivalente al contenido no textual.,R03,2026-09-08
22,mundo,NUS,1.1.1,qt1vmo,20,img,div.owl-item > div > a.hover > img,Soft robots,alt,244,244,cumple,Verificado contra la imagen: el nombre sirve un proposito equivalente al contenido no textual.,R03,2026-09-08
22,mundo,NUS,1.1.1,qt1vmo,21,img,div.owl-item > div > a.hover > img,Experiential learning journeys to the Singapore Courts,alt,244,244,cumple,Verificado contra la imagen: el nombre sirve un proposito equivalente al contenido no textual.,R03,2026-09-08
22,mundo,NUS,1.1.1,qt1vmo,22,img,div.row > div.col-md-6 > a.hover > img.img-responsive,The problem with separate MMR vaccines,alt,359,202,cumple,Verificado contra la imagen: el nombre sirve un proposito equivalente al contenido no textual.,R03,2026-09-08
22,mundo,NUS,1.1.1,qt1vmo,23,img,div.row > div.col-md-6 > a.hover > img.img-responsive,"When it comes to land use, Singapore keeps some options open",alt,359,202,cumple,Verificado contra la imagen: el nombre sirve un proposito equivalente al contenido no textual.,R03,2026-09-08
29,mundo,Northwestern,1.1.1,qt1vmo,2,img,div.news-callout > div.wrap > div.image > img,The Garage,alt,315,204,falla,"El nombre rotula la seccion o da un sustantivo suelto, pero no transmite lo que la fotografia muestra.",R03,2026-09-08
29,mundo,Northwestern,1.1.1,qt1vmo,3,img,div.swiper-wrapper > div.swiper-slide > a > img,Lab work,alt,352,229,falla,"El nombre rotula la seccion o da un sustantivo suelto, pero no transmite lo que la fotografia muestra.",R03,2026-09-08
29,mundo,Northwestern,1.1.1,qt1vmo,4,img,div.swiper-wrapper > div.swiper-slide > a > img,The Q,alt,352,229,falla,"El nombre rotula la seccion o da un sustantivo suelto, pero no transmite lo que la fotografia muestra.",R03,2026-09-08
29,mundo,Northwestern,1.1.1,qt1vmo,5,img,div.swiper-wrapper > div.swiper-slide > a > img,Laptop,alt,352,229,falla,"El nombre rotula la seccion o da un sustantivo suelto, pero no transmite lo que la fotografia muestra.",R03,2026-09-08
29,mundo,Northwestern,1.1.1,qt1vmo,6,img,div.swiper-wrapper > div.swiper-slide > a > img,Child,alt,352,229,falla,"El nombre rotula la seccion o da un sustantivo suelto, pero no transmite lo que la fotografia muestra.",R03,2026-09-08
29,mundo,Northwestern,1.1.1,qt1vmo,7,img,div.swiper-wrapper > div.swiper-slide > a > img,Campus Reading Program,alt,352,229,cumple,Verificado contra la imagen: el nombre sirve un proposito equivalente al contenido no textual.,R03,2026-09-08
29,mundo,Northwestern,1.1.1,qt1vmo,8,img,div.swiper-wrapper > div.swiper-slide > a > img,Thriving Planet,alt,352,229,falla,"El nombre rotula la seccion o da un sustantivo suelto, pero no transmite lo que la fotografia muestra.",R03,2026-09-08
29,mundo,Northwestern,1.1.1,qt1vmo,13,img,div.swiper-wrapper > div.swiper-slide > a > img,purple gloved hands pouring a solution into a glass bottle,alt,228,166,cumple,Verificado contra la imagen: el nombre sirve un proposito equivalente al contenido no textual.,R03,2026-09-08
29,mundo,Northwestern,1.1.1,qt1vmo,14,img,div.swiper-wrapper > div.swiper-slide > a > img,two students studying looking at a laptop screen,alt,228,166,cumple,Verificado contra la imagen: el nombre sirve un proposito equivalente al contenido no textual.,R03,2026-09-08
29,mundo,Northwestern,1.1.1,qt1vmo,15,img,div.swiper-wrapper > div.swiper-slide > a > img,four students in a classroom working together,alt,228,166,cumple,Verificado contra la imagen: el nombre sirve un proposito equivalente al contenido no textual.,R03,2026-09-08
29,mundo,Northwestern,1.1.1,qt1vmo,16,img,div.swiper-wrapper > div.swiper-slide > a > img,solar farm with solar panels,alt,228,166,cumple,Verificado contra la imagen: el nombre sirve un proposito equivalente al contenido no textual.,R03,2026-09-08
29,mundo,Northwestern,1.1.1,qt1vmo,17,img,div.swiper-wrapper > div.swiper-slide > a > img,"orchestra performing with conductor, string instruments",alt,228,166,cumple,Verificado contra la imagen: el nombre sirve un proposito equivalente al contenido no textual.,R03,2026-09-08
29,mundo,Northwestern,1.1.1,qt1vmo,18,img,div.swiper-wrapper > div.swiper-slide > a > img,professor teaching a class,alt,228,166,cumple,Verificado contra la imagen: el nombre sirve un proposito equivalente al contenido no textual.,R03,2026-09-08
29,mundo,Northwestern,1.1.1,qt1vmo,19,img,div.swiper-wrapper > div.swiper-slide > a > img,two women talking,alt,228,166,cumple,Verificado contra la imagen: el nombre sirve un proposito equivalente al contenido no textual.,R03,2026-09-08
29,mundo,Northwestern,1.1.1,qt1vmo,20,img,div.swiper-wrapper > div.swiper-slide > a > img,students sitting outside on lawn chairs,alt,228,166,cumple,Verificado contra la imagen: el nombre sirve un proposito equivalente al contenido no textual.,R03,2026-09-08
29,mundo,Northwestern,1.1.1,qt1vmo,21,img,div.swiper-wrapper > div.swiper-slide > a > img,students talking in a party,alt,228,166,cumple,Verificado contra la imagen: el nombre sirve un proposito equivalente al contenido no textual.,R03,2026-09-08
29,mundo,Northwestern,1.1.1,qt1vmo,22,img,div.swiper-wrapper > div.swiper-slide > a > img,four individuals from various NU departments talking on stage,alt,228,166,cumple,Verificado contra la imagen: el nombre sirve un proposito equivalente al contenido no textual.,R03,2026-09-08
29,mundo,Northwestern,1.1.1,qt1vmo,23,img,div.swiper-wrapper > div.swiper-slide > a > img,student athletes running on a soccer field,alt,228,166,cumple,Verificado contra la imagen: el nombre sirve un proposito equivalente al contenido no textual.,R03,2026-09-08
29,mundo,Northwestern,1.1.1,qt1vmo,24,img,div.swiper-slide > div.wrap > div.image > img,Northwestern soccer players Nigel Prince and Reesebl Mayer in black jerseys,alt,552,368,cumple,Verificado contra la imagen: el nombre sirve un proposito equivalente al contenido no textual.,R03,2026-09-08
29,mundo,Northwestern,1.1.1,qt1vmo,25,img,div.swiper-slide > div.wrap > div.image > img,a group of students  in front of Norris University Center smiling and cheering,alt,552,368,cumple,Verificado contra la imagen: el nombre sirve un proposito equivalente al contenido no textual.,R03,2026-09-08
29,mundo,Northwestern,1.1.1,qt1vmo,26,img,div.swiper-slide > div.wrap > div.image > img,people preparing colorful sailboats on a sandy beach.,alt,552,368,cumple,Verificado contra la imagen: el nombre sirve un proposito equivalente al contenido no textual.,R03,2026-09-08
29,mundo,Northwestern,1.1.1,qt1vmo,27,img,div.swiper-slide > div.wrap > div.image > img,"Greta Lee with dark hair and colorful makeup leans on her hands, framed by a vintage puppet theater.",alt,552,368,cumple,Verificado contra la imagen: el nombre sirve un proposito equivalente al contenido no textual.,R03,2026-09-08
29,mundo,Northwestern,1.1.1,qt1vmo,28,img,div.swiper-slide > div.wrap > div.image > img,students dancing in 2024 Dance Marathon,alt,552,368,cumple,Verificado contra la imagen: el nombre sirve un proposito equivalente al contenido no textual.,R03,2026-09-08
29,mundo,Northwestern,1.1.1,qt1vmo,29,img,div.swiper-slide > div.wrap > div.image > img,lecture in the Block Museum of Art,alt,552,368,cumple,Verificado contra la imagen: el nombre sirve un proposito equivalente al contenido no textual.,R03,2026-09-08
29,mundo,Northwestern,1.1.1,qt1vmo,30,img,div.swiper-slide > div.wrap > div.image > img,Andrew Papachristos standing with arms crossed in front of a map,alt,552,368,cumple,Verificado contra la imagen: el nombre sirve un proposito equivalente al contenido no textual.,R03,2026-09-08
29,mundo,Northwestern,1.1.1,qt1vmo,31,img,div.swiper-slide > div.wrap > div.image > img,two students smiling,alt,552,368,cumple,Verificado contra la imagen: el nombre sirve un proposito equivalente al contenido no textual.,R03,2026-09-08
29,mundo,Northwestern,1.1.1,qt1vmo,32,img,div.swiper-slide > div.wrap > div.image > img,two people in a room with a green screen. One wears a VR headset; the other holds a cable.,alt,552,368,cumple,Verificado contra la imagen: el nombre sirve un proposito equivalente al contenido no textual.,R03,2026-09-08
29,mundo,Northwestern,1.1.1,qt1vmo,33,img,section > div.social-media-cards > a.card > img,students being photographed holding up a first day of class sign,alt,232,277,cumple,Verificado contra la imagen: el nombre sirve un proposito equivalente al contenido no textual.,R03,2026-09-08
29,mundo,Northwestern,1.1.1,qt1vmo,34,img,section > div.social-media-cards > a.card > img,students forming the Northwestern N and 2028 on a playing field,alt,232,277,cumple,Verificado contra la imagen: el nombre sirve un proposito equivalente al contenido no textual.,R03,2026-09-08
29,mundo,Northwestern,1.1.1,qt1vmo,35,img,section > div.social-media-cards > a.card > img,lab worker handling a human brain,alt,232,277,cumple,Verificado contra la imagen: el nombre sirve un proposito equivalente al contenido no textual.,R03,2026-09-08
40,mundo,Manchester,1.1.1,qt1vmo,2,img,#logo,The University of Manchester home,alt,169,71,cumple,Verificado contra la imagen: el nombre sirve un proposito equivalente al contenido no textual.,R03,2026-09-08
40,mundo,Manchester,1.1.1,qt1vmo,17,img,section.uom-l-stack > div.uom-c-feature > picture.uom-c-picture > img.uom-c-feature__media,People smiling at a University event.,alt,756,540,cumple,Verificado contra la imagen: el nombre sirve un proposito equivalente al contenido no textual.,R03,2026-09-08
40,mundo,Manchester,1.1.1,qt1vmo,19,img,div.uom-l-stack > div.uom-l-reel-grid > a.uom-c-news-card > img.uom-c-news-card__image,A student stood in John Rylands.,alt,280,391,cumple,Verificado contra la imagen: el nombre sirve un proposito equivalente al contenido no textual.,R03,2026-09-08
40,mundo,Manchester,1.1.1,qt1vmo,20,img,div.uom-l-stack > div.uom-l-reel-grid > a.uom-c-news-card > img.uom-c-news-card__image,A graphic reading '1st in the world'.,alt,280,391,cumple,Verificado contra la imagen: el nombre sirve un proposito equivalente al contenido no textual.,R03,2026-09-08
40,mundo,Manchester,1.1.1,qt1vmo,21,img,div.uom-l-stack > div.uom-l-reel-grid > a.uom-c-news-card > img.uom-c-news-card__image,People sat around a canal going through Manchester city centre.,alt,280,391,cumple,Verificado contra la imagen: el nombre sirve un proposito equivalente al contenido no textual.,R03,2026-09-08
40,mundo,Manchester,1.1.1,qt1vmo,23,img,main.uom-wrapper > div.uom-l-stack > section.uom-co-campaign-banner > img,Manchester graduate Ben,alt,341,473,cumple,Verificado contra la imagen: el nombre sirve un proposito equivalente al contenido no textual.,R03,2026-09-08
40,mundo,Manchester,1.1.1,qt1vmo,24,img,div.uom-l-stack > div.uom-l-stack > p.uom-c-eyebrow > img,Challenge accepted,alt,260,48,cumple,Verificado contra la imagen: el nombre sirve un proposito equivalente al contenido no textual.,R03,2026-09-08
40,mundo,Manchester,1.1.1,qt1vmo,26,img,body.uom-home > main.uom-wrapper > picture > img,Whitworth Building and Manchester Museum,alt,756,332,cumple,Verificado contra la imagen: el nombre sirve un proposito equivalente al contenido no textual.,R03,2026-09-08
40,mundo,Manchester,1.1.1,qt1vmo,36,img,ul > li > a.socialMediaLinks > img,LinkedIn page for The University of Manchester,alt,44,44,cumple,Verificado contra la imagen: el nombre sirve un proposito equivalente al contenido no textual.,R03,2026-09-08
40,mundo,Manchester,1.1.1,qt1vmo,37,img,ul > li > a.socialMediaLinks > img,Instagram page for The University of Manchester,alt,44,44,cumple,Verificado contra la imagen: el nombre sirve un proposito equivalente al contenido no textual.,R03,2026-09-08
40,mundo,Manchester,1.1.1,qt1vmo,38,img,ul > li > a.socialMediaLinks > img,YouTube page for The University of Manchester,alt,44,44,cumple,Verificado contra la imagen: el nombre sirve un proposito equivalente al contenido no textual.,R03,2026-09-08
40,mundo,Manchester,1.1.1,qt1vmo,39,img,ul > li > a.socialMediaLinks > img,TikTok page for The University of Manchester,alt,44,44,cumple,Verificado contra la imagen: el nombre sirve un proposito equivalente al contenido no textual.,R03,2026-09-08
40,mundo,Manchester,1.1.1,qt1vmo,40,img,ul > li > a.socialMediaLinks > img,Facebook page for The University of Manchester,alt,44,44,cumple,Verificado contra la imagen: el nombre sirve un proposito equivalente al contenido no textual.,R03,2026-09-08
40,mundo,Manchester,1.1.1,qt1vmo,41,img,ul > li > a.socialMediaLinks > img,Bluesky page for The University of Manchester,alt,44,44,cumple,Verificado contra la imagen: el nombre sirve un proposito equivalente al contenido no textual.,R03,2026-09-08
58,mundo,HKUST,1.1.1,qt1vmo,1,img,div.header__wrapper > div.header__logo > div.field > img,HKUST 35A,alt,160,30,cumple,Verificado contra la imagen: el nombre sirve un proposito equivalente al contenido no textual.,R03,2026-09-08
58,mundo,HKUST,1.1.1,qt1vmo,2,img,div.header__wrapper > div.header__logo > div.field > img,HKUST 35A,alt,160,30,cumple,Verificado contra la imagen: el nombre sirve un proposito equivalente al contenido no textual.,R03,2026-09-08
58,mundo,HKUST,1.1.1,qt1vmo,3,img,div.header__wrapper > div.header__logo > div.field > img,HKUST 35A,alt,160,30,cumple,Verificado contra la imagen: el nombre sirve un proposito equivalente al contenido no textual.,R03,2026-09-08
58,mundo,HKUST,1.1.1,qt1vmo,4,img,div.header__wrapper > div.header__logo > div.field > img,HKUST 35A,alt,160,30,cumple,Verificado contra la imagen: el nombre sirve un proposito equivalente al contenido no textual.,R03,2026-09-08
58,mundo,HKUST,1.1.1,qt1vmo,12,img,div.home-slider__slide > div.home-slider__slide--background > picture > img,HKUST 35A KV,alt,756,425,cumple,Verificado contra la imagen: el nombre sirve un proposito equivalente al contenido no textual.,R03,2026-09-08
58,mundo,HKUST,1.1.1,qt1vmo,13,img,div.home-slider__slide > div.home-slider__slide--background > picture > img,"Prof. Bert SHI, Antonino COSTA and Jeff KWAN",alt,756,425,cumple,Verificado contra la imagen: el nombre sirve un proposito equivalente al contenido no textual.,R03,2026-09-08
58,mundo,HKUST,1.1.1,qt1vmo,14,img,div.home-slider__slide > div.home-slider__slide--background > picture > img,HKUST ranks #33 worldwide in QS World University Rankings 2027,alt,756,425,cumple,Verificado contra la imagen: el nombre sirve un proposito equivalente al contenido no textual.,R03,2026-09-08
58,mundo,HKUST,1.1.1,qt1vmo,15,img,div.home-slider__slide > div.home-slider__slide--background > picture > img,"HKUST Hosts ""Fire Up Your Year"" Orientation Carnival to Welcome the 2026/27 Academic Year",alt,756,425,cumple,Verificado contra la imagen: el nombre sirve un proposito equivalente al contenido no textual.,R03,2026-09-08
58,mundo,HKUST,1.1.1,qt1vmo,16,img,div.home-slider__slide > div.home-slider__slide--background > picture > img,HKUST Impact Ratings 2026,alt,756,425,cumple,Verificado contra la imagen: el nombre sirve un proposito equivalente al contenido no textual.,R03,2026-09-08
58,mundo,HKUST,1.1.1,qt1vmo,17,img,div.home-slider__slide > div.home-slider__slide--background > picture > img,HKUST Charts a Roadmap for Agentic 7G AI-Powered Wireless Networks,alt,756,425,cumple,Verificado contra la imagen: el nombre sirve un proposito equivalente al contenido no textual.,R03,2026-09-08
58,mundo,HKUST,1.1.1,qt1vmo,18,img,div.home-slider__slide > div.home-slider__slide--background > picture > img,HKUST-Nurtured Startups Triumph at the HICOOL 2026 Global Entrepreneur Summit and Entrepreneurship Competition,alt,756,425,cumple,Verificado contra la imagen: el nombre sirve un proposito equivalente al contenido no textual.,R03,2026-09-08
58,mundo,HKUST,1.1.1,qt1vmo,19,img,div.home-slider__slide > div.home-slider__slide--background > picture > img,https://hkust.edu.hk/news/hkust-receives-governments-approval-establishing-new-medical-school,alt,756,425,falla,El nombre accesible es una direccion web; una URL no sirve un proposito equivalente al contenido no textual.,R03,2026-09-08
58,mundo,HKUST,1.1.1,qt1vmo,20,img,div.home-slider__slide > div.home-slider__slide--background > picture > img,Times Higher Education Global Employability University Ranking 2026,alt,756,425,cumple,Verificado contra la imagen: el nombre sirve un proposito equivalente al contenido no textual.,R03,2026-09-08
58,mundo,HKUST,1.1.1,qt1vmo,21,img,div.home-slider__slide > div.home-slider__slide--background > picture > img,HKUST Commences Preparations for NEW MEDICAL SCHOOL,alt,756,425,cumple,Verificado contra la imagen: el nombre sirve un proposito equivalente al contenido no textual.,R03,2026-09-08
58,mundo,HKUST,1.1.1,qt1vmo,22,img,span.field-content > div.news-item > div.news-item__thumbnail > img.image-style-hkust-home-news,HKUST Launches Mandatory AI Common Core Program to Nurture Future Leaders Comprehensive Scholarships to Attract Top Talent,alt,706,471,cumple,Verificado contra la imagen: el nombre sirve un proposito equivalente al contenido no textual.,R03,2026-09-08
58,mundo,HKUST,1.1.1,qt1vmo,23,img,span.field-content > div.news-item > div.news-item__thumbnail > img.image-style-hkust-home-news,HKUST-Nurtured Startups Triumph at the HICOOL 2026 Global Entrepreneur Summit and Entrepreneurship Competition,alt,706,471,cumple,Verificado contra la imagen: el nombre sirve un proposito equivalente al contenido no textual.,R03,2026-09-08
58,mundo,HKUST,1.1.1,qt1vmo,24,img,span.field-content > div.news-item > div.news-item__thumbnail > img.image-style-hkust-home-news,"HKUST Tops Hong Kong Universities with More Than 1,000 HKPFS Recipients",alt,706,471,cumple,Verificado contra la imagen: el nombre sirve un proposito equivalente al contenido no textual.,R03,2026-09-08
58,mundo,HKUST,1.1.1,qt1vmo,25,img,div.home-ranking > div.home-ranking__wrapper > div.home-ranking__bg > img.home-ranking__bg--img,facts_bg,alt,756,1325,cumple,Verificado contra la imagen: el nombre sirve un proposito equivalente al contenido no textual.,R03,2026-09-08
58,mundo,HKUST,1.1.1,qt1vmo,26,img,div.paragraph > div.home-first > div.home-first__bg-image > img,hkust firsts background,alt,756,677,cumple,Verificado contra la imagen: el nombre sirve un proposito equivalente al contenido no textual.,R03,2026-09-08
58,mundo,HKUST,1.1.1,qt1vmo,27,img,div.home-first > div.home-first__wrapper > div.home-first__text-image > img,first,alt,200,47,cumple,Verificado contra la imagen: el nombre sirve un proposito equivalente al contenido no textual.,R03,2026-09-08
58,mundo,HKUST,1.1.1,qt1vmo,28,img,span.field-content > div.first-news-item > div.first-news-item__image > img.image-style-hkust-home-first,HKUST Develops World's First AI Slide-Free Pathology Imaging System,alt,301,200,cumple,Verificado contra la imagen: el nombre sirve un proposito equivalente al contenido no textual.,R03,2026-09-08
58,mundo,HKUST,1.1.1,qt1vmo,29,img,span.field-content > div.first-news-item > div.first-news-item__image > img.image-style-hkust-home-first,World’s First Lightweight High Resolution High Precision CO₂ and CH₄ Point Source Detector “MUSICO” Arrives at Tiangong Space Station via Tianzhou-10,alt,301,200,cumple,Verificado contra la imagen: el nombre sirve un proposito equivalente al contenido no textual.,R03,2026-09-08
58,mundo,HKUST,1.1.1,qt1vmo,30,img,span.field-content > div.first-news-item > div.first-news-item__image > img.image-style-hkust-home-first,Photo 1,alt,301,200,cumple,Verificado contra la imagen: el nombre sirve un proposito equivalente al contenido no textual.,R03,2026-09-08
58,mundo,HKUST,1.1.1,qt1vmo,31,img,span.field-content > div.first-news-item > div.first-news-item__image > img.image-style-hkust-home-first,"Prof. Hu Wenqi (right), his postgraduate student Chen Xi (left), and other research team members at HKUST develop the world's first bio-inspired artificial cilia system, advancing breakthroughs in medical and microrobotics applications.",alt,301,200,cumple,Verificado contra la imagen: el nombre sirve un proposito equivalente al contenido no textual.,R03,2026-09-08
58,mundo,HKUST,1.1.1,qt1vmo,32,img,span.field-content > div.first-news-item > div.first-news-item__image > img.image-style-hkust-home-first,group photo,alt,301,200,cumple,Verificado contra la imagen: el nombre sirve un proposito equivalente al contenido no textual.,R03,2026-09-08
58,mundo,HKUST,1.1.1,qt1vmo,33,img,span.field-content > div.first-news-item > div.first-news-item__image > img.image-style-hkust-home-first,Dr. Shen Xinyi (center) holds his certified all-vacuum-deposited perovskite solar cell with Prof. Lin Yen-Hung (left) and Dr. Fion Yeung (right).,alt,301,200,cumple,Verificado contra la imagen: el nombre sirve un proposito equivalente al contenido no textual.,R03,2026-09-08
58,mundo,HKUST,1.1.1,qt1vmo,34,img,span.field-content > div.first-news-item > div.first-news-item__image > img.image-style-hkust-home-first,"HKUST Develops World’s First Sub-Zero Celsius Elastocaloric Green Freezer, Reshaping Freezing Industry with its Zero Emissions",alt,301,200,cumple,Verificado contra la imagen: el nombre sirve un proposito equivalente al contenido no textual.,R03,2026-09-08
58,mundo,HKUST,1.1.1,qt1vmo,35,img,span.field-content > div.first-news-item > div.first-news-item__image > img.image-style-hkust-home-first,Deep-Sea Multi-Omics Resource Platform,alt,301,200,cumple,Verificado contra la imagen: el nombre sirve un proposito equivalente al contenido no textual.,R03,2026-09-08
58,mundo,HKUST,1.1.1,qt1vmo,36,svg,#Layer_1,.st0{fill:none;stroke:#CC9900;stroke-width:55;stroke-linecap:round;stroke-linejoin:round;} .st1{clip-path:url(#SVGID_00000120528766183025778980000004212692483794008448_);fill:none;stroke:#CC9900;stroke-width:55;stroke-linecap:round;stroke-linejoin:round;} .st2{clip-path:url(#SVGID_00000033359226881078764230000000270830281838994049_);fill:none;stroke:#CC9900;stroke-width:55;stroke-linecap:round;stroke-linejoin:round;} .st3{clip-path:url(#SVGID_00000034779095163036372700000015368412799842241667_);fill:none;stroke:#CC9900;stroke-width:55;stroke-linecap:round;stroke-linejoin:round;} .st4{clip-path:url(#SVGID_00000152948081283141966850000014582099007709508270_);fill:none;stroke:#CC9900;stroke-width:55;stroke-linecap:round;stroke-linejoin:round;} .st5{clip-path:url(#SVGID_00000114781979593263241400000002230681127890612127_);fill:none;stroke:#CC9900;stroke-width:55;stroke-linecap:round;stroke-linejoin:round;} .st6{clip-path:url(#SVGID_00000093877201229590025550000015255825841876214461_);fill:none;stroke:#CC9900;stroke-width:55;stroke-linecap:round;stroke-linejoin:round;} .st7{clip-path:url(#SVGID_00000059276360178841607050000010767795574737065390_);fill:none;stroke:#CC9900;stroke-width:55;stroke-linecap:round;stroke-linejoin:round;} .st8{clip-path:url(#SVGID_00000122682808457875439760000000278470977172611731_);fill:none;stroke:#CC9900;stroke-width:55;stroke-linecap:round;stroke-linejoin:round;} .st9{clip-path:url(#SVGID_00000026847776957354755600000012457419052014176172_);fill:none;stroke:#CC9900;stroke-width:55;stroke-linecap:round;stroke-linejoin:round;} .st10{clip-path:url(#SVGID_00000155128426782703892770000001087398355476316801_);fill:none;stroke:#CC9900;stroke-width:55;stroke-linecap:round;stroke-linejoin:round;},otro,340,140,falla,"El nombre accesible es una regla CSS filtrada desde el interior del svg, no una descripcion del contenido.",R03,2026-09-08
58,mundo,HKUST,1.1.1,qt1vmo,46,img,span.field-content > div.home-awards-item > div.home-awards-item__bg > img.home-awards__mobile-image,Prof. Haipeng LU,alt,220,220,cumple,Verificado contra la imagen: el nombre sirve un proposito equivalente al contenido no textual.,R03,2026-09-08
58,mundo,HKUST,1.1.1,qt1vmo,48,img,span.field-content > div.home-awards-item > div.home-awards-item__bg > img.home-awards__mobile-image,Prof. Bo LI,alt,220,220,cumple,Verificado contra la imagen: el nombre sirve un proposito equivalente al contenido no textual.,R03,2026-09-08
58,mundo,HKUST,1.1.1,qt1vmo,50,img,span.field-content > div.home-awards-item > div.home-awards-item__bg > img.home-awards__mobile-image,Prof. LI Mo,alt,220,220,cumple,Verificado contra la imagen: el nombre sirve un proposito equivalente al contenido no textual.,R03,2026-09-08
58,mundo,HKUST,1.1.1,qt1vmo,52,img,span.field-content > div.home-awards-item > div.home-awards-item__bg > img.home-awards__mobile-image,PetWell HK Limited - Sabrina CHU,alt,220,220,cumple,Verificado contra la imagen: el nombre sirve un proposito equivalente al contenido no textual.,R03,2026-09-08
58,mundo,HKUST,1.1.1,qt1vmo,53,img,div.container > div.home-sustain__description > div.home-sustain__logo > img,sustainable development goals,alt,227,120,cumple,Verificado contra la imagen: el nombre sirve un proposito equivalente al contenido no textual.,R03,2026-09-08
58,mundo,HKUST,1.1.1,qt1vmo,54,img,div.home-sustain__slider--slide > div.home-sustain__item > div.home-sustain__item--bg > img,SDG 1,alt,706,225,falla,El nombre accesible reproduce el nombre del fichero de imagen; no describe su contenido.,R03,2026-09-08
58,mundo,HKUST,1.1.1,qt1vmo,55,img,div.home-sustain__slider--slide > div.home-sustain__item > div.home-sustain__item--bg > img,SDG 2,alt,706,40,falla,El nombre accesible reproduce el nombre del fichero de imagen; no describe su contenido.,R03,2026-09-08
58,mundo,HKUST,1.1.1,qt1vmo,56,img,div.home-sustain__slider--slide > div.home-sustain__item > div.home-sustain__item--bg > img,SDG 3,alt,706,40,falla,El nombre accesible reproduce el nombre del fichero de imagen; no describe su contenido.,R03,2026-09-08
58,mundo,HKUST,1.1.1,qt1vmo,57,img,div.home-sustain__slider--slide > div.home-sustain__item > div.home-sustain__item--bg > img,SDG 4,alt,706,40,falla,El nombre accesible reproduce el nombre del fichero de imagen; no describe su contenido.,R03,2026-09-08
58,mundo,HKUST,1.1.1,qt1vmo,58,img,div.home-sustain__slider--slide > div.home-sustain__item > div.home-sustain__item--bg > img,SDG 5,alt,706,40,falla,El nombre accesible reproduce el nombre del fichero de imagen; no describe su contenido.,R03,2026-09-08
58,mundo,HKUST,1.1.1,qt1vmo,59,img,div.home-sustain__slider--slide > div.home-sustain__item > div.home-sustain__item--bg > img,SDG 6,alt,706,40,falla,El nombre accesible reproduce el nombre del fichero de imagen; no describe su contenido.,R03,2026-09-08
58,mundo,HKUST,1.1.1,qt1vmo,60,img,div.home-sustain__slider--slide > div.home-sustain__item > div.home-sustain__item--bg > img,SDG 7,alt,706,225,falla,El nombre accesible reproduce el nombre del fichero de imagen; no describe su contenido.,R03,2026-09-08
58,mundo,HKUST,1.1.1,qt1vmo,61,img,div.home-sustain__slider--slide > div.home-sustain__item > div.home-sustain__item--bg > img,SDG 9,alt,706,40,falla,El nombre accesible reproduce el nombre del fichero de imagen; no describe su contenido.,R03,2026-09-08
58,mundo,HKUST,1.1.1,qt1vmo,62,img,div.home-sustain__slider--slide > div.home-sustain__item > div.home-sustain__item--bg > img,SDG 9,alt,706,40,cumple,Verificado contra la imagen: el nombre sirve un proposito equivalente al contenido no textual.,R03,2026-09-08
58,mundo,HKUST,1.1.1,qt1vmo,63,img,div.home-sustain__slider--slide > div.home-sustain__item > div.home-sustain__item--bg > img,SDG 10,alt,706,40,falla,El nombre accesible reproduce el nombre del fichero de imagen; no describe su contenido.,R03,2026-09-08
58,mundo,HKUST,1.1.1,qt1vmo,64,img,div.home-sustain__slider--slide > div.home-sustain__item > div.home-sustain__item--bg > img,SDG 11,alt,706,40,falla,El nombre accesible reproduce el nombre del fichero de imagen; no describe su contenido.,R03,2026-09-08
58,mundo,HKUST,1.1.1,qt1vmo,65,img,div.home-sustain__slider--slide > div.home-sustain__item > div.home-sustain__item--bg > img,SDG 12,alt,706,40,falla,El nombre accesible reproduce el nombre del fichero de imagen; no describe su contenido.,R03,2026-09-08
58,mundo,HKUST,1.1.1,qt1vmo,66,img,div.home-sustain__slider--slide > div.home-sustain__item > div.home-sustain__item--bg > img,SDG 13,alt,706,225,falla,El nombre accesible reproduce el nombre del fichero de imagen; no describe su contenido.,R03,2026-09-08
58,mundo,HKUST,1.1.1,qt1vmo,67,img,div.home-sustain__slider--slide > div.home-sustain__item > div.home-sustain__item--bg > img,SDG 14,alt,706,40,falla,El nombre accesible reproduce el nombre del fichero de imagen; no describe su contenido.,R03,2026-09-08
58,mundo,HKUST,1.1.1,qt1vmo,68,img,div.home-sustain__slider--slide > div.home-sustain__item > div.home-sustain__item--bg > img,SDG 15,alt,706,40,falla,El nombre accesible reproduce el nombre del fichero de imagen; no describe su contenido.,R03,2026-09-08
58,mundo,HKUST,1.1.1,qt1vmo,69,img,div.home-sustain__slider--slide > div.home-sustain__item > div.home-sustain__item--bg > img,SDG 16,alt,706,40,falla,El nombre accesible reproduce el nombre del fichero de imagen; no describe su contenido.,R03,2026-09-08
58,mundo,HKUST,1.1.1,qt1vmo,70,img,div.home-sustain__slider--slide > div.home-sustain__item > div.home-sustain__item--bg > img,SDG 17,alt,706,40,falla,El nombre accesible reproduce el nombre del fichero de imagen; no describe su contenido.,R03,2026-09-08
58,mundo,HKUST,1.1.1,qt1vmo,80,img,div.footer__privacy > div.footer__logo > div.field > img,HKUST,alt,112,36,cumple,Verificado contra la imagen: el nombre sirve un proposito equivalente al contenido no textual.,R03,2026-09-08
58,mundo,HKUST,1.1.1,qt1vmo,81,img,div.footer__awards > a.footer__awards-image-link > div.footer__awards-image > img,usthk,alt,90,26,cumple,Verificado contra la imagen: el nombre sirve un proposito equivalente al contenido no textual.,R03,2026-09-08
58,mundo,HKUST,1.1.1,qt1vmo,82,img,div.footer__awards > a.footer__awards-image-link > div.footer__awards-image > img,Digital Accessibility Recognition Scheme,alt,83,60,cumple,Verificado contra la imagen: el nombre sirve un proposito equivalente al contenido no textual.,R03,2026-09-08
58,mundo,HKUST,1.1.1,qt1vmo,83,img,div.footer__awards > a.footer__awards-image-link > div.footer__awards-image > img,Digital Accessibility Recognition Scheme,alt,83,60,cumple,Verificado contra la imagen: el nombre sirve un proposito equivalente al contenido no textual.,R03,2026-09-08
58,mundo,HKUST,1.1.1,qt1vmo,84,img,div.footer__awards > a.footer__awards-image-link > div.footer__awards-image > img,Caring Organization Award,alt,90,47,cumple,Verificado contra la imagen: el nombre sirve un proposito equivalente al contenido no textual.,R03,2026-09-08
83,ecuador,UNESUM,1.1.1,qt1vmo,48,div,div.elementor-main-swiper > div.swiper-wrapper > div.swiper-slide > div.elementor-carousel-image,Movilidad Emovies 2026,aria-label,174,600,cumple,Verificado contra la imagen: el nombre sirve un proposito equivalente al contenido no textual.,R03,2026-09-08
83,ecuador,UNESUM,1.1.1,qt1vmo,49,div,div.swiper-wrapper > div.swiper-slide > a > div.elementor-carousel-image,CalendarioAcademicoPI2026,aria-label,174,600,falla,El nombre accesible reproduce el nombre del fichero de imagen; no describe su contenido.,R03,2026-09-08
83,ecuador,UNESUM,1.1.1,qt1vmo,50,div,div.swiper-wrapper > div.swiper-slide > a > div.elementor-carousel-image,C.agropecuaria,aria-label,174,600,falla,El nombre accesible reproduce el nombre del fichero de imagen; no describe su contenido.,R03,2026-09-08
83,ecuador,UNESUM,1.1.1,qt1vmo,51,div,div.swiper-wrapper > div.swiper-slide > a > div.elementor-carousel-image,MovilidadUBE,aria-label,174,600,falla,El nombre accesible reproduce el nombre del fichero de imagen; no describe su contenido.,R03,2026-09-08
83,ecuador,UNESUM,1.1.1,qt1vmo,52,div,div.swiper-wrapper > div.swiper-slide > a > div.elementor-carousel-image,Clase ESPE 2026,aria-label,174,600,falla,El nombre accesible reproduce el nombre del fichero de imagen; no describe su contenido.,R03,2026-09-08
83,ecuador,UNESUM,1.1.1,qt1vmo,53,div,div.swiper-wrapper > div.swiper-slide > a > div.elementor-carousel-image,XII Seminario Cientifico,aria-label,174,600,falla,El nombre accesible reproduce el nombre del fichero de imagen; no describe su contenido.,R03,2026-09-08
83,ecuador,UNESUM,1.1.1,qt1vmo,54,div,div.swiper-wrapper > div.swiper-slide > a > div.elementor-carousel-image,Unochapeco Internacional,aria-label,174,600,falla,El nombre accesible reproduce el nombre del fichero de imagen; no describe su contenido.,R03,2026-09-08
83,ecuador,UNESUM,1.1.1,qt1vmo,55,div,div.swiper-wrapper > div.swiper-slide > a > div.elementor-carousel-image,Contador Ecuatoriano,aria-label,174,600,falla,El nombre accesible reproduce el nombre del fichero de imagen; no describe su contenido.,R03,2026-09-08
83,ecuador,UNESUM,1.1.1,qt1vmo,56,div,div.swiper-wrapper > div.swiper-slide > a > div.elementor-carousel-image,Taller Internacional-2,aria-label,174,600,falla,El nombre accesible reproduce el nombre del fichero de imagen; no describe su contenido.,R03,2026-09-08
83,ecuador,UNESUM,1.1.1,qt1vmo,57,div,div.elementor-main-swiper > div.swiper-wrapper > div.swiper-slide > div.elementor-carousel-image,Clases Espejo COIL,aria-label,174,600,falla,El nombre accesible reproduce el nombre del fichero de imagen; no describe su contenido.,R03,2026-09-08
83,ecuador,UNESUM,1.1.1,qt1vmo,58,div,div.swiper-wrapper > div.swiper-slide > a > div.elementor-carousel-image,Realcup2026-1,aria-label,174,600,cumple,Verificado contra la imagen: el nombre sirve un proposito equivalente al contenido no textual.,R03,2026-09-08
83,ecuador,UNESUM,1.1.1,qt1vmo,59,div,div.swiper-wrapper > div.swiper-slide > a > div.elementor-carousel-image,Curso Unochapeco,aria-label,174,600,cumple,Verificado contra la imagen: el nombre sirve un proposito equivalente al contenido no textual.,R03,2026-09-08
83,ecuador,UNESUM,1.1.1,qt1vmo,60,div,div.swiper-wrapper > div.swiper-slide > a > div.elementor-carousel-image,RERCIE,aria-label,174,600,cumple,Verificado contra la imagen: el nombre sirve un proposito equivalente al contenido no textual.,R03,2026-09-08
83,ecuador,UNESUM,1.1.1,qt1vmo,61,div,div.swiper-wrapper > div.swiper-slide > a > div.elementor-carousel-image,II Edicion Galapagos,aria-label,174,600,cumple,Verificado contra la imagen: el nombre sirve un proposito equivalente al contenido no textual.,R03,2026-09-08
83,ecuador,UNESUM,1.1.1,qt1vmo,62,div,div.swiper-wrapper > div.swiper-slide > a > div.elementor-carousel-image,Becas Unir,aria-label,174,600,cumple,Verificado contra la imagen: el nombre sirve un proposito equivalente al contenido no textual.,R03,2026-09-08
83,ecuador,UNESUM,1.1.1,qt1vmo,63,div,div.swiper-wrapper > div.swiper-slide > a > div.elementor-carousel-image,UCAB VIRTUAL,aria-label,174,600,cumple,Verificado contra la imagen: el nombre sirve un proposito equivalente al contenido no textual.,R03,2026-09-08
83,ecuador,UNESUM,1.1.1,qt1vmo,64,div,div.swiper-wrapper > div.swiper-slide > a > div.elementor-carousel-image,Corporacion Universitaria,aria-label,174,600,cumple,Verificado contra la imagen: el nombre sirve un proposito equivalente al contenido no textual.,R03,2026-09-08
83,ecuador,UNESUM,1.1.1,qt1vmo,65,div,div.elementor-main-swiper > div.swiper-wrapper > div.swiper-slide > div.elementor-carousel-image,Movilidad Emovies 2026,aria-label,174,600,cumple,Verificado contra la imagen: el nombre sirve un proposito equivalente al contenido no textual.,R03,2026-09-08
83,ecuador,UNESUM,1.1.1,qt1vmo,66,div,div.swiper-wrapper > div.swiper-slide > a > div.elementor-carousel-image,CalendarioAcademicoPI2026,aria-label,174,600,falla,El nombre accesible reproduce el nombre del fichero de imagen; no describe su contenido.,R03,2026-09-08
83,ecuador,UNESUM,1.1.1,qt1vmo,67,div,div.swiper-wrapper > div.swiper-slide > a > div.elementor-carousel-image,C.agropecuaria,aria-label,174,600,falla,El nombre accesible reproduce el nombre del fichero de imagen; no describe su contenido.,R03,2026-09-08
83,ecuador,UNESUM,1.1.1,qt1vmo,68,div,div.swiper-wrapper > div.swiper-slide > a > div.elementor-carousel-image,MovilidadUBE,aria-label,174,600,falla,El nombre accesible reproduce el nombre del fichero de imagen; no describe su contenido.,R03,2026-09-08
83,ecuador,UNESUM,1.1.1,qt1vmo,87,div,div.swiper-wrapper > div.swiper-slide > a > div.elementor-carousel-image,OUI1,aria-label,243,230,falla,El nombre accesible reproduce el nombre del fichero de imagen; no describe su contenido.,R03,2026-09-08
83,ecuador,UNESUM,1.1.1,qt1vmo,88,div,div.swiper-wrapper > div.swiper-slide > a > div.elementor-carousel-image,REIMA1,aria-label,243,230,falla,El nombre accesible reproduce el nombre del fichero de imagen; no describe su contenido.,R03,2026-09-08
83,ecuador,UNESUM,1.1.1,qt1vmo,89,div,div.swiper-wrapper > div.swiper-slide > a > div.elementor-carousel-image,LaRabida1,aria-label,243,230,falla,El nombre accesible reproduce el nombre del fichero de imagen; no describe su contenido.,R03,2026-09-08
83,ecuador,UNESUM,1.1.1,qt1vmo,90,div,div.swiper-wrapper > div.swiper-slide > a > div.elementor-carousel-image,OUI1,aria-label,243,230,falla,El nombre accesible reproduce el nombre del fichero de imagen; no describe su contenido.,R03,2026-09-08
83,ecuador,UNESUM,1.1.1,qt1vmo,91,div,div.swiper-wrapper > div.swiper-slide > a > div.elementor-carousel-image,REIMA1,aria-label,243,230,falla,El nombre accesible reproduce el nombre del fichero de imagen; no describe su contenido.,R03,2026-09-08
83,ecuador,UNESUM,1.1.1,qt1vmo,92,div,div.swiper-wrapper > div.swiper-slide > a > div.elementor-carousel-image,LaRabida1,aria-label,243,230,falla,El nombre accesible reproduce el nombre del fichero de imagen; no describe su contenido.,R03,2026-09-08
83,ecuador,UNESUM,1.1.1,qt1vmo,93,div,div.swiper-wrapper > div.swiper-slide > a > div.elementor-carousel-image,OUI1,aria-label,243,230,falla,El nombre accesible reproduce el nombre del fichero de imagen; no describe su contenido.,R03,2026-09-08
95,ecuador,USECIPOL,1.1.1,qt1vmo,1,img,a.flex > div.Header-module__y09xea__logoContainer > div.Header-module__y09xea__logoImage > img.h-auto,Usecipol,alt,256,63,cumple,Verificado contra la imagen: el nombre sirve un proposito equivalente al contenido no textual.,R03,2026-09-08
95,ecuador,USECIPOL,1.1.1,qt1vmo,10,img,div.relative > div.relative > div.flex > img.h-20,Escudo de la Universidad de Seguridad Ciudadana y Ciencias Policiales,alt,128,128,cumple,Verificado contra la imagen: el nombre sirve un proposito equivalente al contenido no textual.,R03,2026-09-08
95,ecuador,USECIPOL,1.1.1,qt1vmo,13,img,div > div.relative > div.relative > img.object-contain,Escudo pieza 1,alt,160,160,cumple,Verificado contra la imagen: el nombre sirve un proposito equivalente al contenido no textual.,R03,2026-09-08
95,ecuador,USECIPOL,1.1.1,qt1vmo,14,img,div > div.relative > div.relative > img.object-contain,Escudo pieza 2,alt,160,160,cumple,Verificado contra la imagen: el nombre sirve un proposito equivalente al contenido no textual.,R03,2026-09-08
95,ecuador,USECIPOL,1.1.1,qt1vmo,15,img,div > div.relative > div.relative > img.object-contain,Escudo pieza 3,alt,181,181,cumple,Verificado contra la imagen: el nombre sirve un proposito equivalente al contenido no textual.,R03,2026-09-08
95,ecuador,USECIPOL,1.1.1,qt1vmo,16,img,div > div.relative > div.relative > img.object-contain,Escudo pieza 4,alt,173,173,cumple,Verificado contra la imagen: el nombre sirve un proposito equivalente al contenido no textual.,R03,2026-09-08
95,ecuador,USECIPOL,1.1.1,qt1vmo,17,img,div.relative > div.relative > div.relative > img.object-cover,Rector de USECIPOL,alt,666,666,cumple,Verificado contra la imagen: el nombre sirve un proposito equivalente al contenido no textual.,R03,2026-09-08
95,ecuador,USECIPOL,1.1.1,qt1vmo,18,img,div.relative > div.grid > a.group > img.object-cover,Tercera Asignación de Cupo,alt,346,280,cumple,Verificado contra la imagen: el nombre sirve un proposito equivalente al contenido no textual.,R03,2026-09-08
95,ecuador,USECIPOL,1.1.1,qt1vmo,19,img,div.relative > div.grid > a.group > img.object-cover,Tercera Aceptación de Cupo,alt,346,280,cumple,Verificado contra la imagen: el nombre sirve un proposito equivalente al contenido no textual.,R03,2026-09-08
95,ecuador,USECIPOL,1.1.1,qt1vmo,20,img,div.relative > div.grid > a.group > img.object-cover,Segunda Aceptación de Cupo,alt,346,200,falla,"El nombre dice ""Aceptacion de Cupo""; el cartel dice ""SEGUNDA ASIGNACION DE CUPO"". Son etapas distintas del proceso de admision.",R03,2026-09-08
95,ecuador,USECIPOL,1.1.1,qt1vmo,21,img,div.relative > div.grid > a.group > img.object-cover,Segunda Aceptación de Cupo,alt,346,200,cumple,Verificado contra la imagen: el nombre sirve un proposito equivalente al contenido no textual.,R03,2026-09-08
95,ecuador,USECIPOL,1.1.1,qt1vmo,22,img,div.relative > div.grid > a.group > img.object-cover,Asignación de Cupo,alt,346,200,falla,"El nombre dice ""Asignacion de Cupo""; el cartel dice ""PRIMERA ACEPTACION DE CUPO"". Ademas omite las fechas que el cartel contiene.",R03,2026-09-08
95,ecuador,USECIPOL,1.1.1,qt1vmo,24,img,main > section.relative > div.absolute > img.w-full,Patrón decorativo,alt,756,621,cumple,Verificado contra la imagen: el nombre sirve un proposito equivalente al contenido no textual.,R03,2026-09-08
95,ecuador,USECIPOL,1.1.1,qt1vmo,25,img,div.grid > a.group > div.relative > img.object-cover,Ministerio del Interior,alt,338,256,cumple,Verificado contra la imagen: el nombre sirve un proposito equivalente al contenido no textual.,R03,2026-09-08
95,ecuador,USECIPOL,1.1.1,qt1vmo,26,img,div.grid > a.group > div.relative > img.object-cover,Policía Nacional del Ecuador,alt,338,256,cumple,Verificado contra la imagen: el nombre sirve un proposito equivalente al contenido no textual.,R03,2026-09-08
95,ecuador,USECIPOL,1.1.1,qt1vmo,27,img,footer.mt-0 > div.mx-auto > div.flex > img.h-auto,Usecipol,alt,144,39,cumple,Verificado contra la imagen: el nombre sirve un proposito equivalente al contenido no textual.,R03,2026-09-08
95,ecuador,USECIPOL,1.1.1,qt1vmo,35,img,div.mx-auto > div.flex > a.transition > img.h-10,Ministerio del Interior,alt,69,40,cumple,Verificado contra la imagen: el nombre sirve un proposito equivalente al contenido no textual.,R03,2026-09-08
95,ecuador,USECIPOL,1.1.1,qt1vmo,36,img,div.mx-auto > div.flex > a.transition > img.h-10,Policía Nacional del Ecuador,alt,69,40,cumple,Verificado contra la imagen: el nombre sirve un proposito equivalente al contenido no textual.,R03,2026-09-08
95,ecuador,USECIPOL,1.1.1,qt1vmo,37,img,div.flex > button.group > div.relative > img.object-cover,Español,alt,22,22,cumple,Verificado contra la imagen: el nombre sirve un proposito equivalente al contenido no textual.,R03,2026-09-08
95,ecuador,USECIPOL,1.1.1,qt1vmo,38,img,div.flex > button.group > div.relative > img.object-cover,English,alt,20,20,cumple,Verificado contra la imagen: el nombre sirve un proposito equivalente al contenido no textual.,R03,2026-09-08
96,ecuador,IAEN,1.1.1,qt1vmo,20,div,div.elementor-slides-wrapper > div.swiper-wrapper > div.elementor-repeater-item-09d4f9d > div.swiper-slide-bg,banners web 2026 (1),aria-label,736,354,cumple,Verificado contra la imagen: el nombre sirve un proposito equivalente al contenido no textual.,R03,2026-09-08
96,ecuador,IAEN,1.1.1,qt1vmo,21,div,div.elementor-slides-wrapper > div.swiper-wrapper > div.elementor-repeater-item-7348986 > div.swiper-slide-bg,1,aria-label,736,354,falla,El nombre accesible es un numero sin significado descriptivo.,R03,2026-09-08
96,ecuador,IAEN,1.1.1,qt1vmo,22,div,div.elementor-slides-wrapper > div.swiper-wrapper > div.elementor-repeater-item-28e30bd > div.swiper-slide-bg,Firefly_Gemini Flash_el pesanador un poco mas pequeño 140699,aria-label,736,354,falla,El nombre accesible es el nombre con que una herramienta generativa guardo el fichero; no describe la imagen.,R03,2026-09-08
96,ecuador,IAEN,1.1.1,qt1vmo,23,div,div.elementor-slides-wrapper > div.swiper-wrapper > div.elementor-repeater-item-66e72d1 > div.swiper-slide-bg,banners web 2026,aria-label,736,354,cumple,Verificado contra la imagen: el nombre sirve un proposito equivalente al contenido no textual.,R03,2026-09-08
96,ecuador,IAEN,1.1.1,qt1vmo,24,div,div.elementor-slides-wrapper > div.swiper-wrapper > div.elementor-repeater-item-9f409f8 > div.swiper-slide-bg,"ChatGPT Image 24 jun 2026, 10_44_26 a.m.",aria-label,736,354,falla,El nombre accesible es el nombre con que una herramienta generativa guardo el fichero; no describe la imagen.,R03,2026-09-08
96,ecuador,IAEN,1.1.1,qt1vmo,25,div,div.elementor-slides-wrapper > div.swiper-wrapper > div.elementor-repeater-item-fa9fe69 > div.swiper-slide-bg,bienestar,aria-label,736,354,falla,El nombre accesible reproduce el nombre del fichero de imagen; no describe su contenido.,R03,2026-09-08
96,ecuador,IAEN,1.1.1,qt1vmo,26,div,div.elementor-slides-wrapper > div.swiper-wrapper > div.elementor-repeater-item-734851f > div.swiper-slide-bg,"ChatGPT Image 9 jun 2026, 10_45_00",aria-label,736,354,falla,El nombre accesible es el nombre con que una herramienta generativa guardo el fichero; no describe la imagen.,R03,2026-09-08
96,ecuador,IAEN,1.1.1,qt1vmo,32,img,div.elementor-element > div.elementor-widget-container > h3 > img.emoji,📚,alt,25,25,falla,El nombre accesible es un emoji suelto; no describe el contenido no textual.,R03,2026-09-08
96,ecuador,IAEN,1.1.1,qt1vmo,33,img,div.elementor-element > div.elementor-widget-container > p > img.emoji,✔️,alt,16,16,falla,El nombre accesible es un emoji suelto; no describe el contenido no textual.,R03,2026-09-08
96,ecuador,IAEN,1.1.1,qt1vmo,34,img,div.elementor-element > div.elementor-widget-container > p > img.emoji,🌍,alt,16,16,falla,El nombre accesible es un emoji suelto; no describe el contenido no textual.,R03,2026-09-08
96,ecuador,IAEN,1.1.1,qt1vmo,35,img,div.elementor-element > div.elementor-widget-container > p > img.emoji,💰,alt,16,16,falla,El nombre accesible es un emoji suelto; no describe el contenido no textual.,R03,2026-09-08
96,ecuador,IAEN,1.1.1,qt1vmo,36,img,div.elementor-element > div.elementor-widget-container > p > img.emoji,📝,alt,16,16,falla,El nombre accesible es un emoji suelto; no describe el contenido no textual.,R03,2026-09-08
96,ecuador,IAEN,1.1.1,qt1vmo,37,img,div.elementor-widget-container > p > strong > img.emoji,🚀,alt,16,16,falla,El nombre accesible es un emoji suelto; no describe el contenido no textual.,R03,2026-09-08
96,ecuador,IAEN,1.1.1,qt1vmo,38,img,div.elementor-element > div.elementor-widget-container > p > img.emoji,1️⃣,alt,16,16,cumple,Verificado contra la imagen: el nombre sirve un proposito equivalente al contenido no textual.,R03,2026-09-08
96,ecuador,IAEN,1.1.1,qt1vmo,39,img,div.elementor-element > div.elementor-widget-container > p > img.emoji,2️⃣,alt,16,16,cumple,Verificado contra la imagen: el nombre sirve un proposito equivalente al contenido no textual.,R03,2026-09-08
96,ecuador,IAEN,1.1.1,qt1vmo,40,img,div.elementor-element > div.elementor-widget-container > p > img.emoji,3️⃣,alt,16,16,cumple,Verificado contra la imagen: el nombre sirve un proposito equivalente al contenido no textual.,R03,2026-09-08
96,ecuador,IAEN,1.1.1,qt1vmo,41,img,div.elementor-element > div.elementor-widget-container > p > img.emoji,📩,alt,16,16,falla,El nombre accesible es un emoji suelto; no describe el contenido no textual.,R03,2026-09-08
96,ecuador,IAEN,1.1.1,qt1vmo,45,svg,#Capa_1,.st0 { fill: #1f4e9a; },otro,140,140,falla,"El nombre accesible es una regla CSS filtrada desde el interior del svg, no una descripcion del contenido.",R03,2026-09-08
96,ecuador,IAEN,1.1.1,qt1vmo,47,svg,#Capa_1,.st0{fill:#004F9E;},otro,140,140,falla,"El nombre accesible es una regla CSS filtrada desde el interior del svg, no una descripcion del contenido.",R03,2026-09-08
96,ecuador,IAEN,1.1.1,qt1vmo,51,img,div.elementor-element > div.elementor-widget-container > a > img.attachment-full,Logotipo,alt,170,68,cumple,Verificado contra la imagen: el nombre sirve un proposito equivalente al contenido no textual.,R03,2026-09-08
96,ecuador,IAEN,1.1.1,qt1vmo,58,img,div.gt_float_switcher > div.gt-selected > div.gt-current-lang > img,es,alt,33,25,cumple,Verificado contra la imagen: el nombre sirve un proposito equivalente al contenido no textual.,R03,2026-09-08
103,ecuador,UTPL,1.1.1,qt1vmo,3,img,div.layout9 > div > a > img.logo-img,Logo UTPL,alt,96,30,cumple,Verificado contra la imagen: el nombre sirve un proposito equivalente al contenido no textual.,R03,2026-09-08
103,ecuador,UTPL,1.1.1,qt1vmo,47,img,div.banner-page-wrapper > section.full-width-banner > a.banner-link > img.banner-image,UTPL,alt,896,149,falla,"El nombre repite la sigla de la institucion en 28 imagenes distintas: retratos, siete ciudades y siete iconos de redes sociales.",R03,2026-09-08
103,ecuador,UTPL,1.1.1,qt1vmo,49,img,div.wrapper-contentoffer > div > a > img,utpl,alt,131,279,falla,"El nombre repite la sigla de la institucion en 28 imagenes distintas: retratos, siete ciudades y siete iconos de redes sociales.",R03,2026-09-08
103,ecuador,UTPL,1.1.1,qt1vmo,50,img,div.wrapper-contentoffer > div > a > img,utpl,alt,131,279,falla,"El nombre repite la sigla de la institucion en 28 imagenes distintas: retratos, siete ciudades y siete iconos de redes sociales.",R03,2026-09-08
103,ecuador,UTPL,1.1.1,qt1vmo,51,img,div.wrapper-contentoffer > div > a > img,utpl,alt,131,279,falla,"El nombre repite la sigla de la institucion en 28 imagenes distintas: retratos, siete ciudades y siete iconos de redes sociales.",R03,2026-09-08
103,ecuador,UTPL,1.1.1,qt1vmo,52,img,div.wrapper-contentoffer > div > a > img,utpl,alt,131,280,falla,"El nombre repite la sigla de la institucion en 28 imagenes distintas: retratos, siete ciudades y siete iconos de redes sociales.",R03,2026-09-08
103,ecuador,UTPL,1.1.1,qt1vmo,53,img,div.wrapper-contentoffer > div > a > img,utpl,alt,131,285,falla,"El nombre repite la sigla de la institucion en 28 imagenes distintas: retratos, siete ciudades y siete iconos de redes sociales.",R03,2026-09-08
103,ecuador,UTPL,1.1.1,qt1vmo,54,img,div.wrapper-contentoffer > div > a > img,utpl,alt,131,279,falla,"El nombre repite la sigla de la institucion en 28 imagenes distintas: retratos, siete ciudades y siete iconos de redes sociales.",R03,2026-09-08
103,ecuador,UTPL,1.1.1,qt1vmo,58,img,div.otras-formas-grid > div.otras-formas-card > div.layout9 > img.otras-formas-icon,Segunda titulación,alt,50,50,cumple,Verificado contra la imagen: el nombre sirve un proposito equivalente al contenido no textual.,R03,2026-09-08
103,ecuador,UTPL,1.1.1,qt1vmo,59,img,div.otras-formas-grid > div.otras-formas-card > div.layout9 > img.otras-formas-icon,Homologación externa,alt,50,50,cumple,Verificado contra la imagen: el nombre sirve un proposito equivalente al contenido no textual.,R03,2026-09-08
103,ecuador,UTPL,1.1.1,qt1vmo,60,img,div.otras-formas-grid > div.otras-formas-card > div.layout9 > img.otras-formas-icon,Homologación interna,alt,50,50,cumple,Verificado contra la imagen: el nombre sirve un proposito equivalente al contenido no textual.,R03,2026-09-08
103,ecuador,UTPL,1.1.1,qt1vmo,61,img,div.otras-formas-grid > div.otras-formas-card > div.layout9 > img.otras-formas-icon,Validación por ejercicio profesional o experiencia laboral,alt,50,50,cumple,Verificado contra la imagen: el nombre sirve un proposito equivalente al contenido no textual.,R03,2026-09-08
103,ecuador,UTPL,1.1.1,qt1vmo,62,img,div.otras-formas-grid > div.otras-formas-card > div.layout9 > img.otras-formas-icon,Homologación de título extranjero,alt,50,50,cumple,Verificado contra la imagen: el nombre sirve un proposito equivalente al contenido no textual.,R03,2026-09-08
103,ecuador,UTPL,1.1.1,qt1vmo,66,img,div.otras-formas-grid > div.otras-formas-card > div.layout9 > img.otras-formas-icon,Beca Migrante (ecuatorianos residentes en España),alt,50,50,cumple,Verificado contra la imagen: el nombre sirve un proposito equivalente al contenido no textual.,R03,2026-09-08
103,ecuador,UTPL,1.1.1,qt1vmo,67,img,div.otras-formas-grid > div.otras-formas-card > div.layout9 > img.otras-formas-icon,Programa de referidos,alt,50,50,cumple,Verificado contra la imagen: el nombre sirve un proposito equivalente al contenido no textual.,R03,2026-09-08
103,ecuador,UTPL,1.1.1,qt1vmo,68,img,div.otras-formas-grid > div.otras-formas-card > div.layout9 > img.otras-formas-icon,Convenios corporativos,alt,50,50,cumple,Verificado contra la imagen: el nombre sirve un proposito equivalente al contenido no textual.,R03,2026-09-08
103,ecuador,UTPL,1.1.1,qt1vmo,69,img,div.otras-formas-grid > div.otras-formas-card > div.layout9 > img.otras-formas-icon,Reingreso,alt,50,50,cumple,Verificado contra la imagen: el nombre sirve un proposito equivalente al contenido no textual.,R03,2026-09-08
103,ecuador,UTPL,1.1.1,qt1vmo,88,img,div.wrapper-image-container > div.bg-line1 > div > img.line1,utpl,alt,0,0,falla,"El nombre repite la sigla de la institucion en 28 imagenes distintas: retratos, siete ciudades y siete iconos de redes sociales.",R03,2026-09-08
103,ecuador,UTPL,1.1.1,qt1vmo,89,img,div.wrapper-image-container > div.bg-line2 > div > img.line2,utpl,alt,0,0,falla,"El nombre repite la sigla de la institucion en 28 imagenes distintas: retratos, siete ciudades y siete iconos de redes sociales.",R03,2026-09-08
103,ecuador,UTPL,1.1.1,qt1vmo,90,img,div.wrapper-image-container > div.bg-line3 > div > img.line1,utpl,alt,0,0,falla,"El nombre repite la sigla de la institucion en 28 imagenes distintas: retratos, siete ciudades y siete iconos de redes sociales.",R03,2026-09-08
103,ecuador,UTPL,1.1.1,qt1vmo,91,img,div.wrapper-image-container > div.bg-line4 > div > img.line2,utpl,alt,0,0,falla,"El nombre repite la sigla de la institucion en 28 imagenes distintas: retratos, siete ciudades y siete iconos de redes sociales.",R03,2026-09-08
103,ecuador,UTPL,1.1.1,qt1vmo,92,img,div.wrapper-contactocentros > div.items-centros > div > img,utpl,alt,158,103,falla,"El nombre repite la sigla de la institucion en 28 imagenes distintas: retratos, siete ciudades y siete iconos de redes sociales.",R03,2026-09-08
103,ecuador,UTPL,1.1.1,qt1vmo,93,img,div.wrapper-contactocentros > div.items-centros > div > img,utpl,alt,158,103,falla,"El nombre repite la sigla de la institucion en 28 imagenes distintas: retratos, siete ciudades y siete iconos de redes sociales.",R03,2026-09-08
103,ecuador,UTPL,1.1.1,qt1vmo,94,img,div.wrapper-contactocentros > div.items-centros > div > img,utpl,alt,158,103,falla,"El nombre repite la sigla de la institucion en 28 imagenes distintas: retratos, siete ciudades y siete iconos de redes sociales.",R03,2026-09-08
103,ecuador,UTPL,1.1.1,qt1vmo,95,img,div.wrapper-contactocentros > div.items-centros > div > img,utpl,alt,158,102,falla,"El nombre repite la sigla de la institucion en 28 imagenes distintas: retratos, siete ciudades y siete iconos de redes sociales.",R03,2026-09-08
103,ecuador,UTPL,1.1.1,qt1vmo,96,img,div.wrapper-contactocentros > div.items-centros > div > img,utpl,alt,158,103,falla,"El nombre repite la sigla de la institucion en 28 imagenes distintas: retratos, siete ciudades y siete iconos de redes sociales.",R03,2026-09-08
103,ecuador,UTPL,1.1.1,qt1vmo,97,img,div.wrapper-contactocentros > div.items-centros > div > img,utpl,alt,158,103,falla,"El nombre repite la sigla de la institucion en 28 imagenes distintas: retratos, siete ciudades y siete iconos de redes sociales.",R03,2026-09-08
103,ecuador,UTPL,1.1.1,qt1vmo,103,img,div.popup-card > a.full-link > div.image-box > img,Producto,alt,139,186,cumple,Verificado contra la imagen: el nombre sirve un proposito equivalente al contenido no textual.,R03,2026-09-08
103,ecuador,UTPL,1.1.1,qt1vmo,104,img,body > div > div.wrapper-footer > img.logo,utpl,alt,200,105,falla,"El nombre repite la sigla de la institucion en 28 imagenes distintas: retratos, siete ciudades y siete iconos de redes sociales.",R03,2026-09-08
103,ecuador,UTPL,1.1.1,qt1vmo,105,img,div.social > div.wrapper-social > a > img,utpl,alt,40,40,falla,"El nombre repite la sigla de la institucion en 28 imagenes distintas: retratos, siete ciudades y siete iconos de redes sociales.",R03,2026-09-08
103,ecuador,UTPL,1.1.1,qt1vmo,106,img,div.social > div.wrapper-social > a > img,utpl,alt,40,40,falla,"El nombre repite la sigla de la institucion en 28 imagenes distintas: retratos, siete ciudades y siete iconos de redes sociales.",R03,2026-09-08
103,ecuador,UTPL,1.1.1,qt1vmo,107,img,div.social > div.wrapper-social > a > img,utpl,alt,40,40,falla,"El nombre repite la sigla de la institucion en 28 imagenes distintas: retratos, siete ciudades y siete iconos de redes sociales.",R03,2026-09-08
103,ecuador,UTPL,1.1.1,qt1vmo,108,img,div.social > div.wrapper-social > a > img,utpl,alt,40,40,falla,"El nombre repite la sigla de la institucion en 28 imagenes distintas: retratos, siete ciudades y siete iconos de redes sociales.",R03,2026-09-08
103,ecuador,UTPL,1.1.1,qt1vmo,109,img,div.social > div.wrapper-social > a > img,utpl,alt,40,46,falla,"El nombre repite la sigla de la institucion en 28 imagenes distintas: retratos, siete ciudades y siete iconos de redes sociales.",R03,2026-09-08
103,ecuador,UTPL,1.1.1,qt1vmo,110,img,div.social > div.wrapper-social > a > img,utpl,alt,40,38,falla,"El nombre repite la sigla de la institucion en 28 imagenes distintas: retratos, siete ciudades y siete iconos de redes sociales.",R03,2026-09-08
103,ecuador,UTPL,1.1.1,qt1vmo,111,img,div.social > div.wrapper-social > a > img,utpl,alt,40,40,falla,"El nombre repite la sigla de la institucion en 28 imagenes distintas: retratos, siete ciudades y siete iconos de redes sociales.",R03,2026-09-08
103,ecuador,UTPL,1.1.1,qt1vmo,112,img,div.social > div.wrapper-social > a > img,utpl,alt,40,27,falla,"El nombre repite la sigla de la institucion en 28 imagenes distintas: retratos, siete ciudades y siete iconos de redes sociales.",R03,2026-09-08
103,ecuador,UTPL,1.1.1,qt1vmo,113,img,div.social > div.wrapper-social > a > img,utpl,alt,40,40,falla,"El nombre repite la sigla de la institucion en 28 imagenes distintas: retratos, siete ciudades y siete iconos de redes sociales.",R03,2026-09-08
106,ecuador,UPS,1.1.1,qt1vmo,10,img,nav.nav-ups > div.ml-2 > a > img.nav-logo-img,logo ups,alt,200,55,cumple,Verificado contra la imagen: el nombre sirve un proposito equivalente al contenido no textual.,R03,2026-09-08
106,ecuador,UPS,1.1.1,qt1vmo,18,svg,#ico_1,facebook,otro,19,19,cumple,Verificado contra la imagen: el nombre sirve un proposito equivalente al contenido no textual.,R03,2026-09-08
106,ecuador,UPS,1.1.1,qt1vmo,19,svg,#ico_2,instagram,otro,19,19,cumple,Verificado contra la imagen: el nombre sirve un proposito equivalente al contenido no textual.,R03,2026-09-08
106,ecuador,UPS,1.1.1,qt1vmo,20,svg,#ico_3,.a { fill: #fff; stroke-width: 0px; },otro,19,19,falla,"El nombre accesible es una regla CSS filtrada desde el interior del svg, no una descripcion del contenido.",R03,2026-09-08
106,ecuador,UPS,1.1.1,qt1vmo,21,svg,#ico_4,youtube,otro,19,19,cumple,Verificado contra la imagen: el nombre sirve un proposito equivalente al contenido no textual.,R03,2026-09-08
106,ecuador,UPS,1.1.1,qt1vmo,22,svg,#ico_5,linkedin,otro,19,19,cumple,Verificado contra la imagen: el nombre sirve un proposito equivalente al contenido no textual.,R03,2026-09-08
106,ecuador,UPS,1.1.1,qt1vmo,23,svg,#ico_6,pinterest copia,otro,19,19,cumple,Verificado contra la imagen: el nombre sirve un proposito equivalente al contenido no textual.,R03,2026-09-08
106,ecuador,UPS,1.1.1,qt1vmo,66,img,div.col > div.card > a.undecoration > img.card-img-top,imagen tarjeta,alt,304,304,falla,El nombre es una etiqueta de plantilla; la imagen es una fotografia con contenido propio.,R03,2026-09-08
106,ecuador,UPS,1.1.1,qt1vmo,67,img,div.col > div.card > a.undecoration > img.card-img-top,imagen tarjeta,alt,304,304,falla,El nombre es una etiqueta de plantilla; la imagen es una fotografia con contenido propio.,R03,2026-09-08
106,ecuador,UPS,1.1.1,qt1vmo,72,img,div.row > div.col-6 > a.animated-card > img.img-fluid,Reconocimiento de Times Higher Education que indica 2.º lugar en Ecuador en el World University Rankings Young 2024.,alt,146,146,cumple,Verificado contra la imagen: el nombre sirve un proposito equivalente al contenido no textual.,R03,2026-09-08
106,ecuador,UPS,1.1.1,qt1vmo,73,img,div.row > div.col-6 > a.animated-card > img.img-fluid,Reconocimiento de Times Higher Education que indica 3.er lugar en Ecuador en el World University Rankings 2025.,alt,146,146,cumple,Verificado contra la imagen: el nombre sirve un proposito equivalente al contenido no textual.,R03,2026-09-08
106,ecuador,UPS,1.1.1,qt1vmo,74,img,div.row > div.col-6 > a.animated-card > img.img-fluid,Reconocimiento de Times Higher Education que indica 3.er lugar en Ecuador en el World University Rankings 2025.,alt,146,146,cumple,Verificado contra la imagen: el nombre sirve un proposito equivalente al contenido no textual.,R03,2026-09-08
106,ecuador,UPS,1.1.1,qt1vmo,75,img,div.row > div.col-6 > a.animated-card > img.img-fluid,Reconocimiento de Times Higher Education que otorga medalla de bronce a nivel global en el Online Learning Rankings 2024.,alt,146,146,cumple,Verificado contra la imagen: el nombre sirve un proposito equivalente al contenido no textual.,R03,2026-09-08
106,ecuador,UPS,1.1.1,qt1vmo,78,svg,#Capa_1,.st0{fill:#003772;},otro,19,19,falla,"El nombre accesible es una regla CSS filtrada desde el interior del svg, no una descripcion del contenido.",R03,2026-09-08
106,ecuador,UPS,1.1.1,qt1vmo,80,svg,#Capa_1,.st0{fill:#003772;},otro,19,19,falla,"El nombre accesible es una regla CSS filtrada desde el interior del svg, no una descripcion del contenido.",R03,2026-09-08
106,ecuador,UPS,1.1.1,qt1vmo,82,svg,#Capa_1,.st0{fill:#003772;},otro,19,19,falla,"El nombre accesible es una regla CSS filtrada desde el interior del svg, no una descripcion del contenido.",R03,2026-09-08
106,ecuador,UPS,1.1.1,qt1vmo,84,svg,#Capa_1,.st0{fill:#003772;},otro,19,19,falla,"El nombre accesible es una regla CSS filtrada desde el interior del svg, no una descripcion del contenido.",R03,2026-09-08
106,ecuador,UPS,1.1.1,qt1vmo,85,img,div.row > div.col-3 > a.w-100 > img.img-fluid,"INNOVACIÓN, TECNOLOGÍA Y TRABAJO EN EQUIPO MARCARON EL HACKATHON DE DESARROLLO",alt,58,38,cumple,Verificado contra la imagen: el nombre sirve un proposito equivalente al contenido no textual.,R03,2026-09-08
106,ecuador,UPS,1.1.1,qt1vmo,86,svg,#Capa_1,.st0{fill:#003772;},otro,19,19,falla,"El nombre accesible es una regla CSS filtrada desde el interior del svg, no una descripcion del contenido.",R03,2026-09-08
106,ecuador,UPS,1.1.1,qt1vmo,87,img,div.row > div.col-3 > a.w-100 > img.img-fluid,La UPS Guayaquil reconoce la excelencia de sus estudiantes en el Programa de Distinción Académica,alt,58,38,cumple,Verificado contra la imagen: el nombre sirve un proposito equivalente al contenido no textual.,R03,2026-09-08
106,ecuador,UPS,1.1.1,qt1vmo,88,svg,#Capa_1,.st0{fill:#003772;},otro,19,19,falla,"El nombre accesible es una regla CSS filtrada desde el interior del svg, no una descripcion del contenido.",R03,2026-09-08
106,ecuador,UPS,1.1.1,qt1vmo,90,svg,#Capa_1,.st0{fill:#003772;},otro,19,19,falla,"El nombre accesible es una regla CSS filtrada desde el interior del svg, no una descripcion del contenido.",R03,2026-09-08
106,ecuador,UPS,1.1.1,qt1vmo,92,svg,#Capa_1,.st0{fill:#003772;},otro,19,19,falla,"El nombre accesible es una regla CSS filtrada desde el interior del svg, no una descripcion del contenido.",R03,2026-09-08
106,ecuador,UPS,1.1.1,qt1vmo,93,img,div.row > div.col-3 > a.w-100 > img.img-fluid,La UPS lidera el medallero general de los IV Juegos Deportivos Nacionales Universitarios e Institutos de Educación Superior 2026,alt,58,38,cumple,Verificado contra la imagen: el nombre sirve un proposito equivalente al contenido no textual.,R03,2026-09-08
106,ecuador,UPS,1.1.1,qt1vmo,94,svg,#Capa_1,.st0{fill:#003772;},otro,19,19,falla,"El nombre accesible es una regla CSS filtrada desde el interior del svg, no una descripcion del contenido.",R03,2026-09-08
106,ecuador,UPS,1.1.1,qt1vmo,96,svg,#Capa_1,.st0{fill:#003772;},otro,19,19,falla,"El nombre accesible es una regla CSS filtrada desde el interior del svg, no una descripcion del contenido.",R03,2026-09-08
106,ecuador,UPS,1.1.1,qt1vmo,97,img,div.row > div.col-3 > a.w-100 > img.img-fluid,1. Rector de la UPS hace la entrega al director de carrera Arquitectura,alt,58,38,cumple,Verificado contra la imagen: el nombre sirve un proposito equivalente al contenido no textual.,R03,2026-09-08
106,ecuador,UPS,1.1.1,qt1vmo,98,svg,#Capa_1,.st0{fill:#003772;},otro,19,19,falla,"El nombre accesible es una regla CSS filtrada desde el interior del svg, no una descripcion del contenido.",R03,2026-09-08
106,ecuador,UPS,1.1.1,qt1vmo,100,svg,#Capa_1,.st0{fill:#003772;},otro,19,19,falla,"El nombre accesible es una regla CSS filtrada desde el interior del svg, no una descripcion del contenido.",R03,2026-09-08
106,ecuador,UPS,1.1.1,qt1vmo,102,svg,#Capa_1,.st0{fill:#003772;},otro,19,19,falla,"El nombre accesible es una regla CSS filtrada desde el interior del svg, no una descripcion del contenido.",R03,2026-09-08
106,ecuador,UPS,1.1.1,qt1vmo,104,svg,#Capa_1,.st0{fill:#003772;},otro,19,19,falla,"El nombre accesible es una regla CSS filtrada desde el interior del svg, no una descripcion del contenido.",R03,2026-09-08
106,ecuador,UPS,1.1.1,qt1vmo,121,img,div.mx-auto > a.d-block > span.text-center > img.mx-auto,Afiche Intercolegial de Teatro,alt,140,140,cumple,Verificado contra la imagen: el nombre sirve un proposito equivalente al contenido no textual.,R03,2026-09-08
106,ecuador,UPS,1.1.1,qt1vmo,123,img,div.mx-auto > a.d-block > span.text-center > img.mx-auto,Afiche del Intercolegial de Danza - “UPS Dance Fest”,alt,140,140,cumple,Verificado contra la imagen: el nombre sirve un proposito equivalente al contenido no textual.,R03,2026-09-08
106,ecuador,UPS,1.1.1,qt1vmo,124,img,div.mx-auto > a.d-block > span.text-center > img.mx-auto,1er Concurso Intercolegial de Teatro,alt,140,140,cumple,Verificado contra la imagen: el nombre sirve un proposito equivalente al contenido no textual.,R03,2026-09-08
106,ecuador,UPS,1.1.1,qt1vmo,153,img,a.undecoration > div.col-6 > div.ups-slider > img.w-100,Edificio del Rectorado de la Universidad Politécnica Salesiana con el logotipo UPS en la fachada.,alt,189,170,cumple,Verificado contra la imagen: el nombre sirve un proposito equivalente al contenido no textual.,R03,2026-09-08
106,ecuador,UPS,1.1.1,qt1vmo,154,img,a.undecoration > div.col-6 > div.ups-slider > img.w-100,Edificio del Rectorado de la Universidad Politécnica Salesiana con el logotipo UPS en la fachada.,alt,189,170,cumple,Verificado contra la imagen: el nombre sirve un proposito equivalente al contenido no textual.,R03,2026-09-08
106,ecuador,UPS,1.1.1,qt1vmo,155,img,a.undecoration > div.col-6 > div.ups-slider > img.w-100,Edificio de la sede Quito de la Universidad Politécnica Salesiana con un mural artístico en la fachada.,alt,189,170,cumple,Verificado contra la imagen: el nombre sirve un proposito equivalente al contenido no textual.,R03,2026-09-08
106,ecuador,UPS,1.1.1,qt1vmo,156,img,a.undecoration > div.col-6 > div.ups-slider > img.w-100,Edificio de la sede Quito de la Universidad Politécnica Salesiana con un mural artístico en la fachada.,alt,189,170,cumple,Verificado contra la imagen: el nombre sirve un proposito equivalente al contenido no textual.,R03,2026-09-08
106,ecuador,UPS,1.1.1,qt1vmo,157,svg,#ico_1,facebook,otro,13,40,cumple,Verificado contra la imagen: el nombre sirve un proposito equivalente al contenido no textual.,R03,2026-09-08
106,ecuador,UPS,1.1.1,qt1vmo,158,svg,#ico_2,instagram,otro,13,40,cumple,Verificado contra la imagen: el nombre sirve un proposito equivalente al contenido no textual.,R03,2026-09-08
106,ecuador,UPS,1.1.1,qt1vmo,159,svg,#ico_3,.a { fill: #fff; stroke-width: 0px; },otro,13,40,falla,"El nombre accesible es una regla CSS filtrada desde el interior del svg, no una descripcion del contenido.",R03,2026-09-08
106,ecuador,UPS,1.1.1,qt1vmo,160,svg,#ico_4,youtube,otro,13,40,cumple,Verificado contra la imagen: el nombre sirve un proposito equivalente al contenido no textual.,R03,2026-09-08
106,ecuador,UPS,1.1.1,qt1vmo,161,svg,#ico_5,linkedin,otro,13,40,cumple,Verificado contra la imagen: el nombre sirve un proposito equivalente al contenido no textual.,R03,2026-09-08
106,ecuador,UPS,1.1.1,qt1vmo,162,svg,#ico_6,pinterest copia,otro,13,40,cumple,Verificado contra la imagen: el nombre sirve un proposito equivalente al contenido no textual.,R03,2026-09-08
106,ecuador,UPS,1.1.1,qt1vmo,163,svg,div.row > div.col-12 > a.bg-blue > svg,ius,otro,83,83,cumple,Verificado contra la imagen: el nombre sirve un proposito equivalente al contenido no textual.,R03,2026-09-08
106,ecuador,UPS,1.1.1,qt1vmo,164,svg,div.row > div.col-12 > a.bg-blue > svg,universia,otro,66,66,cumple,Verificado contra la imagen: el nombre sirve un proposito equivalente al contenido no textual.,R03,2026-09-08
114,ecuador,UTI,1.1.1,qt1vmo,1,img,html > body.home > a.whatsapp-btn > img.whatsapp-icon,WhatsApp,alt,26,26,falla,El nombre accesible reproduce el nombre del fichero de imagen; no describe su contenido.,R03,2026-09-08
114,ecuador,UTI,1.1.1,qt1vmo,2,img,span.elementor-icon-list-text > div.gtranslate_wrapper > a.gt_switcher-popup > img,es,alt,24,18,cumple,Verificado contra la imagen: el nombre sirve un proposito equivalente al contenido no textual.,R03,2026-09-08
114,ecuador,UTI,1.1.1,qt1vmo,15,img,div.elementor-element > div.elementor-widget-container > a > img.attachment-large,Indo,alt,270,341,falla,"El nombre ""Indo"" es un fragmento de cuatro letras; la imagen es un cartel de congreso internacional con fechas, sede y organizadores.",R03,2026-09-08
114,ecuador,UTI,1.1.1,qt1vmo,41,div,div.elementor-widget-container > a.elementor-cta > div.elementor-cta__bg-wrapper > div.elementor-cta__bg,oferta-academica-carreras-de-grado-indoamerica ecuador,aria-label,283,219,falla,El nombre accesible reproduce el nombre del fichero de imagen; no describe su contenido.,R03,2026-09-08
114,ecuador,UTI,1.1.1,qt1vmo,42,div,div.elementor-widget-container > a.elementor-cta > div.elementor-cta__bg-wrapper > div.elementor-cta__bg,Explora nuestra oferta académica de carreras de posgrado en Ecuador.,aria-label,283,219,cumple,Verificado contra la imagen: el nombre sirve un proposito equivalente al contenido no textual.,R03,2026-09-08
114,ecuador,UTI,1.1.1,qt1vmo,43,div,div.elementor-widget-container > a.elementor-cta > div.elementor-cta__bg-wrapper > div.elementor-cta__bg,Educon-home,aria-label,283,219,falla,El nombre accesible reproduce el nombre del fichero de imagen; no describe su contenido.,R03,2026-09-08
114,ecuador,UTI,1.1.1,qt1vmo,47,div,div.elementor-widget-container > div.elementor-cta > div.elementor-cta__bg-wrapper > div.elementor-cta__bg,Logo-Revistas-UTI,aria-label,428,102,falla,El nombre accesible reproduce el nombre del fichero de imagen; no describe su contenido.,R03,2026-09-08
114,ecuador,UTI,1.1.1,qt1vmo,48,div,div.elementor-widget-container > div.elementor-cta > div.elementor-cta__bg-wrapper > div.elementor-cta__bg,Logo-EBooks-UTI,aria-label,398,102,cumple,Verificado contra la imagen: el nombre sirve un proposito equivalente al contenido no textual.,R03,2026-09-08
124,ecuador,ECOTEC,1.1.1,qt1vmo,4,img,section.brxe-section > div.brxe-container > a.brxe-logo > img.bricks-site-logo,Universidad Tecnológica ECOTEC,alt,140,44,cumple,Verificado contra la imagen: el nombre sirve un proposito equivalente al contenido no textual.,R03,2026-09-08
124,ecuador,ECOTEC,1.1.1,qt1vmo,11,img,#brxe-cjzhan,Reconocimiento QS Stars de Universidad ECOTEC,alt,89,32,falla,"El nombre indica ""QS Stars""; el sello muestra ""QS World University Rankings Latinoamerica y el Caribe"", que es un programa distinto.",R03,2026-09-08
124,ecuador,ECOTEC,1.1.1,qt1vmo,12,img,#brxe-lceyro,Reconocimiento Times Higher Education de Universidad ECOTEC,alt,89,46,cumple,Verificado contra la imagen: el nombre sirve un proposito equivalente al contenido no textual.,R03,2026-09-08
124,ecuador,ECOTEC,1.1.1,qt1vmo,13,img,#brxe-qvkomt,World University Rankings América y el Caribe,alt,89,29,falla,"El nombre indica ""World University Rankings America y el Caribe""; el sello muestra ""Innovatec TOP 3"", de otra organizacion.",R03,2026-09-08
124,ecuador,ECOTEC,1.1.1,qt1vmo,14,img,#brxe-svibil,Pin de ubicación del campus Samborondón de la Universidad ECOTEC,alt,35,44,cumple,Verificado contra la imagen: el nombre sirve un proposito equivalente al contenido no textual.,R03,2026-09-08
124,ecuador,ECOTEC,1.1.1,qt1vmo,15,img,#brxe-ckqzar,Marcador de ubicación del campus Guayaquil ECOTEC,alt,35,44,cumple,Verificado contra la imagen: el nombre sirve un proposito equivalente al contenido no textual.,R03,2026-09-08
124,ecuador,ECOTEC,1.1.1,qt1vmo,16,img,#brxe-gnaqpk,Marcador de ubicación de campus universitario ECOTEC,alt,35,44,cumple,Verificado contra la imagen: el nombre sirve un proposito equivalente al contenido no textual.,R03,2026-09-08
124,ecuador,ECOTEC,1.1.1,qt1vmo,17,img,#brxe-peagnx,Icono de comillas decorativas,alt,90,90,cumple,Verificado contra la imagen: el nombre sirve un proposito equivalente al contenido no textual.,R03,2026-09-08
124,ecuador,ECOTEC,1.1.1,qt1vmo,18,img,#brxe-hbtxfo,Icono de comillas decorativas,alt,90,90,cumple,Verificado contra la imagen: el nombre sirve un proposito equivalente al contenido no textual.,R03,2026-09-08
124,ecuador,ECOTEC,1.1.1,qt1vmo,20,img,#brxe-wkwnqx,Inscripciones abiertas en el campus Samborondón de la Universidad ECOTEC,alt,680,183,cumple,Verificado contra la imagen: el nombre sirve un proposito equivalente al contenido no textual.,R03,2026-09-08
124,ecuador,ECOTEC,1.1.1,qt1vmo,21,img,#brxe-xyevtr,World University Rankings América y el Caribe,alt,80,29,cumple,Verificado contra la imagen: el nombre sirve un proposito equivalente al contenido no textual.,R03,2026-09-08
124,ecuador,ECOTEC,1.1.1,qt1vmo,22,img,#brxe-lifnxk,Times Higher Education America Rankings,alt,80,43,cumple,Verificado contra la imagen: el nombre sirve un proposito equivalente al contenido no textual.,R03,2026-09-08
124,ecuador,ECOTEC,1.1.1,qt1vmo,23,img,#brxe-kottum,Innovatec TOP 3,alt,80,26,cumple,Verificado contra la imagen: el nombre sirve un proposito equivalente al contenido no textual.,R03,2026-09-08
124,ecuador,ECOTEC,1.1.1,qt1vmo,24,img,#brxe-ivtvbj,Certificación EQUAA Quality Accreditation,alt,80,39,cumple,Verificado contra la imagen: el nombre sirve un proposito equivalente al contenido no textual.,R03,2026-09-08
124,ecuador,ECOTEC,1.1.1,qt1vmo,25,img,#brxe-pbpzwb,Acreditación CLAEP Americano de Acreditación,alt,80,25,cumple,Verificado contra la imagen: el nombre sirve un proposito equivalente al contenido no textual.,R03,2026-09-08
124,ecuador,ECOTEC,1.1.1,qt1vmo,26,img,#brxe-wmsqnf,Logo CAC Consejo de Aseguramiento de la Calidad,alt,80,24,cumple,Verificado contra la imagen: el nombre sirve un proposito equivalente al contenido no textual.,R03,2026-09-08
124,ecuador,ECOTEC,1.1.1,qt1vmo,27,img,#brxe-toohnk,Universidad ECOTEC posicionada en el ranking UI GreenMetric en Ecuador,alt,250,139,cumple,Verificado contra la imagen: el nombre sirve un proposito equivalente al contenido no textual.,R03,2026-09-08
124,ecuador,ECOTEC,1.1.1,qt1vmo,29,img,#brxe-uoznsf,Certificación ambiental Producción más limpia,alt,102,79,cumple,Verificado contra la imagen: el nombre sirve un proposito equivalente al contenido no textual.,R03,2026-09-08
124,ecuador,ECOTEC,1.1.1,qt1vmo,30,img,#brxe-cmubev,QS Stars impacto medioambiental,alt,102,79,cumple,Verificado contra la imagen: el nombre sirve un proposito equivalente al contenido no textual.,R03,2026-09-08
124,ecuador,ECOTEC,1.1.1,qt1vmo,31,img,#brxe-fqhrih,Certificación ambiental internacional EKOenergía,alt,102,79,cumple,Verificado contra la imagen: el nombre sirve un proposito equivalente al contenido no textual.,R03,2026-09-08
124,ecuador,ECOTEC,1.1.1,qt1vmo,32,img,#brxe-gjzugl,Logo ECOTEC now,alt,150,58,cumple,Verificado contra la imagen: el nombre sirve un proposito equivalente al contenido no textual.,R03,2026-09-08
124,ecuador,ECOTEC,1.1.1,qt1vmo,33,img,div.brxe-felzdi > div.brxe-zdjyle > div.brxe-vikugz > img.brxe-nhpivk,Icono de educación y formación académica,alt,30,30,cumple,Verificado contra la imagen: el nombre sirve un proposito equivalente al contenido no textual.,R03,2026-09-08
124,ecuador,ECOTEC,1.1.1,qt1vmo,36,img,div.brxe-lxmfns > div.brxe-mrcicm > picture.brxe-tubjbe > img.entered,Estudiantes ECOTEC durante ceremonia de concienciación sobre el autismo,alt,325,250,cumple,Verificado contra la imagen: el nombre sirve un proposito equivalente al contenido no textual.,R03,2026-09-08
124,ecuador,ECOTEC,1.1.1,qt1vmo,37,img,#brxe-fwdwqt,Logotipo oficial de la Universidad ECOTEC,alt,175,55,cumple,Verificado contra la imagen: el nombre sirve un proposito equivalente al contenido no textual.,R03,2026-09-08
124,ecuador,ECOTEC,1.1.1,qt1vmo,38,img,#brxe-zwffvh,Pin de ubicación del campus Samborondón de la Universidad ECOTEC,alt,20,25,cumple,Verificado contra la imagen: el nombre sirve un proposito equivalente al contenido no textual.,R03,2026-09-08
124,ecuador,ECOTEC,1.1.1,qt1vmo,39,img,#brxe-bsmhju,Marcador de ubicación del campus Guayaquil ECOTEC,alt,20,25,cumple,Verificado contra la imagen: el nombre sirve un proposito equivalente al contenido no textual.,R03,2026-09-08
124,ecuador,ECOTEC,1.1.1,qt1vmo,40,img,#brxe-vgvmku,Marcador de ubicación de campus universitario ECOTEC,alt,20,25,cumple,Verificado contra la imagen: el nombre sirve un proposito equivalente al contenido no textual.,R03,2026-09-08
