abbr,id,group,criterion,act_rule,element_n,selector,accessible_name,src_or_href,programmatic_context,warning,outcome_TOFILL,justification_TOFILL
UC Berkeley,7,mundo,1.1.1,qt1vmo,2,div.title > h1 > a.logo > img,UC Berkeley home,rkeley.edu/wp-content/themes/berkeleygateway/img/logo-berkeley.svg?v=3,,,,
UC Berkeley,7,mundo,1.1.1,qt1vmo,3,div.column > div.column__image > div.bg-image-wrap > img,A photo of a researcher in a white lab coat and hairnet sitting at a desk looking into a large microscope.,erkeley.edu/wp-content/uploads/2025/06/afo_235b-scaled-1-2048x1362.jpg,,,,
UC Berkeley,7,mundo,1.1.1,qt1vmo,4,div.column > div.column__image > div.bg-image-wrap > img,A scientist wearing a blue lab coat that reads,berkeley.edu/wp-content/uploads/2025/06/83A5230-scaled-1-2048x1366.jpg,,,,
UC Berkeley,7,mundo,1.1.1,qt1vmo,5,div.column > div.column__image > div.bg-image-wrap > img,"Jennifer Doudna, in a white lab coat, points at computer screen while speaking to a student in her biochemistry lab at t",ontent/uploads/2026/09/20190103_JenniferDoudna_bhs_003-1-2048x1365.jpg,,,,
UC Berkeley,7,mundo,1.1.1,qt1vmo,14,div.column > div.column__image > div.bg-image-wrap > img,"students congregate on a lawn in groups and one holds a large flag that says Cal. The Campanile is in the background, al",ps://www.berkeley.edu/wp-content/uploads/2025/06/DSC_3339-scaled-1.jpg,,,,
UC Berkeley,7,mundo,1.1.1,qt1vmo,15,div.column > div.column__image > div.bg-image-wrap > img,interior of a large law library with many books and large tables for studying,://www.berkeley.edu/wp-content/uploads/2025/06/DSC_2595-2-scaled-1.jpg,,,,
UC Berkeley,7,mundo,1.1.1,qt1vmo,16,div.column > div.column__image > div.bg-image-wrap > img,Long exposure image with a focused Sather Gate and blurred individuals walking through it,https://www.berkeley.edu/wp-content/uploads/2025/06/DSC_1135.jpg,,,,
UC Berkeley,7,mundo,1.1.1,qt1vmo,21,div.content-container > div.component > a.logo > img,UC Berkeley,y.edu/wp-content/themes/berkeleygateway/img/logo-berkeley-gold.svg?v=3,,,,
UCL,14,mundo,2.4.4,5effbb,1,html.js > body.colour-scheme--woburn-warmth > a.sr-only,Skip to main content,#main-content,SIN CONTEXTO PROGRAMATICO,SIN CONTEXTO PROGRAMATICO,,
UCL,14,mundo,2.4.4,5effbb,2,header.header > div.header__top > div.header__top-container > a.header__link,Navigate back to homepage,https://www.ucl.ac.uk/,SIN CONTEXTO PROGRAMATICO,SIN CONTEXTO PROGRAMATICO,,
UCL,14,mundo,2.4.4,5effbb,3,div.cta-item__container > div.cta-item > div.cta-item__content > a.button,Apply now,https://www.ucl.ac.uk/prospective-students/graduate/masters-,SIN CONTEXTO PROGRAMATICO,SIN CONTEXTO PROGRAMATICO,,
UCL,14,mundo,2.4.4,5effbb,4,div.curated-cards > div.base-card > div.base-card__container > a.link,Undergraduate Open Days,https://www.ucl.ac.uk/study/prospective-students/open-days/u,SIN CONTEXTO PROGRAMATICO,SIN CONTEXTO PROGRAMATICO,,
UCL,14,mundo,2.4.4,5effbb,5,div.curated-cards > div.base-card > div.base-card__container > a.link,How we support our students,https://www.ucl.ac.uk/students/support-and-wellbeing-service,SIN CONTEXTO PROGRAMATICO,SIN CONTEXTO PROGRAMATICO,,
UCL,14,mundo,2.4.4,5effbb,6,div.row > div.base-card > div.base-card__container > a.link,Possible hint of dark matter recorded,https://www.ucl.ac.uk/news/2026/sep/possible-hint-dark-matte,SIN CONTEXTO PROGRAMATICO,SIN CONTEXTO PROGRAMATICO,,
UCL,14,mundo,2.4.4,5effbb,7,div.row > div.base-card > div.base-card__container > a.link,First patient in live AI-assisted sight-saving brain surgery,https://www.ucl.ac.uk/news/2026/aug/first-patient-live-ai-as,SIN CONTEXTO PROGRAMATICO,SIN CONTEXTO PROGRAMATICO,,
UCL,14,mundo,2.4.4,5effbb,8,div.row > div.base-card > div.base-card__container > a.link,Spy device detectors fail users most reliant on them,https://www.ucl.ac.uk/news/2026/aug/spy-device-detectors-fai,SIN CONTEXTO PROGRAMATICO,SIN CONTEXTO PROGRAMATICO,,
UCL,14,mundo,2.4.4,5effbb,9,div.row > div.card-link > div.card-link__content > a.link,More news,https://www.ucl.ac.uk/news/latest-news,SIN CONTEXTO PROGRAMATICO,SIN CONTEXTO PROGRAMATICO,,
UCL,14,mundo,2.4.4,5effbb,10,div.spotlight > div.row > div.spotlight__content > a.link,Find out more,https://www.ucl.ac.uk/news/2026/jun/ucl-ranked-8th-best-univ,SIN CONTEXTO PROGRAMATICO,SIN CONTEXTO PROGRAMATICO,,
UCL,14,mundo,2.4.4,5effbb,11,div.row > div.base-card > div.base-card__container > a.link,Novel treatment for motor neurone disease to be trialled in humans,https://www.ucl.ac.uk/news/2026/jul/novel-treatment-motor-ne,SIN CONTEXTO PROGRAMATICO,SIN CONTEXTO PROGRAMATICO,,
UCL,14,mundo,2.4.4,5effbb,12,div.row > div.base-card > div.base-card__container > a.link,Solar windows could harvest energy from sun and indoor light,https://www.ucl.ac.uk/news/2026/jul/solar-windows-could-harv,SIN CONTEXTO PROGRAMATICO,SIN CONTEXTO PROGRAMATICO,,
UCL,14,mundo,2.4.4,5effbb,13,div.row > div.base-card > div.base-card__container > a.link,CAR T-cell therapy shows early promise in severe lupus,https://www.ucl.ac.uk/news/2026/jun/car-t-cell-therapy-shows,SIN CONTEXTO PROGRAMATICO,SIN CONTEXTO PROGRAMATICO,,
UCL,14,mundo,2.4.4,5effbb,14,div.row > div.card-link > div.card-link__content > a.link,More UCL research discoveries,https://www.ucl.ac.uk/research/research-news,SIN CONTEXTO PROGRAMATICO,SIN CONTEXTO PROGRAMATICO,,
UCL,14,mundo,2.4.4,5effbb,15,div.spotlight > div.row > div.spotlight__content > a.link,Find out more,https://www.ucl.ac.uk/about/ucls-bicentenary,SIN CONTEXTO PROGRAMATICO,SIN CONTEXTO PROGRAMATICO,,
UCL,14,mundo,2.4.4,5effbb,16,div.row > div.whats-on__header-container > div.whats-on__header > a.link,More public events,https://www.ucl.ac.uk/events/all-events,SIN CONTEXTO PROGRAMATICO,SIN CONTEXTO PROGRAMATICO,,
UCL,14,mundo,2.4.4,5effbb,17,div.views-element-container > div.whats-on-item > div.whats-on-item__information > a.link,Saturday Studios in the Culture Lab,https://www.ucl.ac.uk/creative-cultural-industries/events/20,SIN CONTEXTO PROGRAMATICO,SIN CONTEXTO PROGRAMATICO,,
UCL,14,mundo,2.4.4,5effbb,18,div.views-element-container > div.whats-on-item > div.whats-on-item__information > a.link,Two Centuries Here: The UCL200 exhibition,https://www.ucl.ac.uk/about/events/2026/feb/two-centuries-he,SIN CONTEXTO PROGRAMATICO,SIN CONTEXTO PROGRAMATICO,,
UCL,14,mundo,2.4.4,5effbb,19,div.views-element-container > div.whats-on-item > div.whats-on-item__information > a.link,UCL200 Walking Tour,https://www.ucl.ac.uk/about/events/2026/mar/ucl200-walking-t,SIN CONTEXTO PROGRAMATICO,SIN CONTEXTO PROGRAMATICO,,
UCL,14,mundo,2.4.4,5effbb,20,div.row > div.base-card > div.base-card__container > a.link,UCL academics elected as Fellows of the Academy of Social Sciences,https://www.ucl.ac.uk/news/2026/sep/ucl-academics-elected-fe,SIN CONTEXTO PROGRAMATICO,SIN CONTEXTO PROGRAMATICO,,
UCL,14,mundo,2.4.4,5effbb,21,div.row > div.base-card > div.base-card__container > a.link,UCL academics awarded prestigious EU grants,https://www.ucl.ac.uk/news/2026/sep/ucl-academics-awarded-pr,SIN CONTEXTO PROGRAMATICO,SIN CONTEXTO PROGRAMATICO,,
UCL,14,mundo,2.4.4,5effbb,22,div.row > div.base-card > div.base-card__container > a.link,UCL academics awarded Royal Society prizes,https://www.ucl.ac.uk/news/2026/aug/ucl-academics-awarded-ro,SIN CONTEXTO PROGRAMATICO,SIN CONTEXTO PROGRAMATICO,,
UCL,14,mundo,2.4.4,5effbb,23,div.row > div.card-link > div.card-link__content > a.link,More about UCL community,https://www.ucl.ac.uk/about/our-people,SIN CONTEXTO PROGRAMATICO,SIN CONTEXTO PROGRAMATICO,,
UCL,14,mundo,2.4.4,5effbb,24,div.highlight-block > div.base-card > div.base-card__container > a.link,Faces of UCL,https://www.ucl.ac.uk/about/ucls-bicentenary/faces-ucl-podca,SIN CONTEXTO PROGRAMATICO,SIN CONTEXTO PROGRAMATICO,,
UCL,14,mundo,2.4.4,5effbb,25,div.highlight-block > div.base-card > div.base-card__container > a.link,The Bridge: A Disagreeing Well Podcast,https://www.ucl.ac.uk/about/disagreeing-well/the-bridge-podc,SIN CONTEXTO PROGRAMATICO,SIN CONTEXTO PROGRAMATICO,,
UCL,14,mundo,2.4.4,5effbb,26,div.highlight-block > div.base-card > div.base-card__container > a.link,Disruptive Voices Podcast,https://www.ucl.ac.uk/research-innovation/grand-challenges/i,SIN CONTEXTO PROGRAMATICO,SIN CONTEXTO PROGRAMATICO,,
UCL,14,mundo,2.4.4,5effbb,27,div.highlight-block > div.base-card > div.base-card__container > a.link,The Climate Podcast,https://www.ucl.ac.uk/research-innovation/themes/ucl-climate,SIN CONTEXTO PROGRAMATICO,SIN CONTEXTO PROGRAMATICO,,
UCL,14,mundo,2.4.4,5effbb,28,div.field > div.oembed-lazyload > div.ucl-privacy-placeholder > a.ucl-consent-gate__link,Open YouTube content in new tab,https://www.youtube.com/watch?v=jxYFg3ygMgk,SIN CONTEXTO PROGRAMATICO,SIN CONTEXTO PROGRAMATICO,,
UCL,14,mundo,2.4.4,5effbb,29,div.field > div.oembed-lazyload > div.ucl-privacy-placeholder > a.ucl-consent-gate__link,Open YouTube content in new tab,https://www.youtube.com/watch?v=fibAxF6t11o,SIN CONTEXTO PROGRAMATICO,SIN CONTEXTO PROGRAMATICO,,
UCL,14,mundo,2.4.4,5effbb,30,div.row > div.pre-footer-card > div.pre-footer-card__container > a.link,Top 10 in the World,https://www.ucl.ac.uk/about/excellence-and-impact/rankings,SIN CONTEXTO PROGRAMATICO,SIN CONTEXTO PROGRAMATICO,,
UCL,14,mundo,2.4.4,5effbb,31,div.row > div.pre-footer-card > div.pre-footer-card__container > a.link,1st in UK QS Sustainability,https://www.ucl.ac.uk/news/2025/nov/ucl-ranks-1st-uk-and-3rd,SIN CONTEXTO PROGRAMATICO,SIN CONTEXTO PROGRAMATICO,,
UCL,14,mundo,2.4.4,5effbb,32,div.row > div.pre-footer-card > div.pre-footer-card__container > a.link,UCL in 2025,https://www.ucl.ac.uk/news/2025/dec/ucl-2025-year-review,SIN CONTEXTO PROGRAMATICO,SIN CONTEXTO PROGRAMATICO,,
UCL,14,mundo,2.4.4,5effbb,33,div.footer__column > ul.menu > li.menu__item > a.menu__link,Bloomsbury Theatre and Studio,https://www.ucl.ac.uk/bloomsbury-theatre,Bloomsbury Theatre and Studio,,,
UCL,14,mundo,2.4.4,5effbb,34,div.footer__column > ul.menu > li.menu__item > a.menu__link,"Library, Museums and Collections",https://www.ucl.ac.uk/lccos/library-culture-collections-and-,"Library, Museums and Collections",,,
UCL,14,mundo,2.4.4,5effbb,35,div.footer__column > ul.menu > li.menu__item > a.menu__link,UCL Maps,https://www.ucl.ac.uk/maps,UCL Maps,,,
UCL,14,mundo,2.4.4,5effbb,36,div.footer__column > ul.menu > li.menu__item > a.menu__link,UCL Shop,https://studentsunionucl.org/shop,UCL Shop,,,
UCL,14,mundo,2.4.4,5effbb,37,div.footer__column > ul.menu > li.menu__item > a.menu__link,Contact UCL,https://www.ucl.ac.uk/about/contact-us,Contact UCL,,,
UCL,14,mundo,2.4.4,5effbb,38,div.footer__column > ul.menu > li.menu__item > a.menu__link,Accommodation,https://www.ucl.ac.uk/accommodation/,Accommodation,,,
UCL,14,mundo,2.4.4,5effbb,39,div.footer__column > ul.menu > li.menu__item > a.menu__link,Current Students,https://www.ucl.ac.uk/students/,Current Students,,,
UCL,14,mundo,2.4.4,5effbb,40,div.footer__column > ul.menu > li.menu__item > a.menu__link,Moodle,https://moodle.ucl.ac.uk/,Moodle,,,
UCL,14,mundo,2.4.4,5effbb,41,div.footer__column > ul.menu > li.menu__item > a.menu__link,Students' Union,https://studentsunionucl.org/,Students' Union,,,
UCL,14,mundo,2.4.4,5effbb,42,div.footer__column > ul.menu > li.menu__item > a.menu__link,Inside UCL,https://app.ucl.ac.uk/InsideUCL/,Inside UCL,,,
UCL,14,mundo,2.4.4,5effbb,43,div.footer__column > ul.menu > li.menu__item > a.menu__link,Staff Intranet,https://www.ucl.ac.uk/staff,Staff Intranet,,,
UCL,14,mundo,2.4.4,5effbb,44,div.footer__column > ul.menu > li.menu__item > a.menu__link,Work at UCL,https://www.ucl.ac.uk/work-at-ucl/,Work at UCL,,,
UCL,14,mundo,2.4.4,5effbb,45,div.footer__column > ul.menu > li.menu__item > a.menu__link,Human Resources,https://www.ucl.ac.uk/human-resources/,Human Resources,,,
UCL,14,mundo,2.4.4,5effbb,46,div.footer__information > address.footer__text > p.footer__paragraph > a.link,Telephone: +4 4 0 2 0 7 6 7 9 2 0 0 0,tel:+442076792000,Telephone: +44 (0) 20 7679 2000,,,
UCL,14,mundo,2.4.4,5effbb,47,div.social-menu > ul.social-menu > li.social-menu__item > a.social-menu__link,Link to Instagram,https://www.instagram.com/ucl/,Link to Instagram,,,
UCL,14,mundo,2.4.4,5effbb,48,div.social-menu > ul.social-menu > li.social-menu__item > a.social-menu__link,Link to LinkedIn,https://www.linkedin.com/school/university-college-london/,Link to LinkedIn,,,
UCL,14,mundo,2.4.4,5effbb,49,div.social-menu > ul.social-menu > li.social-menu__item > a.social-menu__link,Link to Youtube,https://www.youtube.com/ucltv,Link to Youtube,,,
UCL,14,mundo,2.4.4,5effbb,50,div.social-menu > ul.social-menu > li.social-menu__item > a.social-menu__link,Link to TikTok,https://www.tiktok.com/@uclofficial,Link to TikTok,,,
UCL,14,mundo,2.4.4,5effbb,51,div.social-menu > ul.social-menu > li.social-menu__item > a.social-menu__link,Link to Facebook,https://www.facebook.com/uclofficial,Link to Facebook,,,
UCL,14,mundo,2.4.4,5effbb,52,div.social-menu > ul.social-menu > li.social-menu__item > a.social-menu__link,Link to Bluesky,https://bsky.app/profile/ucl.ac.uk,Link to Bluesky,,,
UCL,14,mundo,2.4.4,5effbb,53,div.social-menu > ul.social-menu > li.social-menu__item > a.social-menu__link,Link to Threads,https://www.threads.com/@ucl,Link to Threads,,,
UCL,14,mundo,2.4.4,5effbb,54,div.social-menu > ul.social-menu > li.social-menu__item > a.social-menu__link,Link to Soundcloud,https://soundcloud.com/uclsound,Link to Soundcloud,,,
UCL,14,mundo,2.4.4,5effbb,55,footer.footer > div.container > div.footer__back-to-top > a.button,Back to top,#main-content,SIN CONTEXTO PROGRAMATICO,SIN CONTEXTO PROGRAMATICO,,
UCL,14,mundo,2.4.4,5effbb,56,div.footer__legal > ul.menu > li.menu__item > a.menu__link,Disclaimer,https://www.ucl.ac.uk/legal-services/disclaimer,Disclaimer,,,
UCL,14,mundo,2.4.4,5effbb,57,div.footer__legal > ul.menu > li.menu__item > a.menu__link,Freedom of Information,https://www.ucl.ac.uk/foi,Freedom of Information,,,
UCL,14,mundo,2.4.4,5effbb,58,div.footer__legal > ul.menu > li.menu__item > a.menu__link,Accessibility,https://www.ucl.ac.uk/accessibility,Accessibility,,,
UCL,14,mundo,2.4.4,5effbb,59,div.footer__legal > ul.menu > li.menu__item > a.menu__link,Cookies,https://www.ucl.ac.uk/home/cookies,Cookies,,,
UCL,14,mundo,2.4.4,5effbb,60,div.footer__legal > ul.menu > li.menu__item > a.menu__link,Privacy,https://www.ucl.ac.uk/legal-services/privacy,Privacy,,,
UCL,14,mundo,2.4.4,5effbb,61,div.footer__legal > ul.menu > li.menu__item > a.menu__link,Slavery statement,https://www.ucl.ac.uk/commercial-procurement/modern-day-slav,Slavery statement,,,
UCL,14,mundo,2.4.4,5effbb,62,div.footer__legal > ul.menu > li.menu__item > a.menu__link,Log in,/home/user/login,Log in,,,
UCL,14,mundo,2.4.4,5effbb,63,div.ucl-privacy-wrapper > div.ucl-privacy-banner__policy-section > p.ucl-privacy-banner__policy-inline > a.ucl-privacy-banner__policy-link,Open privacy policy in new tab: UCL privacy policy,https://www.ucl.ac.uk/legal-services/cookies,Privacy Policy: Learn more about how we handle your data and protect your privacy. UCL privacy policy,,,
UCL,14,mundo,2.4.4,fd3a94,10+15,div.spotlight > div.row > div.spotlight__content > a.link ; div.spotlight > div.row > div.spotlight__content > a.link,,,,,,
UCL,14,mundo,2.4.4,fd3a94,28+29,div.field > div.oembed-lazyload > div.ucl-privacy-placeholder > a.ucl-consent-gate__link ; div.field > div.oembed-lazyload > div.ucl-privacy-placeholder > a.ucl-consent-gate__link,,,,,,
Cornell,15,mundo,1.1.1,qt1vmo,10,div.marquee-mask > div.marquee > span.marquee-item > img.marquee-img,Matthew LeRoux talks with Bill Morse of Bottomland Farm at the East Hill Plaza Farmers’ Market.,mm.cornell.edu/photos/1280x720/441AEF88-CCD8-94A0-29118F715FF67A86.jpg,,,,
Cornell,15,mundo,1.1.1,qt1vmo,11,div.slide-mask > div.slideshow > a.grid-box > img.image-replace,Gautam Hans and Laura Riley.,omm.cornell.edu/photos/400x225/AE87A46B-F8D9-E3EE-7CEDF61EDF369CF1.jpg,,,,
Cornell,15,mundo,1.1.1,qt1vmo,12,div.slide-mask > div.slideshow > a.grid-box > img.image-replace,Visitors learning about birds at Migration Celebration.,omm.cornell.edu/photos/400x225/B0530151-A738-F9C9-6EC9481FD6F8CA01.jpg,,,,
Cornell,15,mundo,1.1.1,qt1vmo,23,a.socialmedia-grid-link > div.socialmedia-grid > div.socialmedia-item > img,"Cornell's Song of the Vowels statue, as seen through leafty trees with students walking along a path on the Cornell Arts",omm.cornell.edu/photos/360x360/073D2BCF-C7D7-34E9-3C24C512A67D0FAE.jpg,,,,
Cornell,15,mundo,1.1.1,qt1vmo,24,a.socialmedia-grid-link > div.socialmedia-grid > div.socialmedia-item > img,"A crowded lecture hall at Cornell University, with students paying close attention.",omm.cornell.edu/photos/360x360/074CA0F2-9EBB-5861-8946B5E244D81EA5.jpg,,,,
Cornell,15,mundo,1.1.1,qt1vmo,25,a.socialmedia-grid-link > div.socialmedia-grid > div.socialmedia-item > img,Cornellians attend class outside and are sitting in a circle. One individual in the middle is talking. A laptop can be s,omm.cornell.edu/photos/360x360/07591FDC-A274-7AFC-5429233D3D4BBE0E.jpg,,,,
Cornell,15,mundo,1.1.1,qt1vmo,26,a.socialmedia-grid-link > div.socialmedia-grid > div.socialmedia-item > img,"Cornellians walk along a path near Cornell's Ho Plaza, with Cornell's McGraw Tower seen in the distance.",omm.cornell.edu/photos/400x225/0767B630-A2F8-F79E-F984B5500B3DEE26.jpg,,,,
Cornell,15,mundo,1.1.1,qt1vmo,27,a.socialmedia-grid-link > div.socialmedia-grid > div.socialmedia-item > img,"Cornellians walk to class on a well-lit Cornell Arts Quad, with Cornell's Goldwin Smith Hall seen in the distance. A pro",omm.cornell.edu/photos/400x225/098C4C82-B343-E263-95549D1E187983DC.jpg,,,,
Cornell,15,mundo,1.1.1,qt1vmo,28,a.socialmedia-grid-link > div.socialmedia-grid > div.socialmedia-item > img,"As seen through flowering bushes, Cornellians walk along a path near the Cornell University College of Veterinary Medici",omm.cornell.edu/photos/360x360/08D506DA-B0CC-69E0-70F2971735C1E0E7.jpg,,,,
Cornell,15,mundo,1.1.1,qt1vmo,29,a.socialmedia-grid-link > div.socialmedia-grid > div.socialmedia-item > img,"A Cornellian sits on the stairs in front of Cornell's Bailey Hall, holding a clipboard while writing.",omm.cornell.edu/photos/360x360/078CAE08-E985-6ADA-5820E075329494FE.jpg,,,,
Cornell,15,mundo,1.1.1,qt1vmo,30,a.socialmedia-grid-link > div.socialmedia-grid > div.socialmedia-item > img,"A Cornell student and a Cornell professor are in deep conversation, discussing a satellite array that can be seen behind",omm.cornell.edu/photos/360x360/097B30A0-9244-E7CE-CAC72FE8C536E5BC.jpg,,,,
Cornell,15,mundo,1.1.1,qt1vmo,31,#campaignCoverImg,Ezra Cornell statue imposed over a red background in front of a large floating letter C (for Cornell). Text in the backg,https://www.cornell.edu/assets/images/campaign/ezra.jpg,,,,
Cornell,15,mundo,1.1.1,qt1vmo,32,li.ftr-item > div.ftr-item-campaign > a > img,To do he greatest good: The Campaign for Cornell University,https://media.univcomm.cornell.edu/photos/campaign/TDTGG.png,,,,
Northwestern,29,mundo,1.1.1,qt1vmo,2,div.news-callout > div.wrap > div.image > img,The Garage,https://www.northwestern.edu/images/news/2026/garage670.webp,,,,
Northwestern,29,mundo,1.1.1,qt1vmo,3,div.swiper-wrapper > div.swiper-slide > a > img,Lab work,https://www.northwestern.edu/images/news/2026/fossils550.webp,,,,
Northwestern,29,mundo,1.1.1,qt1vmo,4,div.swiper-wrapper > div.swiper-slide > a > img,The Q,https://www.northwestern.edu/images/news/2026/nylanova550.webp,,,,
Northwestern,29,mundo,1.1.1,qt1vmo,5,div.swiper-wrapper > div.swiper-slide > a > img,Laptop,https://www.northwestern.edu/images/news/2026/hiring550.webp,,,,
Northwestern,29,mundo,1.1.1,qt1vmo,6,div.swiper-wrapper > div.swiper-slide > a > img,Child,https://www.northwestern.edu/images/news/2026/autism550.webp,,,,
Northwestern,29,mundo,1.1.1,qt1vmo,7,div.swiper-wrapper > div.swiper-slide > a > img,Campus Reading Program,https://www.northwestern.edu/images/news/2026/vigil550.webp,,,,
Northwestern,29,mundo,1.1.1,qt1vmo,8,div.swiper-wrapper > div.swiper-slide > a > img,Thriving Planet,https://www.northwestern.edu/images/news/2026/tpi550.webp,,,,
Northwestern,29,mundo,1.1.1,qt1vmo,13,div.swiper-wrapper > div.swiper-slide > a > img,purple gloved hands pouring a solution into a glass bottle,western.edu/images/homepage/priorities/advance_the_biosciences_1x.webp,,,,
Northwestern,29,mundo,1.1.1,qt1vmo,14,div.swiper-wrapper > div.swiper-slide > a > img,two students studying looking at a laptop screen,www.northwestern.edu/images/homepage/priorities/data_analytics_1x.webp,,,,
Northwestern,29,mundo,1.1.1,qt1vmo,15,div.swiper-wrapper > div.swiper-slide > a > img,four students in a classroom working together,.edu/images/homepage/priorities/social_sciences_global_studies_1x.webp,,,,
Northwestern,29,mundo,1.1.1,qt1vmo,16,div.swiper-wrapper > div.swiper-slide > a > img,solar farm with solar panels,www.northwestern.edu/images/homepage/priorities/sustainability_1x.webp,,,,
Northwestern,29,mundo,1.1.1,qt1vmo,17,div.swiper-wrapper > div.swiper-slide > a > img,"orchestra performing with conductor, string instruments",estern.edu/images/homepage/priorities/creative_performing_arts_1x.webp,,,,
Northwestern,29,mundo,1.1.1,qt1vmo,18,div.swiper-wrapper > div.swiper-slide > a > img,professor teaching a class,/images/homepage/priorities/outstanding_educational_experience_1x.webp,,,,
Northwestern,29,mundo,1.1.1,qt1vmo,19,div.swiper-wrapper > div.swiper-slide > a > img,two women talking,rthwestern.edu/images/homepage/priorities/investment_employees_1x.webp,,,,
Northwestern,29,mundo,1.1.1,qt1vmo,20,div.swiper-wrapper > div.swiper-slide > a > img,students sitting outside on lawn chairs,northwestern.edu/images/homepage/priorities/resilient_students_1x.webp,,,,
Northwestern,29,mundo,1.1.1,qt1vmo,21,div.swiper-wrapper > div.swiper-slide > a > img,students talking in a party,mages/homepage/priorities/promote_access_opportunity_diversity_1x.webp,,,,
Northwestern,29,mundo,1.1.1,qt1vmo,22,div.swiper-wrapper > div.swiper-slide > a > img,four individuals from various NU departments talking on stage,ww.northwestern.edu/images/homepage/priorities/free_expression_1x.webp,,,,
Northwestern,29,mundo,1.1.1,qt1vmo,23,div.swiper-wrapper > div.swiper-slide > a > img,student athletes running on a soccer field,ges/homepage/priorities/enhance_the_student_athlete_experience_1x.webp,,,,
Northwestern,29,mundo,1.1.1,qt1vmo,24,div.swiper-slide > div.wrap > div.image > img,Northwestern soccer players Nigel Prince and Reesebl Mayer in black jerseys,homepage/explore/student_athletes_nigel_prince_and_reese_mayer_1x.webp,,,,
Northwestern,29,mundo,1.1.1,qt1vmo,25,div.swiper-slide > div.wrap > div.image > img,a group of students  in front of Norris University Center smiling and cheering,https://www.northwestern.edu/images/homepage/explore/norris_1x.webp,,,,
Northwestern,29,mundo,1.1.1,qt1vmo,26,div.swiper-slide > div.wrap > div.image > img,people preparing colorful sailboats on a sandy beach.,://www.northwestern.edu/images/homepage/explore/sailing_center_1x.webp,,,,
Northwestern,29,mundo,1.1.1,qt1vmo,27,div.swiper-slide > div.wrap > div.image > img,"Greta Lee with dark hair and colorful makeup leans on her hands, framed by a vintage puppet theater.",/www.northwestern.edu/images/homepage/explore/alumna_greta_lee_1x.webp,,,,
Northwestern,29,mundo,1.1.1,qt1vmo,28,div.swiper-slide > div.wrap > div.image > img,students dancing in 2024 Dance Marathon,://www.northwestern.edu/images/homepage/explore/dance_marathon_1x.webp,,,,
Northwestern,29,mundo,1.1.1,qt1vmo,29,div.swiper-slide > div.wrap > div.image > img,lecture in the Block Museum of Art,ww.northwestern.edu/images/homepage/explore/block_museum_of_art_2.webp,,,,
Northwestern,29,mundo,1.1.1,qt1vmo,30,div.swiper-slide > div.wrap > div.image > img,Andrew Papachristos standing with arms crossed in front of a map,tern.edu/images/homepage/explore/professor_andrew_papachristos_1x.webp,,,,
Northwestern,29,mundo,1.1.1,qt1vmo,31,div.swiper-slide > div.wrap > div.image > img,two students smiling,northwestern.edu/images/homepage/explore/march_through_he_arch_1x.webp,,,,
Northwestern,29,mundo,1.1.1,qt1vmo,32,div.swiper-slide > div.wrap > div.image > img,two people in a room with a green screen. One wears a VR headset; the other holds a cable.,//www.northwestern.edu/images/homepage/explore/the_garage_600x400.webp,,,,
Northwestern,29,mundo,1.1.1,qt1vmo,33,section > div.social-media-cards > a.card > img,students being photographed holding up a first day of class sign,thwestern.edu/images/homepage/social/instagram-first-day-of-class.webp,,,,
Northwestern,29,mundo,1.1.1,qt1vmo,34,section > div.social-media-cards > a.card > img,students forming the Northwestern N and 2028 on a playing field,/www.northwestern.edu/images/homepage/social/facebook-class-photo.webp,,,,
Northwestern,29,mundo,1.1.1,qt1vmo,35,section > div.social-media-cards > a.card > img,lab worker handling a human brain,/www.northwestern.edu/images/homepage/social/linkedin-super-agers.webp,,,,
HKUST,58,mundo,1.1.1,qt1vmo,1,div.header__wrapper > div.header__logo > div.field > img,HKUST 35A,t/files/2026-01/Standard%2035A%20Logo%20-%20FC%20%28B%29%20English.png,,,,
HKUST,58,mundo,1.1.1,qt1vmo,2,div.header__wrapper > div.header__logo > div.field > img,HKUST 35A,t/files/2026-01/Standard%2035A%20Logo%20-%20FC%20%28B%29%20English.png,,,,
HKUST,58,mundo,1.1.1,qt1vmo,3,div.header__wrapper > div.header__logo > div.field > img,HKUST 35A,t/files/2026-01/Standard%2035A%20Logo%20-%20FC%20%28W%29%20English.png,,,,
HKUST,58,mundo,1.1.1,qt1vmo,4,div.header__wrapper > div.header__logo > div.field > img,HKUST 35A,t/files/2026-01/Standard%2035A%20Logo%20-%20FC%20%28W%29%20English.png,,,,
HKUST,58,mundo,1.1.1,qt1vmo,12,div.home-slider__slide > div.home-slider__slide--background > picture > img,HKUST 35A KV,hkust.edu.hk/sites/default/files/2026-07/GECO_35A_KV%20banner02-01.jpg,,,,
HKUST,58,mundo,1.1.1,qt1vmo,13,div.home-slider__slide > div.home-slider__slide--background > picture > img,"Prof. Bert SHI, Antonino COSTA and Jeff KWAN",https://hkust.edu.hk/sites/default/files/2026-09/HKPFS%20-%20EN.jpg,,,,
HKUST,58,mundo,1.1.1,qt1vmo,14,div.home-slider__slide > div.home-slider__slide--background > picture > img,HKUST ranks #33 worldwide in QS World University Rankings 2027,ites/default/files/2026-06/QS%20-%20Web%20Banner%20Jun%202027_EN_0.jpg,,,,
HKUST,58,mundo,1.1.1,qt1vmo,15,div.home-slider__slide > div.home-slider__slide--background > picture > img,HKUST Hosts ,https://hkust.edu.hk/sites/default/files/2026-09/FUYY%20-%20EN.jpg,,,,
HKUST,58,mundo,1.1.1,qt1vmo,16,div.home-slider__slide > div.home-slider__slide--background > picture > img,HKUST Impact Ratings 2026,t/files/2026-06/Social%20-%20THE%20SIR%202026%201920%20x%201080-EN.jpg,,,,
HKUST,58,mundo,1.1.1,qt1vmo,17,div.home-slider__slide > div.home-slider__slide--background > picture > img,HKUST Charts a Roadmap for Agentic 7G AI-Powered Wireless Networks,https://hkust.edu.hk/sites/default/files/2026-09/7G%20-%20EN.jpg,,,,
HKUST,58,mundo,1.1.1,qt1vmo,18,div.home-slider__slide > div.home-slider__slide--background > picture > img,HKUST-Nurtured Startups Triumph at the HICOOL 2026 Global Entrepreneur Summit and Entrepreneurship Competition,https://hkust.edu.hk/sites/default/files/2026-08/HICOOL%20-%20EN.jpg,,,,
HKUST,58,mundo,1.1.1,qt1vmo,19,div.home-slider__slide > div.home-slider__slide--background > picture > img,https://hkust.edu.hk/news/hkust-receives-governments-approval-establishing-new-medical-school,27s%20Approval%20for%20Establishing%20a%20New%20Medical%20School_0.jpg,,,,
HKUST,58,mundo,1.1.1,qt1vmo,20,div.home-slider__slide > div.home-slider__slide--background > picture > img,Times Higher Education Global Employability University Ranking 2026,//hkust.edu.hk/sites/default/files/2025-11/QS%20Oct%20-%204%20EN_0.jpg,,,,
HKUST,58,mundo,1.1.1,qt1vmo,21,div.home-slider__slide > div.home-slider__slide--background > picture > img,HKUST Commences Preparations for NEW MEDICAL SCHOOL,https://hkust.edu.hk/sites/default/files/2025-11/NMS%203%20-%20EN.jpg,,,,
HKUST,58,mundo,1.1.1,qt1vmo,22,span.field-content > div.news-item > div.news-item__thumbnail > img.image-style-hkust-home-news,HKUST Launches Mandatory AI Common Core Program to Nurture Future Leaders Comprehensive Scholarships to Attract Top Tale,tyles/hkust_home_news/public/news/30887/Photo%201_10.jpg?itok=c3rFM8pL,,,,
HKUST,58,mundo,1.1.1,qt1vmo,23,span.field-content > div.news-item > div.news-item__thumbnail > img.image-style-hkust-home-news,HKUST-Nurtured Startups Triumph at the HICOOL 2026 Global Entrepreneur Summit and Entrepreneurship Competition,tyles/hkust_home_news/public/news/30923/Photo%201_13.jpg?itok=kf6AK6UP,,,,
HKUST,58,mundo,1.1.1,qt1vmo,24,span.field-content > div.news-item > div.news-item__thumbnail > img.image-style-hkust-home-news,"HKUST Tops Hong Kong Universities with More Than 1,000 HKPFS Recipients",styles/hkust_home_news/public/news/30933/Photo%201_2.jpg?itok=Thp3kLKf,,,,
HKUST,58,mundo,1.1.1,qt1vmo,25,div.home-ranking > div.home-ranking__wrapper > div.home-ranking__bg > img.home-ranking__bg--img,facts_bg,s/hkust_home_hero_banner/public/2025-02/Mask%20group.jpg?itok=w0l0Jo1L,,,,
HKUST,58,mundo,1.1.1,qt1vmo,26,div.paragraph > div.home-first > div.home-first__bg-image > img,hkust firsts background,s/hkust_home_hero_banner/public/2024-08/4V5A0496%201.png?itok=eV9ch5LF,,,,
HKUST,58,mundo,1.1.1,qt1vmo,27,div.home-first > div.home-first__wrapper > div.home-first__text-image > img,first,https://hkust.edu.hk/sites/default/files/2025-02/Our%20Firsts.svg,,,,
HKUST,58,mundo,1.1.1,qt1vmo,28,span.field-content > div.first-news-item > div.first-news-item__image > img.image-style-hkust-home-first,HKUST Develops World's First AI Slide-Free Pathology Imaging System,yles/hkust_home_first/public/news/30845/Photo%201_13.jpg?itok=NVsJDbrj,,,,
HKUST,58,mundo,1.1.1,qt1vmo,29,span.field-content > div.first-news-item > div.first-news-item__image > img.image-style-hkust-home-first,World’s First Lightweight High Resolution High Precision CO₂ and CH₄ Point Source Detector “MUSICO” Arrives at Tiangong ,s/hkust_home_first/public/news/30796/AGS_3923_edited.jpg?itok=NDDL_8O9,,,,
HKUST,58,mundo,1.1.1,qt1vmo,30,span.field-content > div.first-news-item > div.first-news-item__image > img.image-style-hkust-home-first,Photo 1,hkust_home_first/public/news/30783/Photo%201_final_3.jpg?itok=cZHbZ5tF,,,,
HKUST,58,mundo,1.1.1,qt1vmo,31,span.field-content > div.first-news-item > div.first-news-item__image > img.image-style-hkust-home-first,"Prof. Hu Wenqi (right), his postgraduate student Chen Xi (left), and other research team members at HKUST develop the wo",/styles/hkust_home_first/public/news/30748/Photo%201.jpg?itok=MycdsSlJ,,,,
HKUST,58,mundo,1.1.1,qt1vmo,32,span.field-content > div.first-news-item > div.first-news-item__image > img.image-style-hkust-home-first,group photo,yles/hkust_home_first/public/news/30667/Photo%201_11.jpg?itok=k4Zu-e9h,,,,
HKUST,58,mundo,1.1.1,qt1vmo,33,span.field-content > div.first-news-item > div.first-news-item__image > img.image-style-hkust-home-first,Dr. Shen Xinyi (center) holds his certified all-vacuum-deposited perovskite solar cell with Prof. Lin Yen-Hung (left) an,kust_home_first/public/news/30664/%E5%90%88%E7%85%A7.jpg?itok=cWiejZ-D,,,,
HKUST,58,mundo,1.1.1,qt1vmo,34,span.field-content > div.first-news-item > div.first-news-item__image > img.image-style-hkust-home-first,"HKUST Develops World’s First Sub-Zero Celsius Elastocaloric Green Freezer, Reshaping Freezing Industry with its Zero Emi",tyles/hkust_home_first/public/news/30622/Photo%201_5.jpg?itok=cpZaW71f,,,,
HKUST,58,mundo,1.1.1,qt1vmo,35,span.field-content > div.first-news-item > div.first-news-item__image > img.image-style-hkust-home-first,Deep-Sea Multi-Omics Resource Platform,/styles/hkust_home_first/public/news/30590/thumbnail.jpg?itok=lA839zDq,,,,
HKUST,58,mundo,1.1.1,qt1vmo,36,#Layer_1,.st0{fill:none;stroke:#CC9900;stroke-width:55;stroke-linecap:round;stroke-linejoin:round;} .st1{clip-path:url(#SVGID_000,,,,,
HKUST,58,mundo,1.1.1,qt1vmo,45,span.field-content > div.home-awards-item > div.home-awards-item__bg > img.home-awards__desktop-image,Prof. Minhua SHAO,tyles/hkust_our_faculty/public/awards/Prof_Minh_SHAO.jpg?itok=7o6csjRT,,,,
HKUST,58,mundo,1.1.1,qt1vmo,47,span.field-content > div.home-awards-item > div.home-awards-item__bg > img.home-awards__desktop-image,Dr. Ian VARELA SOARES,our_faculty/public/awards/ian_EASE_photo_2_crop-_0_0.jpg?itok=3GItaeX6,,,,
HKUST,58,mundo,1.1.1,qt1vmo,49,span.field-content > div.home-awards-item > div.home-awards-item__bg > img.home-awards__desktop-image,Ms. HOU Shiqin,/files/styles/hkust_our_faculty/public/awards/Shiqin.jpg?itok=ctam89ko,,,,
HKUST,58,mundo,1.1.1,qt1vmo,51,span.field-content > div.home-awards-item > div.home-awards-item__bg > img.home-awards__desktop-image,Prof. Junwei LIU,t_our_faculty/public/awards/PHYS_Liu_1080_x_1080_150.jpg?itok=Bikqo1MK,,,,
HKUST,58,mundo,1.1.1,qt1vmo,53,div.container > div.home-sustain__description > div.home-sustain__logo > img,sustainable development goals,hkust.edu.hk/sites/default/files/2024-03/sustainable%20development.png,,,,
HKUST,58,mundo,1.1.1,qt1vmo,54,div.home-sustain__slider--slide > div.home-sustain__item > div.home-sustain__item--bg > img,SDG 1,lt/files/styles/hkust_home_sdgs/public/2025-01/SDG_1.png?itok=iYthAnh8,,,,
HKUST,58,mundo,1.1.1,qt1vmo,55,div.home-sustain__slider--slide > div.home-sustain__item > div.home-sustain__item--bg > img,SDG 2,lt/files/styles/hkust_home_sdgs/public/2025-01/SDG_2.png?itok=SplxdFoI,,,,
HKUST,58,mundo,1.1.1,qt1vmo,56,div.home-sustain__slider--slide > div.home-sustain__item > div.home-sustain__item--bg > img,SDG 3,lt/files/styles/hkust_home_sdgs/public/2025-01/SDG_3.png?itok=_DUXi63o,,,,
HKUST,58,mundo,1.1.1,qt1vmo,57,div.home-sustain__slider--slide > div.home-sustain__item > div.home-sustain__item--bg > img,SDG 4,lt/files/styles/hkust_home_sdgs/public/2025-01/SDG_4.png?itok=WsN420ew,,,,
HKUST,58,mundo,1.1.1,qt1vmo,58,div.home-sustain__slider--slide > div.home-sustain__item > div.home-sustain__item--bg > img,SDG 5,lt/files/styles/hkust_home_sdgs/public/2025-01/SDG_5.png?itok=chbqC1xW,,,,
HKUST,58,mundo,1.1.1,qt1vmo,59,div.home-sustain__slider--slide > div.home-sustain__item > div.home-sustain__item--bg > img,SDG 6,lt/files/styles/hkust_home_sdgs/public/2025-01/SDG_6.png?itok=2Ks1dkYc,,,,
HKUST,58,mundo,1.1.1,qt1vmo,60,div.home-sustain__slider--slide > div.home-sustain__item > div.home-sustain__item--bg > img,SDG 7,lt/files/styles/hkust_home_sdgs/public/2025-01/SDG_7.png?itok=-LuSx0at,,,,
HKUST,58,mundo,1.1.1,qt1vmo,61,div.home-sustain__slider--slide > div.home-sustain__item > div.home-sustain__item--bg > img,SDG 9,lt/files/styles/hkust_home_sdgs/public/2025-01/SDG_9.png?itok=ov997cE7,,,,
HKUST,58,mundo,1.1.1,qt1vmo,62,div.home-sustain__slider--slide > div.home-sustain__item > div.home-sustain__item--bg > img,SDG 9,/files/styles/hkust_home_sdgs/public/2025-01/SDG_9_0.png?itok=2Y29XZJn,,,,
HKUST,58,mundo,1.1.1,qt1vmo,63,div.home-sustain__slider--slide > div.home-sustain__item > div.home-sustain__item--bg > img,SDG 10,t/files/styles/hkust_home_sdgs/public/2025-01/SDG_10.png?itok=hY80Xdck,,,,
HKUST,58,mundo,1.1.1,qt1vmo,64,div.home-sustain__slider--slide > div.home-sustain__item > div.home-sustain__item--bg > img,SDG 11,t/files/styles/hkust_home_sdgs/public/2025-01/SDG_11.png?itok=zXeat7f1,,,,
HKUST,58,mundo,1.1.1,qt1vmo,65,div.home-sustain__slider--slide > div.home-sustain__item > div.home-sustain__item--bg > img,SDG 12,t/files/styles/hkust_home_sdgs/public/2025-01/SDG_12.png?itok=fkpuIMTl,,,,
HKUST,58,mundo,1.1.1,qt1vmo,66,div.home-sustain__slider--slide > div.home-sustain__item > div.home-sustain__item--bg > img,SDG 13,t/files/styles/hkust_home_sdgs/public/2025-01/SDG_13.png?itok=b6C6jhTg,,,,
HKUST,58,mundo,1.1.1,qt1vmo,67,div.home-sustain__slider--slide > div.home-sustain__item > div.home-sustain__item--bg > img,SDG 14,t/files/styles/hkust_home_sdgs/public/2025-01/SDG_14.png?itok=ZLQJN4eG,,,,
HKUST,58,mundo,1.1.1,qt1vmo,68,div.home-sustain__slider--slide > div.home-sustain__item > div.home-sustain__item--bg > img,SDG 15,t/files/styles/hkust_home_sdgs/public/2025-01/SDG_15.png?itok=h-CAKY2s,,,,
HKUST,58,mundo,1.1.1,qt1vmo,69,div.home-sustain__slider--slide > div.home-sustain__item > div.home-sustain__item--bg > img,SDG 16,t/files/styles/hkust_home_sdgs/public/2025-01/SDG_16.png?itok=cg2GXyCm,,,,
HKUST,58,mundo,1.1.1,qt1vmo,70,div.home-sustain__slider--slide > div.home-sustain__item > div.home-sustain__item--bg > img,SDG 17,t/files/styles/hkust_home_sdgs/public/2025-01/SDG_17.png?itok=x1cToHLM,,,,
HKUST,58,mundo,1.1.1,qt1vmo,80,div.footer__privacy > div.footer__logo > div.field > img,HKUST,https://hkust.edu.hk/sites/default/files/2024-03/HKUST_logo_1.svg,,,,
HKUST,58,mundo,1.1.1,qt1vmo,81,div.footer__awards > a.footer__awards-image-link > div.footer__awards-image > img,usthk,https://hkust.edu.hk/sites/default/files/2025-01/ust.hk_Blue_EN.svg,,,,
HKUST,58,mundo,1.1.1,qt1vmo,82,div.footer__awards > a.footer__awards-image-link > div.footer__awards-image > img,Digital Accessibility Recognition Scheme,https://hkust.edu.hk/sites/default/files/2025-06/DARS-Elderly-Logo.svg,,,,
HKUST,58,mundo,1.1.1,qt1vmo,83,div.footer__awards > a.footer__awards-image-link > div.footer__awards-image > img,Digital Accessibility Recognition Scheme,https://hkust.edu.hk/sites/default/files/2025-06/DARS-Logo.svg,,,,
HKUST,58,mundo,1.1.1,qt1vmo,84,div.footer__awards > a.footer__awards-image-link > div.footer__awards-image > img,Caring Organization Award,https://hkust.edu.hk/sites/default/files/2024-03/award-2_1.svg,,,,
UNESUM,83,ecuador,1.1.1,qt1vmo,50,div.elementor-main-swiper > div.swiper-wrapper > div.swiper-slide > div.elementor-carousel-image,Movilidad Emovies 2026,,,,,
UNESUM,83,ecuador,1.1.1,qt1vmo,51,div.swiper-wrapper > div.swiper-slide > a > div.elementor-carousel-image,CalendarioAcademicoPI2026,,,,,
UNESUM,83,ecuador,1.1.1,qt1vmo,52,div.swiper-wrapper > div.swiper-slide > a > div.elementor-carousel-image,C.agropecuaria,,,,,
UNESUM,83,ecuador,1.1.1,qt1vmo,53,div.swiper-wrapper > div.swiper-slide > a > div.elementor-carousel-image,MovilidadUBE,,,,,
UNESUM,83,ecuador,1.1.1,qt1vmo,54,div.swiper-wrapper > div.swiper-slide > a > div.elementor-carousel-image,Clase ESPE 2026,,,,,
UNESUM,83,ecuador,1.1.1,qt1vmo,55,div.swiper-wrapper > div.swiper-slide > a > div.elementor-carousel-image,XII Seminario Cientifico,,,,,
UNESUM,83,ecuador,1.1.1,qt1vmo,56,div.swiper-wrapper > div.swiper-slide > a > div.elementor-carousel-image,Unochapeco Internacional,,,,,
UNESUM,83,ecuador,1.1.1,qt1vmo,57,div.swiper-wrapper > div.swiper-slide > a > div.elementor-carousel-image,Contador Ecuatoriano,,,,,
UNESUM,83,ecuador,1.1.1,qt1vmo,58,div.swiper-wrapper > div.swiper-slide > a > div.elementor-carousel-image,Taller Internacional-2,,,,,
UNESUM,83,ecuador,1.1.1,qt1vmo,59,div.elementor-main-swiper > div.swiper-wrapper > div.swiper-slide > div.elementor-carousel-image,Clases Espejo COIL,,,,,
UNESUM,83,ecuador,1.1.1,qt1vmo,60,div.swiper-wrapper > div.swiper-slide > a > div.elementor-carousel-image,Realcup2026-1,,,,,
UNESUM,83,ecuador,1.1.1,qt1vmo,61,div.swiper-wrapper > div.swiper-slide > a > div.elementor-carousel-image,Curso Unochapeco,,,,,
UNESUM,83,ecuador,1.1.1,qt1vmo,62,div.swiper-wrapper > div.swiper-slide > a > div.elementor-carousel-image,RERCIE,,,,,
UNESUM,83,ecuador,1.1.1,qt1vmo,63,div.swiper-wrapper > div.swiper-slide > a > div.elementor-carousel-image,II Edicion Galapagos,,,,,
UNESUM,83,ecuador,1.1.1,qt1vmo,64,div.swiper-wrapper > div.swiper-slide > a > div.elementor-carousel-image,Becas Unir,,,,,
UNESUM,83,ecuador,1.1.1,qt1vmo,65,div.swiper-wrapper > div.swiper-slide > a > div.elementor-carousel-image,UCAB VIRTUAL,,,,,
UNESUM,83,ecuador,1.1.1,qt1vmo,66,div.swiper-wrapper > div.swiper-slide > a > div.elementor-carousel-image,Corporacion Universitaria,,,,,
UNESUM,83,ecuador,1.1.1,qt1vmo,67,div.elementor-main-swiper > div.swiper-wrapper > div.swiper-slide > div.elementor-carousel-image,Movilidad Emovies 2026,,,,,
UNESUM,83,ecuador,1.1.1,qt1vmo,68,div.swiper-wrapper > div.swiper-slide > a > div.elementor-carousel-image,CalendarioAcademicoPI2026,,,,,
UNESUM,83,ecuador,1.1.1,qt1vmo,69,div.swiper-wrapper > div.swiper-slide > a > div.elementor-carousel-image,C.agropecuaria,,,,,
UNESUM,83,ecuador,1.1.1,qt1vmo,70,div.swiper-wrapper > div.swiper-slide > a > div.elementor-carousel-image,MovilidadUBE,,,,,
IAEN,96,ecuador,2.4.4,5effbb,1,html > body.home > a.hfe-skip-link,Ir al contenido principal,#content,SIN CONTEXTO PROGRAMATICO,SIN CONTEXTO PROGRAMATICO,,
IAEN,96,ecuador,2.4.4,5effbb,2,div.elementor-widget-container > div.elementor-social-icons-wrapper > span.elementor-grid-item > a.elementor-icon,Facebook,https://www.facebook.com/IAENUniversidad,SIN CONTEXTO PROGRAMATICO,SIN CONTEXTO PROGRAMATICO,,
IAEN,96,ecuador,2.4.4,5effbb,3,div.elementor-widget-container > div.elementor-social-icons-wrapper > span.elementor-grid-item > a.elementor-icon,Youtube,https://www.youtube.com/channel/UCKTEbUe5uui3uPa2T86g2Og,SIN CONTEXTO PROGRAMATICO,SIN CONTEXTO PROGRAMATICO,,
IAEN,96,ecuador,2.4.4,5effbb,4,div.elementor-widget-container > div.elementor-social-icons-wrapper > span.elementor-grid-item > a.elementor-icon,Tiktok,https://www.tiktok.com/@iaenuniversidad?_t=zm-8te1jfqcfjm&_r,SIN CONTEXTO PROGRAMATICO,SIN CONTEXTO PROGRAMATICO,,
IAEN,96,ecuador,2.4.4,5effbb,5,div.elementor-widget-container > div.elementor-social-icons-wrapper > span.elementor-grid-item > a.elementor-icon,X-twitter,https://x.com/IAENUniversidad,SIN CONTEXTO PROGRAMATICO,SIN CONTEXTO PROGRAMATICO,,
IAEN,96,ecuador,2.4.4,5effbb,6,div.elementor-widget-container > div.elementor-social-icons-wrapper > span.elementor-grid-item > a.elementor-icon,Instagram,https://www.instagram.com/iaenuniversidad/,SIN CONTEXTO PROGRAMATICO,SIN CONTEXTO PROGRAMATICO,,
IAEN,96,ecuador,2.4.4,5effbb,7,div.elementor-widget-container > div.elementor-social-icons-wrapper > span.elementor-grid-item > a.elementor-icon,Linkedin,https://ec.linkedin.com/company/iaenuniversidad,SIN CONTEXTO PROGRAMATICO,SIN CONTEXTO PROGRAMATICO,,
IAEN,96,ecuador,2.4.4,5effbb,8,div.elementor-slides-wrapper > div.swiper-wrapper > div.elementor-repeater-item-7348986 > a.swiper-slide-inner,Clic aquí,https://www.iaen.edu.ec/salud-publica/,SIN CONTEXTO PROGRAMATICO,SIN CONTEXTO PROGRAMATICO,,
IAEN,96,ecuador,2.4.4,5effbb,9,div.elementor-slides-wrapper > div.swiper-wrapper > div.elementor-repeater-item-28e30bd > a.swiper-slide-inner,Oferta Académica 2026Conoce en profundidad nuestros programas de formaciónClic a,https://www.iaen.edu.ec/oferta/,SIN CONTEXTO PROGRAMATICO,SIN CONTEXTO PROGRAMATICO,,
IAEN,96,ecuador,2.4.4,5effbb,10,div.elementor-slides-wrapper > div.swiper-wrapper > div.elementor-repeater-item-66e72d1 > a.swiper-slide-inner,Clic aquí,https://revistas.iaen.edu.ec/index.php/estado_comunes,SIN CONTEXTO PROGRAMATICO,SIN CONTEXTO PROGRAMATICO,,
IAEN,96,ecuador,2.4.4,5effbb,11,div.elementor-slides-wrapper > div.swiper-wrapper > div.elementor-repeater-item-9f409f8 > a.swiper-slide-inner,Clic aquí,https://www.iaen.edu.ec/investigacion/,SIN CONTEXTO PROGRAMATICO,SIN CONTEXTO PROGRAMATICO,,
IAEN,96,ecuador,2.4.4,5effbb,12,div.elementor-slides-wrapper > div.swiper-wrapper > div.elementor-repeater-item-fa9fe69 > a.swiper-slide-inner,Clic aquí,https://www.iaen.edu.ec/servicios-de-bienestar-universitario,SIN CONTEXTO PROGRAMATICO,SIN CONTEXTO PROGRAMATICO,,
IAEN,96,ecuador,2.4.4,5effbb,13,div.elementor-slides-wrapper > div.swiper-wrapper > div.elementor-repeater-item-734851f > a.swiper-slide-inner,Clic aquí,https://www.iaen.edu.ec/iaen-en-medios/,SIN CONTEXTO PROGRAMATICO,SIN CONTEXTO PROGRAMATICO,,
IAEN,96,ecuador,2.4.4,5effbb,14,div.elementor-slides-wrapper > div.swiper-wrapper > div.elementor-repeater-item-09d4f9d > a.swiper-slide-inner,Clic aquí,https://www.iaen.edu.ec/oferta/,SIN CONTEXTO PROGRAMATICO,SIN CONTEXTO PROGRAMATICO,,
IAEN,96,ecuador,2.4.4,5effbb,15,div.elementor-widget-container > div > div > a,Ver más,https://www.iaen.edu.ec/audioweb/,SIN CONTEXTO PROGRAMATICO,SIN CONTEXTO PROGRAMATICO,,
IAEN,96,ecuador,2.4.4,fd3a94,8+10+11+12+13+14,div.elementor-slides-wrapper > div.swiper-wrapper > div.elementor-repeater-item-7348986 > a.swiper-slide-inner ; div.elementor-slides-wrapper > div.swiper-wrapper > div.elementor-repeater-item-66e72d1 > a.swiper-slide-inner ; div.elementor-slides-wrapper > div.swiper-wrapper > div.elementor-repeater-item-9f409f8 > a.swiper-slide-inner ; div.elementor-slides-wrapper > div.swiper-wrapper > div.elementor-repeater-item-fa9fe69 > a.swiper-slide-inner ; div.elementor-slides-wrapper > div.swiper-wrapper > div.elementor-repeater-item-734851f > a.swiper-slide-inner ; div.elementor-slides-wrapper > div.swiper-wrapper > div.elementor-repeater-item-09d4f9d > a.swiper-slide-inner,,,,,,
UPS,106,ecuador,1.1.1,qt1vmo,10,nav.nav-ups > div.ml-2 > a > img.nav-logo-img,logo ups,https://www.ups.edu.ec/documents/20121/50266/logoupscolor.svg,,,,
UPS,106,ecuador,1.1.1,qt1vmo,18,#ico_1,facebook,,,,,
UPS,106,ecuador,1.1.1,qt1vmo,19,#ico_2,instagram,,,,,
UPS,106,ecuador,1.1.1,qt1vmo,20,#ico_3,.a { fill: #fff; stroke-width: 0px; },,,,,
UPS,106,ecuador,1.1.1,qt1vmo,21,#ico_4,youtube,,,,,
UPS,106,ecuador,1.1.1,qt1vmo,22,#ico_5,linkedin,,,,,
UPS,106,ecuador,1.1.1,qt1vmo,23,#ico_6,pinterest copia,,,,,
UPS,106,ecuador,1.1.1,qt1vmo,64,div.col > div.card > a.undecoration > img.card-img-top,imagen tarjeta,https://www.ups.edu.ec/documents/20121/191172/ingresa+a+la+ups+2.png,,,,
UPS,106,ecuador,1.1.1,qt1vmo,65,div.col > div.card > a.undecoration > img.card-img-top,imagen tarjeta,https://www.ups.edu.ec/documents/20121/191172/oferta+de+grado.png,,,,
UPS,106,ecuador,1.1.1,qt1vmo,72,div.row > div.col-6 > a.animated-card > img.img-fluid,Reconocimiento de Times Higher Education que indica 2.º lugar en Ecuador en el World University Rankings Young 2024.,https://www.ups.edu.ec/documents/20121/2369543/THE+Young.jpg,,,,
UPS,106,ecuador,1.1.1,qt1vmo,73,div.row > div.col-6 > a.animated-card > img.img-fluid,Reconocimiento de Times Higher Education que indica 3.er lugar en Ecuador en el World University Rankings 2025.,.edu.ec/documents/20121/2369543/THE+World+University+Rankings+2025.jpg,,,,
UPS,106,ecuador,1.1.1,qt1vmo,74,div.row > div.col-6 > a.animated-card > img.img-fluid,Reconocimiento de Times Higher Education que indica 3.er lugar en Ecuador en el World University Rankings 2025.,ps.edu.ec/documents/20121/2369543/THE+By+Subject+-+Educacio%CC%81n.jpg,,,,
UPS,106,ecuador,1.1.1,qt1vmo,75,div.row > div.col-6 > a.animated-card > img.img-fluid,Reconocimiento de Times Higher Education que otorga medalla de bronce a nivel global en el Online Learning Rankings 2024,https://www.ups.edu.ec/documents/20121/2369543/Bronce+Online+Rank.jpg,,,,
UPS,106,ecuador,1.1.1,qt1vmo,78,#Capa_1,.st0{fill:#003772;},,,,,
UPS,106,ecuador,1.1.1,qt1vmo,80,#Capa_1,.st0{fill:#003772;},,,,,
UPS,106,ecuador,1.1.1,qt1vmo,82,#Capa_1,.st0{fill:#003772;},,,,,
UPS,106,ecuador,1.1.1,qt1vmo,84,#Capa_1,.st0{fill:#003772;},,,,,
UPS,106,ecuador,1.1.1,qt1vmo,85,div.row > div.col-3 > a.w-100 > img.img-fluid,"INNOVACIÓN, TECNOLOGÍA Y TRABAJO EN EQUIPO MARCARON EL HACKATHON DE DESARROLLO",06/1009GYE-1.jpg/a4d3eb04-a869-843f-66d1-e0feebfa231b?imageThumbnail=1,,,,
UPS,106,ecuador,1.1.1,qt1vmo,86,#Capa_1,.st0{fill:#003772;},,,,,
UPS,106,ecuador,1.1.1,qt1vmo,87,div.row > div.col-3 > a.w-100 > img.img-fluid,La UPS Guayaquil reconoce la excelencia de sus estudiantes en el Programa de Distinción Académica,06/1008GYE-1.jpg/6f644250-410d-1df4-dbb4-6567b2bdec30?imageThumbnail=1,,,,
UPS,106,ecuador,1.1.1,qt1vmo,88,#Capa_1,.st0{fill:#003772;},,,,,
UPS,106,ecuador,1.1.1,qt1vmo,90,#Capa_1,.st0{fill:#003772;},,,,,
UPS,106,ecuador,1.1.1,qt1vmo,92,#Capa_1,.st0{fill:#003772;},,,,,
UPS,106,ecuador,1.1.1,qt1vmo,93,div.row > div.col-3 > a.w-100 > img.img-fluid,La UPS lidera el medallero general de los IV Juegos Deportivos Nacionales Universitarios e Institutos de Educación Super,099/463UPS-1.png/e836bf07-fa62-5fb0-3213-56f6eee55725?imageThumbnail=1,,,,
UPS,106,ecuador,1.1.1,qt1vmo,94,#Capa_1,.st0{fill:#003772;},,,,,
UPS,106,ecuador,1.1.1,qt1vmo,96,#Capa_1,.st0{fill:#003772;},,,,,
UPS,106,ecuador,1.1.1,qt1vmo,97,div.row > div.col-3 > a.w-100 > img.img-fluid,1. Rector de la UPS hace la entrega al director de carrera Arquitectura,09/1268CUE-1.jpg/01c0a1c3-4900-bc88-283d-7a2e2e8e0504?imageThumbnail=1,,,,
UPS,106,ecuador,1.1.1,qt1vmo,98,#Capa_1,.st0{fill:#003772;},,,,,
UPS,106,ecuador,1.1.1,qt1vmo,100,#Capa_1,.st0{fill:#003772;},,,,,
UPS,106,ecuador,1.1.1,qt1vmo,102,#Capa_1,.st0{fill:#003772;},,,,,
UPS,106,ecuador,1.1.1,qt1vmo,104,#Capa_1,.st0{fill:#003772;},,,,,
UPS,106,ecuador,1.1.1,qt1vmo,121,div.mx-auto > a.d-block > span.text-center > img.mx-auto,Afiche Intercolegial de Teatro,0de%20teatro.jpg/14245b79-b959-433b-40e4-12c42452ae60?imageThumbnail=1,,,,
UPS,106,ecuador,1.1.1,qt1vmo,123,div.mx-auto > a.d-block > span.text-center > img.mx-auto,Afiche del Intercolegial de Danza - “UPS Dance Fest”,20de%20danza.jpg/4eafd341-1228-2671-a3c2-563ba592e1f4?imageThumbnail=1,,,,
UPS,106,ecuador,1.1.1,qt1vmo,124,div.mx-auto > a.d-block > span.text-center > img.mx-auto,1er Concurso Intercolegial de Teatro,0de%20teatro.jpg/b4aeb5f2-4b09-dd21-deb0-4f99d3681f7f?imageThumbnail=1,,,,
UPS,106,ecuador,1.1.1,qt1vmo,153,a.undecoration > div.col-6 > div.ups-slider > img.w-100,Edificio del Rectorado de la Universidad Politécnica Salesiana con el logotipo UPS en la fachada.,https://www.ups.edu.ec/documents/20121/90875/rectorado.jpg,,,,
UPS,106,ecuador,1.1.1,qt1vmo,154,a.undecoration > div.col-6 > div.ups-slider > img.w-100,Edificio del Rectorado de la Universidad Politécnica Salesiana con el logotipo UPS en la fachada.,https://www.ups.edu.ec/documents/20121/191172/sede+cuenca.png,,,,
UPS,106,ecuador,1.1.1,qt1vmo,155,a.undecoration > div.col-6 > div.ups-slider > img.w-100,Edificio de la sede Quito de la Universidad Politécnica Salesiana con un mural artístico en la fachada.,72/sede+quito.png/c305dd90-dae8-760b-f4f6-caa9ab6d2215?t=1618069908247,,,,
UPS,106,ecuador,1.1.1,qt1vmo,156,a.undecoration > div.col-6 > div.ups-slider > img.w-100,Edificio de la sede Quito de la Universidad Politécnica Salesiana con un mural artístico en la fachada.,https://www.ups.edu.ec/documents/20121/50296/gye.jpg,,,,
UPS,106,ecuador,1.1.1,qt1vmo,157,#ico_1,facebook,,,,,
UPS,106,ecuador,1.1.1,qt1vmo,158,#ico_2,instagram,,,,,
UPS,106,ecuador,1.1.1,qt1vmo,159,#ico_3,.a { fill: #fff; stroke-width: 0px; },,,,,
UPS,106,ecuador,1.1.1,qt1vmo,160,#ico_4,youtube,,,,,
UPS,106,ecuador,1.1.1,qt1vmo,161,#ico_5,linkedin,,,,,
UPS,106,ecuador,1.1.1,qt1vmo,162,#ico_6,pinterest copia,,,,,
UPS,106,ecuador,1.1.1,qt1vmo,163,div.row > div.col-12 > a.bg-blue > svg,ius,,,,,
UPS,106,ecuador,1.1.1,qt1vmo,164,div.row > div.col-12 > a.bg-blue > svg,universia,,,,,
ECOTEC,124,ecuador,1.1.1,qt1vmo,4,section.brxe-section > div.brxe-container > a.brxe-logo > img.bricks-site-logo,Universidad Tecnológica ECOTEC,.edu.ec/wp-content/uploads/2026/05/logo-ecotec-actualizado-768x242.png,,,,
ECOTEC,124,ecuador,1.1.1,qt1vmo,11,#brxe-cjzhan,Reconocimiento QS Stars de Universidad ECOTEC,://ecotec.edu.ec/wp-content/uploads/2026/02/qs-logo-white-768x274.webp,,,,
ECOTEC,124,ecuador,1.1.1,qt1vmo,12,#brxe-lceyro,Reconocimiento Times Higher Education de Universidad ECOTEC,//ecotec.edu.ec/wp-content/uploads/2026/02/the-logo-white-768x397.webp,,,,
ECOTEC,124,ecuador,1.1.1,qt1vmo,13,#brxe-qvkomt,World University Rankings América y el Caribe,ec.edu.ec/wp-content/uploads/2026/02/innovatec-logo-white-768x251.webp,,,,
ECOTEC,124,ecuador,1.1.1,qt1vmo,14,#brxe-svibil,Pin de ubicación del campus Samborondón de la Universidad ECOTEC,ps://ecotec.edu.ec/wp-content/uploads/2026/03/isotipo-samborondon.webp,,,,
ECOTEC,124,ecuador,1.1.1,qt1vmo,15,#brxe-ckqzar,Marcador de ubicación del campus Guayaquil ECOTEC,ttps://ecotec.edu.ec/wp-content/uploads/2026/03/isotipo-guayaquil.webp,,,,
ECOTEC,124,ecuador,1.1.1,qt1vmo,16,#brxe-gnaqpk,Marcador de ubicación de campus universitario ECOTEC,https://ecotec.edu.ec/wp-content/uploads/2026/03/isotipo-costa.webp,,,,
ECOTEC,124,ecuador,1.1.1,qt1vmo,17,#brxe-peagnx,Icono de comillas decorativas,http://www.w3.org/2000/svg'%20viewBox='0%200%20400%20400'%3E%3C/svg%3E,,,,
ECOTEC,124,ecuador,1.1.1,qt1vmo,18,#brxe-hbtxfo,Icono de comillas decorativas,http://www.w3.org/2000/svg'%20viewBox='0%200%20400%20400'%3E%3C/svg%3E,,,,
ECOTEC,124,ecuador,1.1.1,qt1vmo,20,#brxe-wkwnqx,Inscripciones abiertas en el campus Samborondón de la Universidad ECOTEC,ttp://www.w3.org/2000/svg'%20viewBox='0%200%202048%20552'%3E%3C/svg%3E,,,,
ECOTEC,124,ecuador,1.1.1,qt1vmo,21,#brxe-xyevtr,World University Rankings América y el Caribe,http://www.w3.org/2000/svg'%20viewBox='0%200%20300%20107'%3E%3C/svg%3E,,,,
ECOTEC,124,ecuador,1.1.1,qt1vmo,22,#brxe-lifnxk,Times Higher Education America Rankings,ttp://www.w3.org/2000/svg'%20viewBox='0%200%201024%20550'%3E%3C/svg%3E,,,,
ECOTEC,124,ecuador,1.1.1,qt1vmo,23,#brxe-kottum,Innovatec TOP 3,ttp://www.w3.org/2000/svg'%20viewBox='0%200%201024%20335'%3E%3C/svg%3E,,,,
ECOTEC,124,ecuador,1.1.1,qt1vmo,24,#brxe-ivtvbj,Certificación EQUAA Quality Accreditation,http://www.w3.org/2000/svg'%20viewBox='0%200%20300%20145'%3E%3C/svg%3E,,,,
ECOTEC,124,ecuador,1.1.1,qt1vmo,25,#brxe-pbpzwb,Acreditación CLAEP Americano de Acreditación,'http://www.w3.org/2000/svg'%20viewBox='0%200%20300%2093'%3E%3C/svg%3E,,,,
ECOTEC,124,ecuador,1.1.1,qt1vmo,26,#brxe-wmsqnf,Logo CAC Consejo de Aseguramiento de la Calidad,'http://www.w3.org/2000/svg'%20viewBox='0%200%20300%2090'%3E%3C/svg%3E,,,,
ECOTEC,124,ecuador,1.1.1,qt1vmo,27,#brxe-toohnk,Universidad ECOTEC posicionada en el ranking UI GreenMetric en Ecuador,http://www.w3.org/2000/svg'%20viewBox='0%200%20648%20361'%3E%3C/svg%3E,,,,
ECOTEC,124,ecuador,1.1.1,qt1vmo,29,#brxe-uoznsf,Certificación ambiental Producción más limpia,http://www.w3.org/2000/svg'%20viewBox='0%200%20300%20233'%3E%3C/svg%3E,,,,
ECOTEC,124,ecuador,1.1.1,qt1vmo,30,#brxe-cmubev,QS Stars impacto medioambiental,http://www.w3.org/2000/svg'%20viewBox='0%200%20300%20233'%3E%3C/svg%3E,,,,
ECOTEC,124,ecuador,1.1.1,qt1vmo,31,#brxe-fqhrih,Certificación ambiental internacional EKOenergía,http://www.w3.org/2000/svg'%20viewBox='0%200%20300%20233'%3E%3C/svg%3E,,,,
ECOTEC,124,ecuador,1.1.1,qt1vmo,32,#brxe-gjzugl,Logo ECOTEC now,ttp://www.w3.org/2000/svg'%20viewBox='0%200%201012%20390'%3E%3C/svg%3E,,,,
ECOTEC,124,ecuador,1.1.1,qt1vmo,33,div.brxe-felzdi > div.brxe-zdjyle > div.brxe-vikugz > img.brxe-nhpivk,Icono de educación y formación académica,http://www.w3.org/2000/svg'%20viewBox='0%200%20500%20500'%3E%3C/svg%3E,,,,
ECOTEC,124,ecuador,1.1.1,qt1vmo,36,div.brxe-lxmfns > div.brxe-mrcicm > picture.brxe-tubjbe > img,Estudiantes ECOTEC durante ceremonia de concienciación sobre el autismo,tp://www.w3.org/2000/svg'%20viewBox='0%200%201536%201026'%3E%3C/svg%3E,,,,
ECOTEC,124,ecuador,1.1.1,qt1vmo,37,#brxe-fwdwqt,Logotipo oficial de la Universidad ECOTEC,.edu.ec/wp-content/uploads/2026/05/logo-ecotec-actualizado-768x242.png,,,,
ECOTEC,124,ecuador,1.1.1,qt1vmo,38,#brxe-zwffvh,Pin de ubicación del campus Samborondón de la Universidad ECOTEC,http://www.w3.org/2000/svg'%20viewBox='0%200%20105%20132'%3E%3C/svg%3E,,,,
ECOTEC,124,ecuador,1.1.1,qt1vmo,39,#brxe-bsmhju,Marcador de ubicación del campus Guayaquil ECOTEC,http://www.w3.org/2000/svg'%20viewBox='0%200%20105%20132'%3E%3C/svg%3E,,,,
ECOTEC,124,ecuador,1.1.1,qt1vmo,40,#brxe-vgvmku,Marcador de ubicación de campus universitario ECOTEC,http://www.w3.org/2000/svg'%20viewBox='0%200%20105%20132'%3E%3C/svg%3E,,,,
