fecha_hora	codigo	hoja	bloque	sitio	regla	resultado
2026-09-11T01:43:22	R04	111	001	ECOTEC	qt1vmo	cumple
2026-09-11T01:45:35	R04	111	002	ECOTEC	qt1vmo	cumple
2026-09-11T01:46:15	R04	111	003	ECOTEC	qt1vmo	cumple
2026-09-11T01:47:06	R04	111	004	ECOTEC	qt1vmo	cumple
2026-09-11T01:47:50	R04	111	005	ECOTEC	qt1vmo	cumple
2026-09-11T01:48:31	R04	111	006	ECOTEC	qt1vmo	cumple
2026-09-11T01:48:58	R04	111	007	ECOTEC	qt1vmo	cumple
2026-09-11T01:49:16	R04	111	008	ECOTEC	qt1vmo	cumple
2026-09-11T01:49:31	R04	111	009	ECOTEC	qt1vmo	cumple
2026-09-11T02:00:16	R04	111	010	ECOTEC	qt1vmo	cumple
2026-09-11T02:00:36	R04	111	011	ECOTEC	qt1vmo	cumple
2026-09-11T02:00:46	R04	111	012	ECOTEC	qt1vmo	cumple
2026-09-11T02:02:21	R04	111	013	ECOTEC	qt1vmo	cumple
2026-09-11T02:02:39	R04	111	014	ECOTEC	qt1vmo	cumple
2026-09-11T02:03:17	R04	111	015	ECOTEC	qt1vmo	cumple
2026-09-11T02:04:07	R04	111	016	ECOTEC	qt1vmo	cumple
2026-09-11T02:04:30	R04	111	017	ECOTEC	qt1vmo	cumple
2026-09-11T02:04:45	R04	111	018	ECOTEC	qt1vmo	cumple
2026-09-11T02:08:07	R04	111	019	ECOTEC	qt1vmo	cumple
2026-09-11T02:08:34	R04	111	020	ECOTEC	qt1vmo	cumple
2026-09-11T02:08:46	R04	111	021	ECOTEC	qt1vmo	cumple
2026-09-11T02:08:58	R04	111	022	ECOTEC	qt1vmo	cumple
2026-09-11T02:15:07	R04	111	023	ECOTEC	qt1vmo	cumple
2026-09-11T02:15:26	R04	111	024	ECOTEC	qt1vmo	cumple
2026-09-11T02:15:52	R04	111	025	ECOTEC	qt1vmo	cumple
2026-09-11T02:15:55	R04	111	026	ECOTEC	qt1vmo	cumple
2026-09-11T02:16:02	R04	111	027	ECOTEC	qt1vmo	cumple
2026-09-11T02:17:42	R04	111	028	HKUST	qt1vmo	falla
2026-09-11T02:18:07	R04	111	029	HKUST	qt1vmo	falla
2026-09-11T02:18:19	R04	111	030	HKUST	qt1vmo	falla
2026-09-11T02:18:29	R04	111	031	HKUST	qt1vmo	falla
2026-09-11T02:19:36	R04	111	032	HKUST	qt1vmo	falla
2026-09-11T02:21:27	R04	111	033	HKUST	qt1vmo	falla
2026-09-11T02:22:28	R04	111	034	HKUST	qt1vmo	cumple
2026-09-11T02:24:14	R04	111	035	HKUST	qt1vmo	falla
2026-09-11T02:25:00	R04	111	036	HKUST	qt1vmo	falla
2026-09-11T02:25:23	R04	111	037	HKUST	qt1vmo	cumple
2026-09-11T02:25:46	R04	111	038	HKUST	qt1vmo	cumple
2026-09-11T02:26:35	R04	111	039	HKUST	qt1vmo	falla
2026-09-11T02:27:30	R04	111	040	HKUST	qt1vmo	cumple
2026-09-11T02:27:41	R04	111	041	HKUST	qt1vmo	cumple
2026-09-11T02:31:20	R04	111	042	HKUST	qt1vmo	falla
2026-09-11T02:32:24	R04	111	043	HKUST	qt1vmo	cumple
2026-09-11T02:32:39	R04	111	044	HKUST	qt1vmo	cumple
2026-09-11T02:33:16	R04	111	045	HKUST	qt1vmo	falla
2026-09-11T02:35:27	R04	111	046	HKUST	qt1vmo	cumple
2026-09-11T02:37:11	R04	111	047	HKUST	qt1vmo	falla
2026-09-11T02:38:37	R04	111	048	HKUST	qt1vmo	falla
2026-09-11T02:41:01	R04	111	049	HKUST	qt1vmo	cumple
2026-09-11T02:41:32	R04	111	050	HKUST	qt1vmo	falla
2026-09-11T02:41:44	R04	111	051	HKUST	qt1vmo	cumple
2026-09-11T02:42:29	R04	111	052	HKUST	qt1vmo	falla
2026-09-11T02:42:58	R04	111	053	HKUST	qt1vmo	cumple
2026-09-11T02:45:07	R04	111	054	HKUST	qt1vmo	falla
2026-09-11T02:47:11	R04	111	055	HKUST	qt1vmo	cumple
2026-09-11T02:48:31	R04	111	056	HKUST	qt1vmo	falla
2026-09-11T02:48:42	R04	111	057	HKUST	qt1vmo	cumple
2026-09-11T02:49:47	R04	111	058	HKUST	qt1vmo	falla
2026-09-11T02:49:51	R04	111	059	HKUST	qt1vmo	cumple
2026-09-11T02:50:19	R04	111	060	HKUST	qt1vmo	falla
2026-09-11T02:50:47	R04	111	061	HKUST	qt1vmo	cumple
2026-09-11T03:31:52	R04	111	062	HKUST	qt1vmo	falla
2026-09-11T03:33:34	R04	111	063	HKUST	qt1vmo	falla
2026-09-11T03:34:35	R04	111	064	HKUST	qt1vmo	falla
2026-09-11T03:36:55	R04	111	065	HKUST	qt1vmo	falla
2026-09-11T03:37:55	R04	111	066	HKUST	qt1vmo	falla
2026-09-11T03:38:15	R04	111	067	HKUST	qt1vmo	falla
2026-09-11T03:38:47	R04	111	068	HKUST	qt1vmo	falla
2026-09-11T03:40:01	R04	111	069	HKUST	qt1vmo	falla
2026-09-11T03:41:09	R04	111	070	HKUST	qt1vmo	falla
2026-09-11T03:41:34	R04	111	071	HKUST	qt1vmo	falla
2026-09-11T03:42:00	R04	111	072	HKUST	qt1vmo	falla
2026-09-11T03:42:45	R04	111	073	HKUST	qt1vmo	falla
2026-09-11T03:43:29	R04	111	074	HKUST	qt1vmo	falla
2026-09-11T03:44:15	R04	111	075	HKUST	qt1vmo	falla
2026-09-11T03:44:49	R04	111	076	HKUST	qt1vmo	falla
2026-09-11T03:45:33	R04	111	077	HKUST	qt1vmo	falla
2026-09-11T03:46:39	R04	111	078	HKUST	qt1vmo	falla
2026-09-11T03:49:47	R04	244	001	Cornell	5effbb	falla
2026-09-11T03:50:53	R04	244	002	Cornell	5effbb	cumple
2026-09-11T03:51:45	R04	244	003	Cornell	5effbb	cumple
2026-09-11T03:53:08	R04	244	004	Cornell	5effbb	cumple
2026-09-11T03:53:40	R04	244	005	Cornell	5effbb	cumple
2026-09-11T03:54:23	R04	244	006	Cornell	5effbb	cumple
2026-09-11T03:54:52	R04	244	007	Cornell	5effbb	cumple
2026-09-11T03:55:00	R04	244	008	Cornell	5effbb	cumple
2026-09-11T03:55:11	R04	244	009	Cornell	5effbb	cumple
2026-09-11T03:55:20	R04	244	010	Cornell	5effbb	cumple
2026-09-11T03:55:37	R04	244	011	Cornell	5effbb	cumple
2026-09-11T03:56:25	R04	244	012	Cornell	5effbb	cumple
2026-09-11T03:58:22	R04	244	013	Cornell	5effbb	cumple
2026-09-11T03:59:07	R04	244	014	Cornell	5effbb	cumple
2026-09-11T03:59:28	R04	244	015	Cornell	5effbb	cumple
2026-09-11T03:59:36	R04	244	016	Cornell	5effbb	cumple
2026-09-11T04:00:00	R04	244	017	Cornell	5effbb	cumple
2026-09-11T04:00:13	R04	244	018	Cornell	5effbb	cumple
2026-09-11T04:01:57	R04	244	019	Cornell	5effbb	cumple
2026-09-11T04:02:51	R04	244	020	Cornell	5effbb	cumple
2026-09-11T04:03:12	R04	244	021	Cornell	5effbb	cumple
2026-09-11T04:03:51	R04	244	022	Cornell	5effbb	cumple
2026-09-11T04:04:17	R04	244	023	Cornell	5effbb	cumple
2026-09-11T04:04:45	R04	244	024	Cornell	5effbb	cumple
2026-09-11T04:05:02	R04	244	025	Cornell	5effbb	cumple
2026-09-11T04:05:11	R04	244	026	Cornell	5effbb	cumple
2026-09-11T04:05:23	R04	244	027	Cornell	5effbb	cumple
2026-09-11T04:05:31	R04	244	028	Cornell	5effbb	cumple
2026-09-11T04:05:45	R04	244	029	Cornell	5effbb	cumple
2026-09-11T04:05:56	R04	244	030	Cornell	5effbb	cumple
2026-09-11T04:10:20	R04	244	031	Cornell	5effbb	cumple
2026-09-11T04:10:47	R04	244	032	Cornell	5effbb	cumple
2026-09-11T04:11:58	R04	244	033	Cornell	5effbb	falla
2026-09-11T04:12:39	R04	244	034	Cornell	5effbb	falla
2026-09-11T04:13:28	R04	244	035	Cornell	5effbb	cumple
2026-09-11T04:13:48	R04	244	036	Cornell	5effbb	cumple
2026-09-11T04:14:00	R04	244	037	Cornell	5effbb	cumple
2026-09-11T04:14:11	R04	244	038	Cornell	5effbb	cumple
2026-09-11T04:14:21	R04	244	039	Cornell	5effbb	cumple
2026-09-11T04:14:30	R04	244	040	Cornell	5effbb	cumple
2026-09-11T04:14:35	R04	244	041	Cornell	5effbb	cumple
2026-09-11T04:14:38	R04	244	042	Cornell	5effbb	cumple
2026-09-11T04:14:41	R04	244	043	Cornell	5effbb	cumple
2026-09-11T04:14:44	R04	244	044	Cornell	5effbb	cumple
2026-09-11T04:14:49	R04	244	045	Cornell	5effbb	cumple
2026-09-11T04:14:52	R04	244	046	Cornell	5effbb	cumple
2026-09-11T04:14:55	R04	244	047	Cornell	5effbb	cumple
2026-09-11T04:14:58	R04	244	048	Cornell	5effbb	cumple
2026-09-11T04:15:00	R04	244	049	Cornell	5effbb	cumple
2026-09-11T04:15:39	R04	244	050	Cornell	fd3a94	cumple
2026-09-11T04:15:58	R04	244	051	UCL	5effbb	cumple
2026-09-11T04:16:09	R04	244	052	UCL	5effbb	cumple
2026-09-11T04:16:32	R04	244	053	UCL	5effbb	falla
2026-09-11T04:16:45	R04	244	054	UCL	5effbb	cumple
2026-09-11T04:17:37	R04	244	055	UCL	5effbb	cumple
2026-09-11T04:17:51	R04	244	056	UCL	5effbb	cumple
2026-09-11T04:17:57	R04	244	057	UCL	5effbb	cumple
2026-09-11T04:18:09	R04	244	058	UCL	5effbb	cumple
2026-09-11T04:18:22	R04	244	059	UCL	5effbb	cumple
2026-09-11T04:19:29	R04	244	060	UCL	5effbb	falla
2026-09-11T04:19:44	R04	244	061	UCL	5effbb	cumple
2026-09-11T04:20:00	R04	244	062	UCL	5effbb	cumple
2026-09-11T04:20:14	R04	244	063	UCL	5effbb	cumple
2026-09-11T04:20:23	R04	244	064	UCL	5effbb	cumple
2026-09-11T04:21:21	R04	244	065	UCL	5effbb	falla
2026-09-11T04:21:36	R04	244	066	UCL	5effbb	cumple
2026-09-11T04:23:02	R04	244	067	UCL	5effbb	cumple
2026-09-11T04:23:15	R04	244	068	UCL	5effbb	cumple
2026-09-11T04:23:27	R04	244	069	UCL	5effbb	cumple
2026-09-11T04:24:32	R04	244	070	UCL	5effbb	cumple
2026-09-11T04:24:39	R04	244	071	UCL	5effbb	cumple
2026-09-11T04:24:59	R04	244	072	UCL	5effbb	cumple
2026-09-11T04:25:09	R04	244	073	UCL	5effbb	cumple
2026-09-11T04:25:41	R04	244	074	UCL	5effbb	cumple
2026-09-11T04:26:23	R04	244	075	UCL	5effbb	cumple
2026-09-11T04:27:01	R04	244	076	UCL	5effbb	cumple
2026-09-11T04:27:10	R04	244	077	UCL	5effbb	cumple
2026-09-11T04:27:36	R04	244	078	UCL	5effbb	cumple
2026-09-11T04:27:43	R04	244	079	UCL	5effbb	cumple
2026-09-11T04:28:25	R04	244	080	UCL	5effbb	falla
2026-09-11T04:34:15	R04	244	081	UCL	5effbb	cumple
2026-09-11T04:34:24	R04	244	082	UCL	5effbb	cumple
2026-09-11T04:34:41	R04	244	083	UCL	5effbb	cumple
2026-09-11T04:34:57	R04	244	084	UCL	5effbb	cumple
2026-09-11T04:35:01	R04	244	085	UCL	5effbb	cumple
2026-09-11T04:35:04	R04	244	086	UCL	5effbb	cumple
2026-09-11T04:35:07	R04	244	087	UCL	5effbb	cumple
2026-09-11T04:35:11	R04	244	088	UCL	5effbb	cumple
2026-09-11T04:35:14	R04	244	089	UCL	5effbb	cumple
2026-09-11T04:35:18	R04	244	090	UCL	5effbb	cumple
2026-09-11T04:35:21	R04	244	091	UCL	5effbb	cumple
2026-09-11T04:35:23	R04	244	092	UCL	5effbb	cumple
2026-09-11T04:35:26	R04	244	093	UCL	5effbb	cumple
2026-09-11T04:35:32	R04	244	094	UCL	5effbb	cumple
2026-09-11T04:35:38	R04	244	095	UCL	5effbb	cumple
2026-09-11T04:35:46	R04	244	096	UCL	5effbb	cumple
2026-09-11T04:35:49	R04	244	097	UCL	5effbb	cumple
2026-09-11T04:35:52	R04	244	098	UCL	5effbb	cumple
2026-09-11T04:35:57	R04	244	099	UCL	5effbb	cumple
2026-09-11T04:36:00	R04	244	100	UCL	5effbb	cumple
2026-09-11T04:36:03	R04	244	101	UCL	5effbb	cumple
2026-09-11T04:36:07	R04	244	102	UCL	5effbb	cumple
2026-09-11T04:36:10	R04	244	103	UCL	5effbb	cumple
2026-09-11T04:36:14	R04	244	104	UCL	5effbb	cumple
2026-09-11T04:36:51	R04	244	105	UCL	5effbb	cumple
2026-09-11T04:36:58	R04	244	106	UCL	5effbb	cumple
2026-09-11T04:37:01	R04	244	107	UCL	5effbb	cumple
2026-09-11T04:37:04	R04	244	108	UCL	5effbb	cumple
2026-09-11T04:37:06	R04	244	109	UCL	5effbb	cumple
2026-09-11T04:37:09	R04	244	110	UCL	5effbb	cumple
2026-09-11T04:37:13	R04	244	111	UCL	5effbb	cumple
2026-09-11T04:37:15	R04	244	112	UCL	5effbb	cumple
2026-09-11T04:37:39	R04	244	113	UCL	5effbb	cumple
2026-09-11T04:39:11	R04	244	114	UCL	fd3a94	cumple
2026-09-11T04:42:31	R04	244	115	UCL	fd3a94	cumple
2026-09-11T04:44:46	R04	111	079	HKUST	qt1vmo	cumple
2026-09-11T04:45:43	R04	111	080	HKUST	qt1vmo	falla
2026-09-11T04:46:48	R04	111	081	HKUST	qt1vmo	cumple
2026-09-11T04:47:00	R04	111	082	HKUST	qt1vmo	cumple
2026-09-11T04:47:25	R04	111	083	HKUST	qt1vmo	cumple
2026-09-11T04:48:20	R04	111	084	UNESUM	qt1vmo	falla
2026-09-11T04:49:17	R04	111	085	UNESUM	qt1vmo	cumple
2026-09-11T04:50:29	R04	111	086	UNESUM	qt1vmo	falla
2026-09-11T04:51:28	R04	111	087	UNESUM	qt1vmo	falla
2026-09-11T04:51:55	R04	111	088	UNESUM	qt1vmo	falla
2026-09-11T04:53:33	R04	111	089	UNESUM	qt1vmo	falla
2026-09-11T04:54:24	R04	111	090	UNESUM	qt1vmo	falla
2026-09-11T04:54:53	R04	111	091	UNESUM	qt1vmo	falla
2026-09-11T04:55:38	R04	111	092	UNESUM	qt1vmo	falla
2026-09-11T04:59:24	R04	111	093	UNESUM	qt1vmo	falla
2026-09-11T05:00:56	R04	111	094	UNESUM	qt1vmo	falla
2026-09-11T05:01:50	R04	111	095	UNESUM	qt1vmo	falla
2026-09-11T05:18:36	R04	111	079	HKUST	qt1vmo	cumple
2026-09-11T05:19:01	R04	111	080	HKUST	qt1vmo	falla
2026-09-11T05:21:16	R04	111	084	UNESUM	qt1vmo	cumple
2026-09-11T05:22:08	R04	111	086	UNESUM	qt1vmo	falla
2026-09-11T05:22:41	R04	111	087	UNESUM	qt1vmo	cumple
2026-09-11T05:23:01	R04	111	088	UNESUM	qt1vmo	cumple
2026-09-11T05:24:21	R04	111	089	UNESUM	qt1vmo	falla
2026-09-11T05:25:16	R04	111	090	UNESUM	qt1vmo	cumple
2026-09-11T05:26:22	R04	111	091	UNESUM	qt1vmo	cumple
2026-09-11T05:26:51	R04	111	092	UNESUM	qt1vmo	cumple
2026-09-11T05:27:20	R04	111	093	UNESUM	qt1vmo	cumple
2026-09-11T05:27:54	R04	111	094	UNESUM	qt1vmo	falla
2026-09-11T05:28:06	R04	111	095	UNESUM	qt1vmo	cumple
2026-09-11T05:29:04	R04	111	096	UNESUM	qt1vmo	falla
2026-09-11T05:29:17	R04	111	097	UNESUM	qt1vmo	cumple
2026-09-11T05:29:59	R04	111	098	UNESUM	qt1vmo	falla
2026-09-11T05:30:15	R04	111	099	UNESUM	qt1vmo	cumple
2026-09-11T05:30:24	R04	111	100	UNESUM	qt1vmo	cumple
2026-09-11T05:32:58	R04	111	101	UNESUM	qt1vmo	falla
2026-09-11T05:35:15	R04	111	102	UNESUM	qt1vmo	falla
2026-09-11T05:35:45	R04	111	103	UNESUM	qt1vmo	cumple
2026-09-11T05:41:03	R04	111	104	UNESUM	qt1vmo	cumple
2026-09-11T05:42:34	R04	111	105	UNESUM	qt1vmo	falla
2026-09-11T05:43:24	R04	111	106	UNESUM	qt1vmo	cumple
2026-09-11T05:45:14	R04	111	107	UC Berkeley	qt1vmo	cumple
2026-09-11T05:45:24	R04	111	108	UC Berkeley	qt1vmo	cumple
2026-09-11T05:45:38	R04	111	109	UC Berkeley	qt1vmo	cumple
2026-09-11T05:46:11	R04	111	110	UC Berkeley	qt1vmo	cumple
2026-09-11T05:46:26	R04	111	111	UC Berkeley	qt1vmo	cumple
2026-09-11T05:46:48	R04	111	112	UC Berkeley	qt1vmo	cumple
2026-09-11T05:47:05	R04	111	113	UC Berkeley	qt1vmo	cumple
2026-09-11T05:47:17	R04	111	114	UC Berkeley	qt1vmo	cumple
2026-09-11T05:58:32	R04	111	115	Cornell	qt1vmo	cumple
2026-09-11T05:59:58	R04	111	116	Cornell	qt1vmo	cumple
2026-09-11T06:00:22	R04	111	117	Cornell	qt1vmo	cumple
2026-09-11T06:00:37	R04	111	118	Cornell	qt1vmo	cumple
2026-09-11T06:00:48	R04	111	119	Cornell	qt1vmo	cumple
2026-09-11T06:01:29	R04	111	120	Cornell	qt1vmo	cumple
2026-09-11T06:02:47	R04	111	121	Cornell	qt1vmo	cumple
2026-09-11T06:02:57	R04	111	122	UTI	qt1vmo	cumple
2026-09-11T06:03:53	R04	111	123	UTI	qt1vmo	falla
2026-09-11T06:04:59	R04	111	124	UTI	qt1vmo	falla
2026-09-11T06:05:26	R04	111	125	UTI	qt1vmo	cumple
2026-09-11T06:05:48	R04	111	126	UTI	qt1vmo	cumple
2026-09-11T06:06:13	R04	111	127	UTI	qt1vmo	cumple
2026-09-11T06:07:28	R04	111	128	Northwestern	qt1vmo	falla
2026-09-11T06:08:16	R04	111	129	Northwestern	qt1vmo	cumple
2026-09-11T06:09:51	R04	111	130	Northwestern	qt1vmo	falla
2026-09-11T06:10:24	R04	111	131	Northwestern	qt1vmo	cumple
2026-09-11T06:11:08	R04	111	132	Northwestern	qt1vmo	cumple
2026-09-11T06:11:46	R04	111	133	Northwestern	qt1vmo	cumple
2026-09-11T06:12:26	R04	111	134	Northwestern	qt1vmo	cumple
2026-09-11T06:12:51	R04	111	135	Northwestern	qt1vmo	cumple
2026-09-11T06:13:00	R04	111	136	Northwestern	qt1vmo	cumple
2026-09-11T06:13:09	R04	111	137	Northwestern	qt1vmo	cumple
2026-09-11T06:13:26	R04	111	138	Northwestern	qt1vmo	cumple
2026-09-11T06:13:40	R04	111	139	Northwestern	qt1vmo	cumple
2026-09-11T06:13:48	R04	111	140	Northwestern	qt1vmo	cumple
2026-09-11T06:13:56	R04	111	141	Northwestern	qt1vmo	cumple
2026-09-11T06:14:03	R04	111	142	Northwestern	qt1vmo	cumple
2026-09-11T06:14:15	R04	111	143	Northwestern	qt1vmo	cumple
2026-09-11T06:14:55	R04	111	144	Northwestern	qt1vmo	falla
2026-09-11T06:15:07	R04	111	145	Northwestern	qt1vmo	cumple
2026-09-11T06:16:19	R04	111	146	Northwestern	qt1vmo	cumple
2026-09-11T06:16:30	R04	111	147	Northwestern	qt1vmo	cumple
2026-09-11T06:16:43	R04	111	148	Northwestern	qt1vmo	cumple
2026-09-11T06:16:58	R04	111	149	Northwestern	qt1vmo	cumple
2026-09-11T06:17:09	R04	111	150	Northwestern	qt1vmo	cumple
2026-09-11T06:17:19	R04	111	151	Northwestern	qt1vmo	cumple
2026-09-11T06:17:38	R04	111	152	Northwestern	qt1vmo	cumple
2026-09-11T06:17:48	R04	111	153	Northwestern	qt1vmo	cumple
2026-09-11T06:17:55	R04	111	154	Northwestern	qt1vmo	cumple
2026-09-11T06:18:06	R04	111	155	Northwestern	qt1vmo	cumple
2026-09-11T06:18:21	R04	111	156	Northwestern	qt1vmo	cumple
2026-09-11T06:18:27	R04	111	157	Northwestern	qt1vmo	cumple
2026-09-11T06:18:47	R04	111	158	UPS	qt1vmo	cumple
2026-09-11T06:27:04	R04	111	159	UPS	qt1vmo	cumple
2026-09-11T06:27:08	R04	111	160	UPS	qt1vmo	cumple
2026-09-11T06:28:52	R04	111	161	UPS	qt1vmo	cumple
2026-09-11T06:28:57	R04	111	162	UPS	qt1vmo	cumple
2026-09-11T06:29:00	R04	111	163	UPS	qt1vmo	cumple
2026-09-11T06:29:49	R04	111	164	UPS	qt1vmo	falla
2026-09-11T06:30:54	R04	111	165	UPS	qt1vmo	falla
2026-09-11T06:31:04	R04	111	166	UPS	qt1vmo	falla
2026-09-11T06:31:30	R04	111	167	UPS	qt1vmo	cumple
2026-09-11T06:31:45	R04	111	168	UPS	qt1vmo	cumple
2026-09-11T06:31:55	R04	111	169	UPS	qt1vmo	cumple
2026-09-11T06:32:05	R04	111	170	UPS	qt1vmo	cumple
2026-09-11T06:34:15	R04	111	171	UPS	qt1vmo	falla
2026-09-11T06:35:58	R04	111	172	UPS	qt1vmo	falla
2026-09-11T06:36:16	R04	111	173	UPS	qt1vmo	falla
2026-09-11T06:36:32	R04	111	174	UPS	qt1vmo	falla
2026-09-11T06:37:16	R04	111	175	UPS	qt1vmo	falla
2026-09-11T06:37:33	R04	111	176	UPS	qt1vmo	falla
2026-09-11T06:39:25	R04	111	177	UPS	qt1vmo	falla
2026-09-11T06:39:32	R04	111	178	UPS	qt1vmo	falla
2026-09-11T06:39:47	R04	111	179	UPS	qt1vmo	falla
2026-09-11T06:39:51	R04	111	180	UPS	qt1vmo	falla
2026-09-11T06:40:22	R04	111	181	UPS	qt1vmo	falla
2026-09-11T06:40:32	R04	111	182	UPS	qt1vmo	falla
2026-09-11T06:40:42	R04	111	183	UPS	qt1vmo	falla
2026-09-11T06:41:17	R04	111	184	UPS	qt1vmo	cumple
2026-09-11T06:41:28	R04	111	185	UPS	qt1vmo	falla
2026-09-11T06:41:33	R04	111	186	UPS	qt1vmo	falla
2026-09-11T06:41:37	R04	111	187	UPS	qt1vmo	falla
2026-09-11T06:41:42	R04	111	188	UPS	qt1vmo	falla
2026-09-11T06:42:16	R04	111	189	UPS	qt1vmo	cumple
2026-09-11T06:42:34	R04	111	190	UPS	qt1vmo	cumple
2026-09-11T06:43:10	R04	111	191	UPS	qt1vmo	falla
2026-09-11T06:43:46	R04	111	192	UPS	qt1vmo	cumple
2026-09-11T06:44:05	R04	111	193	UPS	qt1vmo	cumple
2026-09-11T06:44:19	R04	111	194	UPS	qt1vmo	cumple
2026-09-11T06:44:30	R04	111	195	UPS	qt1vmo	cumple
2026-09-11T06:44:40	R04	111	196	UPS	qt1vmo	cumple
2026-09-11T06:44:43	R04	111	197	UPS	qt1vmo	cumple
2026-09-11T06:44:59	R04	111	198	UPS	qt1vmo	falla
2026-09-11T06:45:09	R04	111	199	UPS	qt1vmo	cumple
2026-09-11T06:45:12	R04	111	200	UPS	qt1vmo	cumple
2026-09-11T06:45:19	R04	111	201	UPS	qt1vmo	cumple
2026-09-11T06:57:57	R04	111	202	UPS	qt1vmo	falla
2026-09-11T06:59:15	R04	111	203	UPS	qt1vmo	falla
